target_id	set
OMDBv2.0_AA_G_NR100_000000013407	uncertain
OMDBv2.0_AA_G_NR100_000000451196	uncertain
OMDBv2.0_AA_G_NR100_000006615979	uncertain
OMDBv2.0_AA_G_NR100_000007088762	uncertain
OMDBv2.0_AA_G_NR100_000007088943	uncertain
OMDBv2.0_AA_G_NR100_000007484248	uncertain
OMDBv2.0_AA_G_NR100_000007774940	uncertain
OMDBv2.0_AA_G_NR100_000010090611	uncertain
OMDBv2.0_AA_G_NR100_000010158007	uncertain
OMDBv2.0_AA_G_NR100_000010553223	uncertain
OMDBv2.0_AA_G_NR100_000010906665	uncertain
OMDBv2.0_AA_G_NR100_000012946226	uncertain
OMDBv2.0_AA_G_NR100_000013063495	uncertain
OMDBv2.0_AA_G_NR100_000013069022	uncertain
OMDBv2.0_AA_G_NR100_000018538007	uncertain
OMDBv2.0_AA_G_NR100_000018583115	uncertain
OMDBv2.0_AA_G_NR100_000018865739	uncertain
OMDBv2.0_AA_G_NR100_000019068407	uncertain
OMDBv2.0_AA_G_NR100_000022144689	uncertain
OMDBv2.0_AA_G_NR100_000023035472	uncertain
OMDBv2.0_AA_G_NR100_000032961972	uncertain
OMDBv2.0_AA_G_NR100_000033406021	uncertain
OMDBv2.0_AA_G_NR100_000033435488	uncertain
OMDBv2.0_AA_G_NR100_000033698400	uncertain
OMDBv2.0_AA_G_NR100_000033848729	uncertain
OMDBv2.0_AA_G_NR100_000034920392	uncertain
OMDBv2.0_AA_G_NR100_000035592266	uncertain
OMDBv2.0_AA_G_NR100_000035924550	uncertain
OMDBv2.0_AA_G_NR100_000036222439	uncertain
OMDBv2.0_AA_G_NR100_000036477650	uncertain
OMDBv2.0_AA_G_NR100_000036618459	uncertain
OMDBv2.0_AA_G_NR100_000036744352	uncertain
OMDBv2.0_AA_G_NR100_000037074396	uncertain
OMDBv2.0_AA_G_NR100_000038278747	uncertain
OMDBv2.0_AA_G_NR100_000041184878	uncertain
OMDBv2.0_AA_G_NR100_000041185226	uncertain
OMDBv2.0_AA_G_NR100_000041185910	uncertain
OMDBv2.0_AA_G_NR100_000041187467	uncertain
OMDBv2.0_AA_G_NR100_000041187468	uncertain
OMDBv2.0_AA_G_NR100_000041187880	uncertain
OMDBv2.0_AA_G_NR100_000041189118	uncertain
OMDBv2.0_AA_G_NR100_000041220052	uncertain
OMDBv2.0_AA_G_NR100_000041676054	uncertain
OMDBv2.0_AA_G_NR100_000043543037	uncertain
OMDBv2.0_AA_G_NR100_000043584512	uncertain
OMDBv2.0_AA_G_NR100_000043701500	uncertain
OMDBv2.0_AA_G_NR100_000043711722	uncertain
OMDBv2.0_AA_G_NR100_000043712486	uncertain
OMDBv2.0_AA_G_NR100_000043713232	uncertain
OMDBv2.0_AA_G_NR100_000043713384	uncertain
OMDBv2.0_AA_G_NR100_000043714967	uncertain
OMDBv2.0_AA_G_NR100_000043715851	uncertain
OMDBv2.0_AA_G_NR100_000043715885	uncertain
OMDBv2.0_AA_G_NR100_000043769237	uncertain
OMDBv2.0_AA_G_NR100_000043819286	uncertain
OMDBv2.0_AA_G_NR100_000043888550	uncertain
OMDBv2.0_AA_G_NR100_000047975344	uncertain
OMDBv2.0_AA_G_NR100_000051102397	uncertain
OMDBv2.0_AA_G_NR100_000051102983	uncertain
OMDBv2.0_AA_G_NR100_000051771927	uncertain
OMDBv2.0_AA_G_NR100_000053821879	uncertain
OMDBv2.0_AA_G_NR100_000053863228	uncertain
OMDBv2.0_AA_G_NR100_000053863231	uncertain
OMDBv2.0_AA_G_NR100_000053864109	uncertain
OMDBv2.0_AA_G_NR100_000053864371	uncertain
OMDBv2.0_AA_G_NR100_000053866350	uncertain
OMDBv2.0_AA_G_NR100_000053866420	uncertain
OMDBv2.0_AA_G_NR100_000053889151	uncertain
OMDBv2.0_AA_G_NR100_000053889757	uncertain
OMDBv2.0_AA_G_NR100_000053889986	uncertain
OMDBv2.0_AA_G_NR100_000053927496	uncertain
OMDBv2.0_AA_G_NR100_000054022415	uncertain
OMDBv2.0_AA_G_NR100_000054514011	uncertain
OMDBv2.0_AA_G_NR100_000054866076	uncertain
OMDBv2.0_AA_G_NR100_000054867173	uncertain
OMDBv2.0_AA_G_NR100_000054867892	uncertain
OMDBv2.0_AA_G_NR100_000054868024	uncertain
OMDBv2.0_AA_G_NR100_000057104467	uncertain
OMDBv2.0_AA_G_NR100_000057745835	uncertain
OMDBv2.0_AA_G_NR100_000057861444	uncertain
OMDBv2.0_AA_G_NR100_000058432461	uncertain
OMDBv2.0_AA_G_NR100_000060086046	uncertain
OMDBv2.0_AA_G_NR100_000062205434	uncertain
OMDBv2.0_AA_G_NR100_000062300434	uncertain
OMDBv2.0_AA_G_NR100_000062776957	uncertain
OMDBv2.0_AA_G_NR100_000064489246	uncertain
OMDBv2.0_AA_G_NR100_000067311102	uncertain
OMDBv2.0_AA_G_NR100_000068464064	uncertain
OMDBv2.0_AA_G_NR100_000068826480	uncertain
OMDBv2.0_AA_G_NR100_000069009521	uncertain
OMDBv2.0_AA_G_NR100_000071657039	uncertain
OMDBv2.0_AA_G_NR100_000071657040	uncertain
OMDBv2.0_AA_G_NR100_000071673347	uncertain
OMDBv2.0_AA_G_NR100_000071758834	uncertain
OMDBv2.0_AA_G_NR100_000071758978	uncertain
OMDBv2.0_AA_G_NR100_000071758979	uncertain
OMDBv2.0_AA_G_NR100_000071786318	uncertain
OMDBv2.0_AA_G_NR100_000071786319	uncertain
OMDBv2.0_AA_G_NR100_000071889704	uncertain
OMDBv2.0_AA_G_NR100_000071890369	uncertain
OMDBv2.0_AA_G_NR100_000071926121	uncertain
OMDBv2.0_AA_G_NR100_000071926122	uncertain
OMDBv2.0_AA_G_NR100_000071926911	uncertain
OMDBv2.0_AA_G_NR100_000071975620	uncertain
OMDBv2.0_AA_G_NR100_000071976709	uncertain
OMDBv2.0_AA_G_NR100_000071976710	uncertain
OMDBv2.0_AA_G_NR100_000072114845	uncertain
OMDBv2.0_AA_G_NR100_000072114846	uncertain
OMDBv2.0_AA_G_NR100_000072117582	uncertain
OMDBv2.0_AA_G_NR100_000072360583	uncertain
OMDBv2.0_AA_G_NR100_000072360585	uncertain
OMDBv2.0_AA_G_NR100_000072361582	uncertain
OMDBv2.0_AA_G_NR100_000072437831	uncertain
OMDBv2.0_AA_G_NR100_000072439126	uncertain
OMDBv2.0_AA_G_NR100_000072442761	uncertain
OMDBv2.0_AA_G_NR100_000072442770	uncertain
OMDBv2.0_AA_G_NR100_000072444551	uncertain
OMDBv2.0_AA_G_NR100_000072679977	uncertain
OMDBv2.0_AA_G_NR100_000072679988	uncertain
OMDBv2.0_AA_G_NR100_000072679991	uncertain
OMDBv2.0_AA_G_NR100_000072780691	uncertain
OMDBv2.0_AA_G_NR100_000072781475	uncertain
OMDBv2.0_AA_G_NR100_000072896019	uncertain
OMDBv2.0_AA_G_NR100_000072982646	uncertain
OMDBv2.0_AA_G_NR100_000072982647	uncertain
OMDBv2.0_AA_G_NR100_000072984366	uncertain
OMDBv2.0_AA_G_NR100_000073116974	uncertain
OMDBv2.0_AA_G_NR100_000073116975	uncertain
OMDBv2.0_AA_G_NR100_000073118047	uncertain
OMDBv2.0_AA_G_NR100_000073356123	uncertain
OMDBv2.0_AA_G_NR100_000073356982	uncertain
OMDBv2.0_AA_G_NR100_000073409271	uncertain
OMDBv2.0_AA_G_NR100_000073410097	uncertain
OMDBv2.0_AA_G_NR100_000073410098	uncertain
OMDBv2.0_AA_G_NR100_000073419630	uncertain
OMDBv2.0_AA_G_NR100_000073419952	uncertain
OMDBv2.0_AA_G_NR100_000073436630	uncertain
OMDBv2.0_AA_G_NR100_000073544400	uncertain
OMDBv2.0_AA_G_NR100_000073545001	uncertain
OMDBv2.0_AA_G_NR100_000073637059	uncertain
OMDBv2.0_AA_G_NR100_000073637765	uncertain
OMDBv2.0_AA_G_NR100_000073667328	uncertain
OMDBv2.0_AA_G_NR100_000073667471	uncertain
OMDBv2.0_AA_G_NR100_000073668181	uncertain
OMDBv2.0_AA_G_NR100_000073747365	uncertain
OMDBv2.0_AA_G_NR100_000073747366	uncertain
OMDBv2.0_AA_G_NR100_000073749504	uncertain
OMDBv2.0_AA_G_NR100_000073788608	uncertain
OMDBv2.0_AA_G_NR100_000073790281	uncertain
OMDBv2.0_AA_G_NR100_000073897299	uncertain
OMDBv2.0_AA_G_NR100_000073897778	uncertain
OMDBv2.0_AA_G_NR100_000074111709	uncertain
OMDBv2.0_AA_G_NR100_000074225999	uncertain
OMDBv2.0_AA_G_NR100_000074226000	uncertain
OMDBv2.0_AA_G_NR100_000074227334	uncertain
OMDBv2.0_AA_G_NR100_000076924710	uncertain
OMDBv2.0_AA_G_NR100_000076952578	uncertain
OMDBv2.0_AA_G_NR100_000077362338	uncertain
OMDBv2.0_AA_G_NR100_000077673426	uncertain
OMDBv2.0_AA_G_NR100_000079058681	uncertain
OMDBv2.0_AA_G_NR100_000081982544	uncertain
OMDBv2.0_AA_G_NR100_000082046817	uncertain
OMDBv2.0_AA_G_NR100_000082306444	uncertain
OMDBv2.0_AA_G_NR100_000082462921	uncertain
OMDBv2.0_AA_G_NR100_000097754053	uncertain
OMDBv2.0_AA_G_NR100_000097754446	uncertain
OMDBv2.0_AA_G_NR100_000097754804	uncertain
OMDBv2.0_AA_G_NR100_000097854518	uncertain
OMDBv2.0_AA_G_NR100_000098038371	uncertain
OMDBv2.0_AA_G_NR100_000098133353	uncertain
OMDBv2.0_AA_G_NR100_000098133720	uncertain
OMDBv2.0_AA_G_NR100_000098251780	uncertain
OMDBv2.0_AA_G_NR100_000098397572	uncertain
OMDBv2.0_AA_G_NR100_000098397957	uncertain
OMDBv2.0_AA_G_NR100_000098475781	uncertain
OMDBv2.0_AA_G_NR100_000098477038	uncertain
OMDBv2.0_AA_G_NR100_000098667215	uncertain
OMDBv2.0_AA_G_NR100_000098668219	uncertain
OMDBv2.0_AA_G_NR100_000098794917	uncertain
OMDBv2.0_AA_G_NR100_000098795836	uncertain
OMDBv2.0_AA_G_NR100_000098889079	uncertain
OMDBv2.0_AA_G_NR100_000099137534	uncertain
OMDBv2.0_AA_G_NR100_000099341304	uncertain
OMDBv2.0_AA_G_NR100_000099538854	uncertain
OMDBv2.0_AA_G_NR100_000099538855	uncertain
OMDBv2.0_AA_G_NR100_000099599517	uncertain
OMDBv2.0_AA_G_NR100_000099600019	uncertain
OMDBv2.0_AA_G_NR100_000099646462	uncertain
OMDBv2.0_AA_G_NR100_000099646614	uncertain
OMDBv2.0_AA_G_NR100_000099862940	uncertain
OMDBv2.0_AA_G_NR100_000099862941	uncertain
OMDBv2.0_AA_G_NR100_000099864861	uncertain
OMDBv2.0_AA_G_NR100_000100005863	uncertain
OMDBv2.0_AA_G_NR100_000100005958	uncertain
OMDBv2.0_AA_G_NR100_000100006239	uncertain
OMDBv2.0_AA_G_NR100_000100148765	uncertain
OMDBv2.0_AA_G_NR100_000100150267	uncertain
OMDBv2.0_AA_G_NR100_000100268015	uncertain
OMDBv2.0_AA_G_NR100_000100269187	uncertain
OMDBv2.0_AA_G_NR100_000100269750	uncertain
OMDBv2.0_AA_G_NR100_000100425681	uncertain
OMDBv2.0_AA_G_NR100_000100425740	uncertain
OMDBv2.0_AA_G_NR100_000100451865	uncertain
OMDBv2.0_AA_G_NR100_000100454856	uncertain
OMDBv2.0_AA_G_NR100_000100787313	uncertain
OMDBv2.0_AA_G_NR100_000100788467	uncertain
OMDBv2.0_AA_G_NR100_000100827608	uncertain
OMDBv2.0_AA_G_NR100_000101178016	uncertain
OMDBv2.0_AA_G_NR100_000101499630	uncertain
OMDBv2.0_AA_G_NR100_000101499631	uncertain
OMDBv2.0_AA_G_NR100_000101593332	uncertain
OMDBv2.0_AA_G_NR100_000104013453	uncertain
OMDBv2.0_AA_G_NR100_000104211107	uncertain
OMDBv2.0_AA_G_NR100_000105139437	uncertain
OMDBv2.0_AA_G_NR100_000105623775	uncertain
OMDBv2.0_AA_G_NR100_000105623789	uncertain
OMDBv2.0_AA_G_NR100_000105704609	uncertain
OMDBv2.0_AA_G_NR100_000105880011	uncertain
OMDBv2.0_AA_G_NR100_000105984077	uncertain
OMDBv2.0_AA_G_NR100_000105985144	uncertain
OMDBv2.0_AA_G_NR100_000107578039	uncertain
OMDBv2.0_AA_G_NR100_000108095140	uncertain
OMDBv2.0_AA_G_NR100_000108241898	uncertain
OMDBv2.0_AA_G_NR100_000109064404	uncertain
OMDBv2.0_AA_G_NR100_000109065064	uncertain
OMDBv2.0_AA_G_NR100_000109095925	uncertain
OMDBv2.0_AA_G_NR100_000109095926	uncertain
OMDBv2.0_AA_G_NR100_000109390048	uncertain
OMDBv2.0_AA_G_NR100_000109391724	uncertain
OMDBv2.0_AA_G_NR100_000109393065	uncertain
OMDBv2.0_AA_G_NR100_000109410256	uncertain
OMDBv2.0_AA_G_NR100_000109412017	uncertain
OMDBv2.0_AA_G_NR100_000109846146	uncertain
OMDBv2.0_AA_G_NR100_000110115986	uncertain
OMDBv2.0_AA_G_NR100_000110116600	uncertain
OMDBv2.0_AA_G_NR100_000110117607	uncertain
OMDBv2.0_AA_G_NR100_000110259494	uncertain
OMDBv2.0_AA_G_NR100_000110261712	uncertain
OMDBv2.0_AA_G_NR100_000111006886	uncertain
OMDBv2.0_AA_G_NR100_000111912241	uncertain
OMDBv2.0_AA_G_NR100_000115313224	uncertain
OMDBv2.0_AA_G_NR100_000115493877	uncertain
OMDBv2.0_AA_G_NR100_000115494340	uncertain
OMDBv2.0_AA_G_NR100_000115519483	uncertain
OMDBv2.0_AA_G_NR100_000115839227	uncertain
OMDBv2.0_AA_G_NR100_000115905408	uncertain
OMDBv2.0_AA_G_NR100_000115906573	uncertain
OMDBv2.0_AA_G_NR100_000116107526	uncertain
OMDBv2.0_AA_G_NR100_000116150931	uncertain
OMDBv2.0_AA_G_NR100_000116204691	uncertain
OMDBv2.0_AA_G_NR100_000116270123	uncertain
OMDBv2.0_AA_G_NR100_000116406090	uncertain
OMDBv2.0_AA_G_NR100_000116406384	uncertain
OMDBv2.0_AA_G_NR100_000116408772	uncertain
OMDBv2.0_AA_G_NR100_000116581253	uncertain
OMDBv2.0_AA_G_NR100_000116581419	uncertain
OMDBv2.0_AA_G_NR100_000116635101	uncertain
OMDBv2.0_AA_G_NR100_000116636228	uncertain
OMDBv2.0_AA_G_NR100_000116694663	uncertain
OMDBv2.0_AA_G_NR100_000116912476	uncertain
OMDBv2.0_AA_G_NR100_000116912762	uncertain
OMDBv2.0_AA_G_NR100_000117015390	uncertain
OMDBv2.0_AA_G_NR100_000117287671	uncertain
OMDBv2.0_AA_G_NR100_000117287828	uncertain
OMDBv2.0_AA_G_NR100_000117288917	uncertain
OMDBv2.0_AA_G_NR100_000117422366	uncertain
OMDBv2.0_AA_G_NR100_000117422390	uncertain
OMDBv2.0_AA_G_NR100_000117457027	uncertain
OMDBv2.0_AA_G_NR100_000117595385	uncertain
OMDBv2.0_AA_G_NR100_000117596425	uncertain
OMDBv2.0_AA_G_NR100_000117597164	uncertain
OMDBv2.0_AA_G_NR100_000117734200	uncertain
OMDBv2.0_AA_G_NR100_000117802542	uncertain
OMDBv2.0_AA_G_NR100_000117803231	uncertain
OMDBv2.0_AA_G_NR100_000117883595	uncertain
OMDBv2.0_AA_G_NR100_000117940005	uncertain
OMDBv2.0_AA_G_NR100_000117942911	uncertain
OMDBv2.0_AA_G_NR100_000117943506	uncertain
OMDBv2.0_AA_G_NR100_000118162623	uncertain
OMDBv2.0_AA_G_NR100_000118465885	uncertain
OMDBv2.0_AA_G_NR100_000118535462	uncertain
OMDBv2.0_AA_G_NR100_000118717796	uncertain
OMDBv2.0_AA_G_NR100_000118717797	uncertain
OMDBv2.0_AA_G_NR100_000119009101	uncertain
OMDBv2.0_AA_G_NR100_000119010067	uncertain
OMDBv2.0_AA_G_NR100_000119013361	uncertain
OMDBv2.0_AA_G_NR100_000119140813	uncertain
OMDBv2.0_AA_G_NR100_000119196727	uncertain
OMDBv2.0_AA_G_NR100_000119237177	uncertain
OMDBv2.0_AA_G_NR100_000119327357	uncertain
OMDBv2.0_AA_G_NR100_000119328048	uncertain
OMDBv2.0_AA_G_NR100_000119339127	uncertain
OMDBv2.0_AA_G_NR100_000119398702	uncertain
OMDBv2.0_AA_G_NR100_000119398703	uncertain
OMDBv2.0_AA_G_NR100_000119401288	uncertain
OMDBv2.0_AA_G_NR100_000119401748	uncertain
OMDBv2.0_AA_G_NR100_000119566557	uncertain
OMDBv2.0_AA_G_NR100_000119612831	uncertain
OMDBv2.0_AA_G_NR100_000119830726	uncertain
OMDBv2.0_AA_G_NR100_000120102579	uncertain
OMDBv2.0_AA_G_NR100_000120103054	uncertain
OMDBv2.0_AA_G_NR100_000120257794	uncertain
OMDBv2.0_AA_G_NR100_000120644670	uncertain
OMDBv2.0_AA_G_NR100_000120645238	uncertain
OMDBv2.0_AA_G_NR100_000120940130	uncertain
OMDBv2.0_AA_G_NR100_000120941624	uncertain
OMDBv2.0_AA_G_NR100_000120942476	uncertain
OMDBv2.0_AA_G_NR100_000121249660	uncertain
OMDBv2.0_AA_G_NR100_000121285272	uncertain
OMDBv2.0_AA_G_NR100_000121354675	uncertain
OMDBv2.0_AA_G_NR100_000121458336	uncertain
OMDBv2.0_AA_G_NR100_000121459544	uncertain
OMDBv2.0_AA_G_NR100_000121460178	uncertain
OMDBv2.0_AA_G_NR100_000121696263	uncertain
OMDBv2.0_AA_G_NR100_000121820323	uncertain
OMDBv2.0_AA_G_NR100_000121821317	uncertain
OMDBv2.0_AA_G_NR100_000121830004	uncertain
OMDBv2.0_AA_G_NR100_000121830276	uncertain
OMDBv2.0_AA_G_NR100_000121830754	uncertain
OMDBv2.0_AA_G_NR100_000122018768	uncertain
OMDBv2.0_AA_G_NR100_000122018858	uncertain
OMDBv2.0_AA_G_NR100_000122019827	uncertain
OMDBv2.0_AA_G_NR100_000122093673	uncertain
OMDBv2.0_AA_G_NR100_000122095066	uncertain
OMDBv2.0_AA_G_NR100_000122141279	uncertain
OMDBv2.0_AA_G_NR100_000122141831	uncertain
OMDBv2.0_AA_G_NR100_000122141937	uncertain
OMDBv2.0_AA_G_NR100_000122199061	uncertain
OMDBv2.0_AA_G_NR100_000122200373	uncertain
OMDBv2.0_AA_G_NR100_000122233957	uncertain
OMDBv2.0_AA_G_NR100_000122234133	uncertain
OMDBv2.0_AA_G_NR100_000122273476	uncertain
OMDBv2.0_AA_G_NR100_000122273790	uncertain
OMDBv2.0_AA_G_NR100_000122578042	uncertain
OMDBv2.0_AA_G_NR100_000122578099	uncertain
OMDBv2.0_AA_G_NR100_000122594329	uncertain
OMDBv2.0_AA_G_NR100_000122637550	uncertain
OMDBv2.0_AA_G_NR100_000122718996	uncertain
OMDBv2.0_AA_G_NR100_000122719588	uncertain
OMDBv2.0_AA_G_NR100_000123128160	uncertain
OMDBv2.0_AA_G_NR100_000123128361	uncertain
OMDBv2.0_AA_G_NR100_000123761874	uncertain
OMDBv2.0_AA_G_NR100_000123778281	uncertain
OMDBv2.0_AA_G_NR100_000123809186	uncertain
OMDBv2.0_AA_G_NR100_000123811477	uncertain
OMDBv2.0_AA_G_NR100_000123811759	uncertain
OMDBv2.0_AA_G_NR100_000123828871	uncertain
OMDBv2.0_AA_G_NR100_000123915835	uncertain
OMDBv2.0_AA_G_NR100_000123916143	uncertain
OMDBv2.0_AA_G_NR100_000123916206	uncertain
OMDBv2.0_AA_G_NR100_000124153434	uncertain
OMDBv2.0_AA_G_NR100_000124153705	uncertain
OMDBv2.0_AA_G_NR100_000124163876	uncertain
OMDBv2.0_AA_G_NR100_000124164943	uncertain
OMDBv2.0_AA_G_NR100_000124273796	uncertain
OMDBv2.0_AA_G_NR100_000124273797	uncertain
OMDBv2.0_AA_G_NR100_000124274104	uncertain
OMDBv2.0_AA_G_NR100_000124352351	uncertain
OMDBv2.0_AA_G_NR100_000124353425	uncertain
OMDBv2.0_AA_G_NR100_000124483955	uncertain
OMDBv2.0_AA_G_NR100_000124682897	uncertain
OMDBv2.0_AA_G_NR100_000124682899	uncertain
OMDBv2.0_AA_G_NR100_000124730667	uncertain
OMDBv2.0_AA_G_NR100_000124900712	uncertain
OMDBv2.0_AA_G_NR100_000124900714	uncertain
OMDBv2.0_AA_G_NR100_000127702058	uncertain
OMDBv2.0_AA_G_NR100_000127926477	uncertain
OMDBv2.0_AA_G_NR100_000129117370	uncertain
OMDBv2.0_AA_G_NR100_000130280505	uncertain
OMDBv2.0_AA_G_NR100_000130436290	uncertain
OMDBv2.0_AA_G_NR100_000130692486	uncertain
OMDBv2.0_AA_G_NR100_000130693295	uncertain
OMDBv2.0_AA_G_NR100_000130694060	uncertain
OMDBv2.0_AA_G_NR100_000130843308	uncertain
OMDBv2.0_AA_G_NR100_000130849493	uncertain
OMDBv2.0_AA_G_NR100_000131298534	uncertain
OMDBv2.0_AA_G_NR100_000131525159	uncertain
OMDBv2.0_AA_G_NR100_000132070500	uncertain
OMDBv2.0_AA_G_NR100_000132072155	uncertain
OMDBv2.0_AA_G_NR100_000136477901	uncertain
OMDBv2.0_AA_G_NR100_000136515376	uncertain
OMDBv2.0_AA_G_NR100_000137659485	uncertain
OMDBv2.0_AA_G_NR100_000137712144	uncertain
OMDBv2.0_AA_G_NR100_000138008998	uncertain
OMDBv2.0_AA_G_NR100_000138470011	uncertain
OMDBv2.0_AA_G_NR100_000139577856	uncertain
OMDBv2.0_AA_G_NR100_000139638378	uncertain
OMDBv2.0_AA_G_NR100_000139679122	uncertain
OMDBv2.0_AA_G_NR100_000139753017	uncertain
OMDBv2.0_AA_G_NR100_000139753277	uncertain
OMDBv2.0_AA_G_NR100_000140541918	uncertain
OMDBv2.0_AA_G_NR100_000140823244	uncertain
OMDBv2.0_AA_G_NR100_000141647974	uncertain
OMDBv2.0_AA_G_NR100_000143155092	uncertain
OMDBv2.0_AA_G_NR100_000144211022	uncertain
OMDBv2.0_AA_G_NR100_000144333361	uncertain
OMDBv2.0_AA_G_NR100_000144571297	uncertain
OMDBv2.0_AA_G_NR100_000145192217	uncertain
OMDBv2.0_AA_G_NR100_000145195155	uncertain
OMDBv2.0_AA_G_NR100_000145431560	uncertain
OMDBv2.0_AA_G_NR100_000145596328	uncertain
OMDBv2.0_AA_G_NR100_000145601075	uncertain
OMDBv2.0_AA_G_NR100_000146195944	uncertain
OMDBv2.0_AA_G_NR100_000146197308	uncertain
OMDBv2.0_AA_G_NR100_000146358181	uncertain
OMDBv2.0_AA_G_NR100_000146435761	uncertain
OMDBv2.0_AA_G_NR100_000146455659	uncertain
OMDBv2.0_AA_G_NR100_000146463245	uncertain
OMDBv2.0_AA_G_NR100_000146496539	uncertain
OMDBv2.0_AA_G_NR100_000146615061	uncertain
OMDBv2.0_AA_G_NR100_000146809199	uncertain
OMDBv2.0_AA_G_NR100_000146869394	uncertain
OMDBv2.0_AA_G_NR100_000147291490	uncertain
OMDBv2.0_AA_G_NR100_000147400825	uncertain
OMDBv2.0_AA_G_NR100_000147976234	uncertain
OMDBv2.0_AA_G_NR100_000148329001	uncertain
OMDBv2.0_AA_G_NR100_000148559772	uncertain
OMDBv2.0_AA_G_NR100_000148739328	uncertain
OMDBv2.0_AA_G_NR100_000149066232	uncertain
OMDBv2.0_AA_G_NR100_000149276540	uncertain
OMDBv2.0_AA_G_NR100_000149439571	uncertain
OMDBv2.0_AA_G_NR100_000149730620	uncertain
OMDBv2.0_AA_G_NR100_000149735010	uncertain
OMDBv2.0_AA_G_NR100_000150875087	uncertain
OMDBv2.0_AA_G_NR100_000151230126	uncertain
OMDBv2.0_AA_G_NR100_000151280093	uncertain
OMDBv2.0_AA_G_NR100_000151301286	uncertain
OMDBv2.0_AA_G_NR100_000151377098	uncertain
OMDBv2.0_AA_G_NR100_000151496250	uncertain
OMDBv2.0_AA_G_NR100_000151504373	uncertain
OMDBv2.0_AA_G_NR100_000152843949	uncertain
OMDBv2.0_AA_G_NR100_000152998003	uncertain
OMDBv2.0_AA_G_NR100_000153044274	uncertain
OMDBv2.0_AA_G_NR100_000155102681	uncertain
OMDBv2.0_AA_G_NR100_000155251055	uncertain
OMDBv2.0_AA_G_NR100_000155687105	uncertain
OMDBv2.0_AA_G_NR100_000156320408	uncertain
OMDBv2.0_AA_G_NR100_000156322478	uncertain
OMDBv2.0_AA_G_NR100_000157679172	uncertain
OMDBv2.0_AA_G_NR100_000159442233	uncertain
OMDBv2.0_AA_G_NR100_000159570196	uncertain
OMDBv2.0_AA_G_NR100_000159647645	uncertain
OMDBv2.0_AA_G_NR100_000160099602	uncertain
OMDBv2.0_AA_G_NR100_000160311745	uncertain
OMDBv2.0_AA_G_NR100_000160338775	uncertain
OMDBv2.0_AA_G_NR100_000160361993	uncertain
OMDBv2.0_AA_G_NR100_000162863457	uncertain
OMDBv2.0_AA_G_NR100_000163275511	uncertain
OMDBv2.0_AA_G_NR100_000165356260	uncertain
OMDBv2.0_AA_G_NR100_000165958730	uncertain
OMDBv2.0_AA_G_NR100_000167406597	uncertain
OMDBv2.0_AA_G_NR100_000167408735	uncertain
OMDBv2.0_AA_G_NR100_000167450941	uncertain
OMDBv2.0_AA_G_NR100_000169651035	uncertain
OMDBv2.0_AA_G_NR100_000170028882	uncertain
OMDBv2.0_AA_G_NR100_000170030177	uncertain
OMDBv2.0_AA_G_NR100_000170030801	uncertain
OMDBv2.0_AA_G_NR100_000170030802	uncertain
OMDBv2.0_AA_G_NR100_000170076997	uncertain
OMDBv2.0_AA_G_NR100_000170077663	uncertain
OMDBv2.0_AA_G_NR100_000170077863	uncertain
OMDBv2.0_AA_G_NR100_000170078038	uncertain
OMDBv2.0_AA_G_NR100_000170100522	uncertain
OMDBv2.0_AA_G_NR100_000170100855	uncertain
OMDBv2.0_AA_G_NR100_000170101709	uncertain
OMDBv2.0_AA_G_NR100_000170364450	uncertain
OMDBv2.0_AA_G_NR100_000170365211	uncertain
OMDBv2.0_AA_G_NR100_000170366169	uncertain
OMDBv2.0_AA_G_NR100_000170366170	uncertain
OMDBv2.0_AA_G_NR100_000170382027	uncertain
OMDBv2.0_AA_G_NR100_000170382216	uncertain
OMDBv2.0_AA_G_NR100_000170424044	uncertain
OMDBv2.0_AA_G_NR100_000170461710	uncertain
OMDBv2.0_AA_G_NR100_000170461719	uncertain
OMDBv2.0_AA_G_NR100_000170461721	uncertain
OMDBv2.0_AA_G_NR100_000170950233	uncertain
OMDBv2.0_AA_G_NR100_000171085668	uncertain
OMDBv2.0_AA_G_NR100_000171751409	uncertain
OMDBv2.0_AA_G_NR100_000172093303	uncertain
OMDBv2.0_AA_G_NR100_000172160167	uncertain
OMDBv2.0_AA_G_NR100_000172301005	uncertain
OMDBv2.0_AA_G_NR100_000172591514	uncertain
OMDBv2.0_AA_G_NR100_000173937639	uncertain
OMDBv2.0_AA_G_NR100_000174378777	uncertain
OMDBv2.0_AA_G_NR100_000174710787	uncertain
OMDBv2.0_AA_G_NR100_000174749326	uncertain
OMDBv2.0_AA_G_NR100_000174759863	uncertain
OMDBv2.0_AA_G_NR100_000174814502	uncertain
OMDBv2.0_AA_G_NR100_000174827449	uncertain
OMDBv2.0_AA_G_NR100_000174828897	uncertain
OMDBv2.0_AA_G_NR100_000174836416	uncertain
OMDBv2.0_AA_G_NR100_000175489352	uncertain
OMDBv2.0_AA_G_NR100_000175489537	uncertain
OMDBv2.0_AA_G_NR100_000175527226	uncertain
OMDBv2.0_AA_G_NR100_000176474640	uncertain
OMDBv2.0_AA_G_NR100_000176932375	uncertain
OMDBv2.0_AA_G_NR100_000177024752	uncertain
OMDBv2.0_AA_G_NR100_000178502003	uncertain
OMDBv2.0_AA_G_NR100_000178554164	uncertain
OMDBv2.0_AA_G_NR100_000178781740	uncertain
OMDBv2.0_AA_G_NR100_000178803404	uncertain
OMDBv2.0_AA_G_NR100_000178985645	uncertain
OMDBv2.0_AA_G_NR100_000179035028	uncertain
OMDBv2.0_AA_G_NR100_000179046987	uncertain
OMDBv2.0_AA_G_NR100_000180293181	uncertain
OMDBv2.0_AA_G_NR100_000180989816	uncertain
OMDBv2.0_AA_G_NR100_000181433075	uncertain
OMDBv2.0_AA_G_NR100_000181994234	uncertain
OMDBv2.0_AA_G_NR100_000182219778	uncertain
OMDBv2.0_AA_G_NR100_000182229107	uncertain
OMDBv2.0_AA_G_NR100_000184468102	uncertain
OMDBv2.0_AA_G_NR100_000186547620	uncertain
OMDBv2.0_AA_G_NR100_000187164299	uncertain
OMDBv2.0_AA_G_NR100_000189466453	uncertain
OMDBv2.0_AA_G_NR100_000190687810	uncertain
OMDBv2.0_AA_G_NR100_000191453344	uncertain
OMDBv2.0_AA_G_NR100_000191991821	uncertain
OMDBv2.0_AA_G_NR100_000195184296	uncertain
OMDBv2.0_AA_G_NR100_000195851891	uncertain
OMDBv2.0_AA_G_NR100_000196236001	uncertain
OMDBv2.0_AA_G_NR100_000196620687	uncertain
OMDBv2.0_AA_G_NR100_000197011156	uncertain
OMDBv2.0_AA_G_NR100_000198178110	uncertain
OMDBv2.0_AA_G_NR100_000198698057	uncertain
OMDBv2.0_AA_G_NR100_000198719619	uncertain
OMDBv2.0_AA_G_NR100_000198782176	uncertain
OMDBv2.0_AA_G_NR100_000198786625	uncertain
OMDBv2.0_AA_G_NR100_000199800005	uncertain
OMDBv2.0_AA_G_NR100_000200259327	uncertain
OMDBv2.0_AA_G_NR100_000204524282	uncertain
OMDBv2.0_AA_G_NR100_000205206817	uncertain
OMDBv2.0_AA_G_NR100_000206438929	uncertain
OMDBv2.0_AA_G_NR100_000206509739	uncertain
OMDBv2.0_AA_G_NR100_000208003899	uncertain
OMDBv2.0_AA_G_NR100_000208828936	uncertain
OMDBv2.0_AA_G_NR100_000208829826	uncertain
OMDBv2.0_AA_G_NR100_000208829858	uncertain
OMDBv2.0_AA_G_NR100_000210430271	uncertain
OMDBv2.0_AA_G_NR100_000210682374	uncertain
OMDBv2.0_AA_G_NR100_000211778674	uncertain
OMDBv2.0_AA_G_NR100_000213854891	uncertain
OMDBv2.0_AA_G_NR100_000215665666	uncertain
OMDBv2.0_AA_G_NR100_000216367052	uncertain
OMDBv2.0_AA_G_NR100_000217391653	uncertain
OMDBv2.0_AA_G_NR100_000217415592	uncertain
OMDBv2.0_AA_G_NR100_000217662247	uncertain
OMDBv2.0_AA_G_NR100_000217776629	uncertain
OMDBv2.0_AA_G_NR100_000218113895	uncertain
OMDBv2.0_AA_G_NR100_000218417001	uncertain
OMDBv2.0_AA_G_NR100_000218537902	uncertain
OMDBv2.0_AA_G_NR100_000219104540	uncertain
OMDBv2.0_AA_G_NR100_000219104720	uncertain
OMDBv2.0_AA_G_NR100_000219336338	uncertain
OMDBv2.0_AA_G_NR100_000219574014	uncertain
OMDBv2.0_AA_G_NR100_000219575498	uncertain
OMDBv2.0_AA_G_NR100_000219575657	uncertain
OMDBv2.0_AA_G_NR100_000219587542	uncertain
OMDBv2.0_AA_G_NR100_000219587543	uncertain
OMDBv2.0_AA_G_NR100_000220074528	uncertain
OMDBv2.0_AA_G_NR100_000220077298	uncertain
OMDBv2.0_AA_G_NR100_000220078614	uncertain
OMDBv2.0_AA_G_NR100_000220244954	uncertain
OMDBv2.0_AA_G_NR100_000224647127	uncertain
OMDBv2.0_AA_G_NR100_000225014858	uncertain
OMDBv2.0_AA_G_NR100_000225793822	uncertain
OMDBv2.0_AA_G_NR100_000226286266	uncertain
OMDBv2.0_AA_G_NR100_000226354360	uncertain
OMDBv2.0_AA_G_NR100_000226601188	uncertain
OMDBv2.0_AA_G_NR100_000226682097	uncertain
OMDBv2.0_AA_G_NR100_000226682100	uncertain
OMDBv2.0_AA_G_NR100_000226989725	uncertain
OMDBv2.0_AA_G_NR100_000227884172	uncertain
OMDBv2.0_AA_G_NR100_000228133088	uncertain
OMDBv2.0_AA_G_NR100_000228232413	uncertain
OMDBv2.0_AA_G_NR100_000229243707	uncertain
OMDBv2.0_AA_G_NR100_000229278311	uncertain
OMDBv2.0_AA_G_NR100_000229376285	uncertain
OMDBv2.0_AA_G_NR100_000230778508	uncertain
OMDBv2.0_AA_G_NR100_000230817241	uncertain
OMDBv2.0_AA_G_NR100_000231215413	uncertain
OMDBv2.0_AA_G_NR100_000231755283	uncertain
OMDBv2.0_AA_G_NR100_000232014967	uncertain
OMDBv2.0_AA_G_NR100_000232126372	uncertain
OMDBv2.0_AA_G_NR100_000232127376	uncertain
OMDBv2.0_AA_G_NR100_000232167913	uncertain
OMDBv2.0_AA_G_NR100_000233782335	uncertain
OMDBv2.0_AA_G_NR100_000234368249	uncertain
OMDBv2.0_AA_G_NR100_000235390982	uncertain
OMDBv2.0_AA_G_NR100_000236086924	uncertain
OMDBv2.0_AA_G_NR100_000236421512	uncertain
OMDBv2.0_AA_G_NR100_000236912997	uncertain
OMDBv2.0_AA_G_NR100_000237172810	uncertain
OMDBv2.0_AA_G_NR100_000237769429	uncertain
OMDBv2.0_AA_G_NR100_000238239030	uncertain
OMDBv2.0_AA_G_NR100_000244753550	uncertain
OMDBv2.0_AA_G_NR100_000244922697	uncertain
OMDBv2.0_AA_G_NR100_000244980876	uncertain
OMDBv2.0_AA_G_NR100_000245261106	uncertain
OMDBv2.0_AA_G_NR100_000246007748	uncertain
OMDBv2.0_AA_G_NR100_000246007752	uncertain
OMDBv2.0_AA_G_NR100_000246008371	uncertain
OMDBv2.0_AA_G_NR100_000246156707	uncertain
OMDBv2.0_AA_G_NR100_000246781863	uncertain
OMDBv2.0_AA_G_NR100_000247117023	uncertain
OMDBv2.0_AA_G_NR100_000249183603	uncertain
OMDBv2.0_AA_G_NR100_000000213808	positive_control
OMDBv2.0_AA_G_NR100_000000403122	positive_control
OMDBv2.0_AA_G_NR100_000000412451	positive_control
OMDBv2.0_AA_G_NR100_000000654670	positive_control
OMDBv2.0_AA_G_NR100_000000674830	positive_control
OMDBv2.0_AA_G_NR100_000000766010	positive_control
OMDBv2.0_AA_G_NR100_000000782495	positive_control
OMDBv2.0_AA_G_NR100_000001178489	positive_control
OMDBv2.0_AA_G_NR100_000001517940	positive_control
OMDBv2.0_AA_G_NR100_000001689956	positive_control
OMDBv2.0_AA_G_NR100_000001712376	positive_control
OMDBv2.0_AA_G_NR100_000001714158	positive_control
OMDBv2.0_AA_G_NR100_000001742538	positive_control
OMDBv2.0_AA_G_NR100_000001806359	positive_control
OMDBv2.0_AA_G_NR100_000001819139	positive_control
OMDBv2.0_AA_G_NR100_000001940942	positive_control
OMDBv2.0_AA_G_NR100_000003641284	positive_control
OMDBv2.0_AA_G_NR100_000005677577	positive_control
OMDBv2.0_AA_G_NR100_000006150688	positive_control
OMDBv2.0_AA_G_NR100_000006327702	positive_control
OMDBv2.0_AA_G_NR100_000006505075	positive_control
OMDBv2.0_AA_G_NR100_000007088861	positive_control
OMDBv2.0_AA_G_NR100_000007278635	positive_control
OMDBv2.0_AA_G_NR100_000007362768	positive_control
OMDBv2.0_AA_G_NR100_000007542054	positive_control
OMDBv2.0_AA_G_NR100_000007687304	positive_control
OMDBv2.0_AA_G_NR100_000007774940	positive_control
OMDBv2.0_AA_G_NR100_000008028140	positive_control
OMDBv2.0_AA_G_NR100_000008681059	positive_control
OMDBv2.0_AA_G_NR100_000008982201	positive_control
OMDBv2.0_AA_G_NR100_000009046897	positive_control
OMDBv2.0_AA_G_NR100_000009047258	positive_control
OMDBv2.0_AA_G_NR100_000009059668	positive_control
OMDBv2.0_AA_G_NR100_000009386669	positive_control
OMDBv2.0_AA_G_NR100_000011379241	positive_control
OMDBv2.0_AA_G_NR100_000011389893	positive_control
OMDBv2.0_AA_G_NR100_000011560332	positive_control
OMDBv2.0_AA_G_NR100_000012143185	positive_control
OMDBv2.0_AA_G_NR100_000013537294	positive_control
OMDBv2.0_AA_G_NR100_000013576874	positive_control
OMDBv2.0_AA_G_NR100_000016750382	positive_control
OMDBv2.0_AA_G_NR100_000018672390	positive_control
OMDBv2.0_AA_G_NR100_000019176620	positive_control
OMDBv2.0_AA_G_NR100_000019288491	positive_control
OMDBv2.0_AA_G_NR100_000019417395	positive_control
OMDBv2.0_AA_G_NR100_000019433625	positive_control
OMDBv2.0_AA_G_NR100_000022086261	positive_control
OMDBv2.0_AA_G_NR100_000022282580	positive_control
OMDBv2.0_AA_G_NR100_000022323242	positive_control
OMDBv2.0_AA_G_NR100_000022979397	positive_control
OMDBv2.0_AA_G_NR100_000023672856	positive_control
OMDBv2.0_AA_G_NR100_000024709170	positive_control
OMDBv2.0_AA_G_NR100_000024929755	positive_control
OMDBv2.0_AA_G_NR100_000024959524	positive_control
OMDBv2.0_AA_G_NR100_000027639459	positive_control
OMDBv2.0_AA_G_NR100_000033157405	positive_control
OMDBv2.0_AA_G_NR100_000034430900	positive_control
OMDBv2.0_AA_G_NR100_000034920289	positive_control
OMDBv2.0_AA_G_NR100_000035112905	positive_control
OMDBv2.0_AA_G_NR100_000035594806	positive_control
OMDBv2.0_AA_G_NR100_000035884265	positive_control
OMDBv2.0_AA_G_NR100_000035973312	positive_control
OMDBv2.0_AA_G_NR100_000036618138	positive_control
OMDBv2.0_AA_G_NR100_000036688003	positive_control
OMDBv2.0_AA_G_NR100_000036872736	positive_control
OMDBv2.0_AA_G_NR100_000037277142	positive_control
OMDBv2.0_AA_G_NR100_000037758270	positive_control
OMDBv2.0_AA_G_NR100_000038273202	positive_control
OMDBv2.0_AA_G_NR100_000038478036	positive_control
OMDBv2.0_AA_G_NR100_000038585544	positive_control
OMDBv2.0_AA_G_NR100_000039209878	positive_control
OMDBv2.0_AA_G_NR100_000040367132	positive_control
OMDBv2.0_AA_G_NR100_000040567753	positive_control
OMDBv2.0_AA_G_NR100_000040655547	positive_control
OMDBv2.0_AA_G_NR100_000041026989	positive_control
OMDBv2.0_AA_G_NR100_000041150988	positive_control
OMDBv2.0_AA_G_NR100_000041183626	positive_control
OMDBv2.0_AA_G_NR100_000041308449	positive_control
OMDBv2.0_AA_G_NR100_000041317148	positive_control
OMDBv2.0_AA_G_NR100_000041853191	positive_control
OMDBv2.0_AA_G_NR100_000042505200	positive_control
OMDBv2.0_AA_G_NR100_000042979154	positive_control
OMDBv2.0_AA_G_NR100_000043592029	positive_control
OMDBv2.0_AA_G_NR100_000043603066	positive_control
OMDBv2.0_AA_G_NR100_000043604300	positive_control
OMDBv2.0_AA_G_NR100_000043612471	positive_control
OMDBv2.0_AA_G_NR100_000043800180	positive_control
OMDBv2.0_AA_G_NR100_000044153638	positive_control
OMDBv2.0_AA_G_NR100_000044256863	positive_control
OMDBv2.0_AA_G_NR100_000044348857	positive_control
OMDBv2.0_AA_G_NR100_000044471421	positive_control
OMDBv2.0_AA_G_NR100_000044903460	positive_control
OMDBv2.0_AA_G_NR100_000045098014	positive_control
OMDBv2.0_AA_G_NR100_000047369127	positive_control
OMDBv2.0_AA_G_NR100_000051145472	positive_control
OMDBv2.0_AA_G_NR100_000051772613	positive_control
OMDBv2.0_AA_G_NR100_000053517342	positive_control
OMDBv2.0_AA_G_NR100_000053685074	positive_control
OMDBv2.0_AA_G_NR100_000053863228	positive_control
OMDBv2.0_AA_G_NR100_000053863231	positive_control
OMDBv2.0_AA_G_NR100_000054177692	positive_control
OMDBv2.0_AA_G_NR100_000054184618	positive_control
OMDBv2.0_AA_G_NR100_000054752084	positive_control
OMDBv2.0_AA_G_NR100_000054827585	positive_control
OMDBv2.0_AA_G_NR100_000056950894	positive_control
OMDBv2.0_AA_G_NR100_000056950949	positive_control
OMDBv2.0_AA_G_NR100_000057699438	positive_control
OMDBv2.0_AA_G_NR100_000058221497	positive_control
OMDBv2.0_AA_G_NR100_000058567089	positive_control
OMDBv2.0_AA_G_NR100_000058588488	positive_control
OMDBv2.0_AA_G_NR100_000058856849	positive_control
OMDBv2.0_AA_G_NR100_000060537382	positive_control
OMDBv2.0_AA_G_NR100_000061263541	positive_control
OMDBv2.0_AA_G_NR100_000061282509	positive_control
OMDBv2.0_AA_G_NR100_000062869802	positive_control
OMDBv2.0_AA_G_NR100_000062912419	positive_control
OMDBv2.0_AA_G_NR100_000063729553	positive_control
OMDBv2.0_AA_G_NR100_000064563889	positive_control
OMDBv2.0_AA_G_NR100_000065805948	positive_control
OMDBv2.0_AA_G_NR100_000068694221	positive_control
OMDBv2.0_AA_G_NR100_000068760036	positive_control
OMDBv2.0_AA_G_NR100_000069113231	positive_control
OMDBv2.0_AA_G_NR100_000070194553	positive_control
OMDBv2.0_AA_G_NR100_000070735957	positive_control
OMDBv2.0_AA_G_NR100_000073198182	positive_control
OMDBv2.0_AA_G_NR100_000074900676	positive_control
OMDBv2.0_AA_G_NR100_000076936627	positive_control
OMDBv2.0_AA_G_NR100_000076945820	positive_control
OMDBv2.0_AA_G_NR100_000079054211	positive_control
OMDBv2.0_AA_G_NR100_000080189951	positive_control
OMDBv2.0_AA_G_NR100_000080320894	positive_control
OMDBv2.0_AA_G_NR100_000080394383	positive_control
OMDBv2.0_AA_G_NR100_000080781101	positive_control
OMDBv2.0_AA_G_NR100_000082952843	positive_control
OMDBv2.0_AA_G_NR100_000083286238	positive_control
OMDBv2.0_AA_G_NR100_000084614484	positive_control
OMDBv2.0_AA_G_NR100_000085750783	positive_control
OMDBv2.0_AA_G_NR100_000088294740	positive_control
OMDBv2.0_AA_G_NR100_000089589072	positive_control
OMDBv2.0_AA_G_NR100_000090434365	positive_control
OMDBv2.0_AA_G_NR100_000098996426	positive_control
OMDBv2.0_AA_G_NR100_000099047174	positive_control
OMDBv2.0_AA_G_NR100_000099802741	positive_control
OMDBv2.0_AA_G_NR100_000102716136	positive_control
OMDBv2.0_AA_G_NR100_000103478252	positive_control
OMDBv2.0_AA_G_NR100_000103793169	positive_control
OMDBv2.0_AA_G_NR100_000104238181	positive_control
OMDBv2.0_AA_G_NR100_000104411319	positive_control
OMDBv2.0_AA_G_NR100_000104994132	positive_control
OMDBv2.0_AA_G_NR100_000106104213	positive_control
OMDBv2.0_AA_G_NR100_000109952267	positive_control
OMDBv2.0_AA_G_NR100_000114349572	positive_control
OMDBv2.0_AA_G_NR100_000115060451	positive_control
OMDBv2.0_AA_G_NR100_000115946018	positive_control
OMDBv2.0_AA_G_NR100_000117564048	positive_control
OMDBv2.0_AA_G_NR100_000118967371	positive_control
OMDBv2.0_AA_G_NR100_000127086754	positive_control
OMDBv2.0_AA_G_NR100_000127158057	positive_control
OMDBv2.0_AA_G_NR100_000127268107	positive_control
OMDBv2.0_AA_G_NR100_000127388239	positive_control
OMDBv2.0_AA_G_NR100_000127795137	positive_control
OMDBv2.0_AA_G_NR100_000127926477	positive_control
OMDBv2.0_AA_G_NR100_000128699032	positive_control
OMDBv2.0_AA_G_NR100_000130310434	positive_control
OMDBv2.0_AA_G_NR100_000131824684	positive_control
OMDBv2.0_AA_G_NR100_000136761001	positive_control
OMDBv2.0_AA_G_NR100_000136906570	positive_control
OMDBv2.0_AA_G_NR100_000137118513	positive_control
OMDBv2.0_AA_G_NR100_000137251285	positive_control
OMDBv2.0_AA_G_NR100_000137257326	positive_control
OMDBv2.0_AA_G_NR100_000137396832	positive_control
OMDBv2.0_AA_G_NR100_000137659554	positive_control
OMDBv2.0_AA_G_NR100_000137890564	positive_control
OMDBv2.0_AA_G_NR100_000137899643	positive_control
OMDBv2.0_AA_G_NR100_000138009961	positive_control
OMDBv2.0_AA_G_NR100_000138031008	positive_control
OMDBv2.0_AA_G_NR100_000138856816	positive_control
OMDBv2.0_AA_G_NR100_000139082278	positive_control
OMDBv2.0_AA_G_NR100_000139380538	positive_control
OMDBv2.0_AA_G_NR100_000139527284	positive_control
OMDBv2.0_AA_G_NR100_000139553371	positive_control
OMDBv2.0_AA_G_NR100_000139670525	positive_control
OMDBv2.0_AA_G_NR100_000139873964	positive_control
OMDBv2.0_AA_G_NR100_000140036071	positive_control
OMDBv2.0_AA_G_NR100_000140099258	positive_control
OMDBv2.0_AA_G_NR100_000140105940	positive_control
OMDBv2.0_AA_G_NR100_000140984076	positive_control
OMDBv2.0_AA_G_NR100_000141192338	positive_control
OMDBv2.0_AA_G_NR100_000141236067	positive_control
OMDBv2.0_AA_G_NR100_000141360031	positive_control
OMDBv2.0_AA_G_NR100_000141429777	positive_control
OMDBv2.0_AA_G_NR100_000141431900	positive_control
OMDBv2.0_AA_G_NR100_000141497400	positive_control
OMDBv2.0_AA_G_NR100_000141899103	positive_control
OMDBv2.0_AA_G_NR100_000141996849	positive_control
OMDBv2.0_AA_G_NR100_000142109113	positive_control
OMDBv2.0_AA_G_NR100_000142228145	positive_control
OMDBv2.0_AA_G_NR100_000142315899	positive_control
OMDBv2.0_AA_G_NR100_000142418591	positive_control
OMDBv2.0_AA_G_NR100_000142856748	positive_control
OMDBv2.0_AA_G_NR100_000143511535	positive_control
OMDBv2.0_AA_G_NR100_000143526970	positive_control
OMDBv2.0_AA_G_NR100_000144628926	positive_control
OMDBv2.0_AA_G_NR100_000144827377	positive_control
OMDBv2.0_AA_G_NR100_000144855179	positive_control
OMDBv2.0_AA_G_NR100_000145196328	positive_control
OMDBv2.0_AA_G_NR100_000145601075	positive_control
OMDBv2.0_AA_G_NR100_000146088882	positive_control
OMDBv2.0_AA_G_NR100_000146423621	positive_control
OMDBv2.0_AA_G_NR100_000146443056	positive_control
OMDBv2.0_AA_G_NR100_000146518214	positive_control
OMDBv2.0_AA_G_NR100_000146893050	positive_control
OMDBv2.0_AA_G_NR100_000146923281	positive_control
OMDBv2.0_AA_G_NR100_000147082712	positive_control
OMDBv2.0_AA_G_NR100_000147144128	positive_control
OMDBv2.0_AA_G_NR100_000147277901	positive_control
OMDBv2.0_AA_G_NR100_000147306065	positive_control
OMDBv2.0_AA_G_NR100_000147402907	positive_control
OMDBv2.0_AA_G_NR100_000147465692	positive_control
OMDBv2.0_AA_G_NR100_000147626813	positive_control
OMDBv2.0_AA_G_NR100_000147732220	positive_control
OMDBv2.0_AA_G_NR100_000147995930	positive_control
OMDBv2.0_AA_G_NR100_000148019064	positive_control
OMDBv2.0_AA_G_NR100_000148049409	positive_control
OMDBv2.0_AA_G_NR100_000148573187	positive_control
OMDBv2.0_AA_G_NR100_000148621979	positive_control
OMDBv2.0_AA_G_NR100_000148698498	positive_control
OMDBv2.0_AA_G_NR100_000148772898	positive_control
OMDBv2.0_AA_G_NR100_000148782611	positive_control
OMDBv2.0_AA_G_NR100_000148794196	positive_control
OMDBv2.0_AA_G_NR100_000148842935	positive_control
OMDBv2.0_AA_G_NR100_000148845898	positive_control
OMDBv2.0_AA_G_NR100_000148920976	positive_control
OMDBv2.0_AA_G_NR100_000148943612	positive_control
OMDBv2.0_AA_G_NR100_000149066232	positive_control
OMDBv2.0_AA_G_NR100_000149343541	positive_control
OMDBv2.0_AA_G_NR100_000149345574	positive_control
OMDBv2.0_AA_G_NR100_000149981851	positive_control
OMDBv2.0_AA_G_NR100_000150097787	positive_control
OMDBv2.0_AA_G_NR100_000150191435	positive_control
OMDBv2.0_AA_G_NR100_000150353684	positive_control
OMDBv2.0_AA_G_NR100_000150435951	positive_control
OMDBv2.0_AA_G_NR100_000150656944	positive_control
OMDBv2.0_AA_G_NR100_000150827153	positive_control
OMDBv2.0_AA_G_NR100_000150827871	positive_control
OMDBv2.0_AA_G_NR100_000151036319	positive_control
OMDBv2.0_AA_G_NR100_000151132446	positive_control
OMDBv2.0_AA_G_NR100_000151230126	positive_control
OMDBv2.0_AA_G_NR100_000151300408	positive_control
OMDBv2.0_AA_G_NR100_000151301410	positive_control
OMDBv2.0_AA_G_NR100_000151304187	positive_control
OMDBv2.0_AA_G_NR100_000151378600	positive_control
OMDBv2.0_AA_G_NR100_000151425855	positive_control
OMDBv2.0_AA_G_NR100_000151585889	positive_control
OMDBv2.0_AA_G_NR100_000151649227	positive_control
OMDBv2.0_AA_G_NR100_000152290899	positive_control
OMDBv2.0_AA_G_NR100_000152717486	positive_control
OMDBv2.0_AA_G_NR100_000152960068	positive_control
OMDBv2.0_AA_G_NR100_000153061176	positive_control
OMDBv2.0_AA_G_NR100_000153246060	positive_control
OMDBv2.0_AA_G_NR100_000153413112	positive_control
OMDBv2.0_AA_G_NR100_000153492123	positive_control
OMDBv2.0_AA_G_NR100_000154092975	positive_control
OMDBv2.0_AA_G_NR100_000154133520	positive_control
OMDBv2.0_AA_G_NR100_000155102751	positive_control
OMDBv2.0_AA_G_NR100_000155641131	positive_control
OMDBv2.0_AA_G_NR100_000156326049	positive_control
OMDBv2.0_AA_G_NR100_000157979047	positive_control
OMDBv2.0_AA_G_NR100_000158193376	positive_control
OMDBv2.0_AA_G_NR100_000159276473	positive_control
OMDBv2.0_AA_G_NR100_000159328966	positive_control
OMDBv2.0_AA_G_NR100_000159441796	positive_control
OMDBv2.0_AA_G_NR100_000159559221	positive_control
OMDBv2.0_AA_G_NR100_000159921758	positive_control
OMDBv2.0_AA_G_NR100_000160257856	positive_control
OMDBv2.0_AA_G_NR100_000160322717	positive_control
OMDBv2.0_AA_G_NR100_000160387839	positive_control
OMDBv2.0_AA_G_NR100_000162465987	positive_control
OMDBv2.0_AA_G_NR100_000162580498	positive_control
OMDBv2.0_AA_G_NR100_000162733486	positive_control
OMDBv2.0_AA_G_NR100_000163112435	positive_control
OMDBv2.0_AA_G_NR100_000163425987	positive_control
OMDBv2.0_AA_G_NR100_000163533827	positive_control
OMDBv2.0_AA_G_NR100_000163651280	positive_control
OMDBv2.0_AA_G_NR100_000164598027	positive_control
OMDBv2.0_AA_G_NR100_000165356207	positive_control
OMDBv2.0_AA_G_NR100_000165392643	positive_control
OMDBv2.0_AA_G_NR100_000165958679	positive_control
OMDBv2.0_AA_G_NR100_000166442726	positive_control
OMDBv2.0_AA_G_NR100_000166659391	positive_control
OMDBv2.0_AA_G_NR100_000166711870	positive_control
OMDBv2.0_AA_G_NR100_000167183912	positive_control
OMDBv2.0_AA_G_NR100_000167486323	positive_control
OMDBv2.0_AA_G_NR100_000167632664	positive_control
OMDBv2.0_AA_G_NR100_000169077902	positive_control
OMDBv2.0_AA_G_NR100_000169496225	positive_control
OMDBv2.0_AA_G_NR100_000169595607	positive_control
OMDBv2.0_AA_G_NR100_000169679970	positive_control
OMDBv2.0_AA_G_NR100_000170100855	positive_control
OMDBv2.0_AA_G_NR100_000170324866	positive_control
OMDBv2.0_AA_G_NR100_000170925421	positive_control
OMDBv2.0_AA_G_NR100_000171329325	positive_control
OMDBv2.0_AA_G_NR100_000172139493	positive_control
OMDBv2.0_AA_G_NR100_000172552097	positive_control
OMDBv2.0_AA_G_NR100_000172987891	positive_control
OMDBv2.0_AA_G_NR100_000173365578	positive_control
OMDBv2.0_AA_G_NR100_000173430016	positive_control
OMDBv2.0_AA_G_NR100_000174030237	positive_control
OMDBv2.0_AA_G_NR100_000174291032	positive_control
OMDBv2.0_AA_G_NR100_000174424599	positive_control
OMDBv2.0_AA_G_NR100_000174531434	positive_control
OMDBv2.0_AA_G_NR100_000174568678	positive_control
OMDBv2.0_AA_G_NR100_000174845024	positive_control
OMDBv2.0_AA_G_NR100_000174886851	positive_control
OMDBv2.0_AA_G_NR100_000175064984	positive_control
OMDBv2.0_AA_G_NR100_000175335551	positive_control
OMDBv2.0_AA_G_NR100_000175487450	positive_control
OMDBv2.0_AA_G_NR100_000175587587	positive_control
OMDBv2.0_AA_G_NR100_000176100985	positive_control
OMDBv2.0_AA_G_NR100_000176323036	positive_control
OMDBv2.0_AA_G_NR100_000178586013	positive_control
OMDBv2.0_AA_G_NR100_000178600042	positive_control
OMDBv2.0_AA_G_NR100_000178615505	positive_control
OMDBv2.0_AA_G_NR100_000178644431	positive_control
OMDBv2.0_AA_G_NR100_000178805287	positive_control
OMDBv2.0_AA_G_NR100_000179991272	positive_control
OMDBv2.0_AA_G_NR100_000180291754	positive_control
OMDBv2.0_AA_G_NR100_000180479388	positive_control
OMDBv2.0_AA_G_NR100_000180564322	positive_control
OMDBv2.0_AA_G_NR100_000182178026	positive_control
OMDBv2.0_AA_G_NR100_000182229107	positive_control
OMDBv2.0_AA_G_NR100_000182292957	positive_control
OMDBv2.0_AA_G_NR100_000183260031	positive_control
OMDBv2.0_AA_G_NR100_000183539531	positive_control
OMDBv2.0_AA_G_NR100_000184467531	positive_control
OMDBv2.0_AA_G_NR100_000184878231	positive_control
OMDBv2.0_AA_G_NR100_000186142252	positive_control
OMDBv2.0_AA_G_NR100_000187577635	positive_control
OMDBv2.0_AA_G_NR100_000188527758	positive_control
OMDBv2.0_AA_G_NR100_000191153017	positive_control
OMDBv2.0_AA_G_NR100_000191454936	positive_control
OMDBv2.0_AA_G_NR100_000191848735	positive_control
OMDBv2.0_AA_G_NR100_000191856153	positive_control
OMDBv2.0_AA_G_NR100_000192648623	positive_control
OMDBv2.0_AA_G_NR100_000193545381	positive_control
OMDBv2.0_AA_G_NR100_000194363475	positive_control
OMDBv2.0_AA_G_NR100_000194710550	positive_control
OMDBv2.0_AA_G_NR100_000194938207	positive_control
OMDBv2.0_AA_G_NR100_000195346551	positive_control
OMDBv2.0_AA_G_NR100_000195886879	positive_control
OMDBv2.0_AA_G_NR100_000197254589	positive_control
OMDBv2.0_AA_G_NR100_000197859506	positive_control
OMDBv2.0_AA_G_NR100_000197870009	positive_control
OMDBv2.0_AA_G_NR100_000198398236	positive_control
OMDBv2.0_AA_G_NR100_000199213701	positive_control
OMDBv2.0_AA_G_NR100_000199225011	positive_control
OMDBv2.0_AA_G_NR100_000199800005	positive_control
OMDBv2.0_AA_G_NR100_000200123434	positive_control
OMDBv2.0_AA_G_NR100_000200211756	positive_control
OMDBv2.0_AA_G_NR100_000200259327	positive_control
OMDBv2.0_AA_G_NR100_000201295328	positive_control
OMDBv2.0_AA_G_NR100_000201529072	positive_control
OMDBv2.0_AA_G_NR100_000201702241	positive_control
OMDBv2.0_AA_G_NR100_000202531991	positive_control
OMDBv2.0_AA_G_NR100_000203250002	positive_control
OMDBv2.0_AA_G_NR100_000203809730	positive_control
OMDBv2.0_AA_G_NR100_000206628137	positive_control
OMDBv2.0_AA_G_NR100_000206967526	positive_control
OMDBv2.0_AA_G_NR100_000207838723	positive_control
OMDBv2.0_AA_G_NR100_000207996377	positive_control
OMDBv2.0_AA_G_NR100_000208562298	positive_control
OMDBv2.0_AA_G_NR100_000208828936	positive_control
OMDBv2.0_AA_G_NR100_000210669662	positive_control
OMDBv2.0_AA_G_NR100_000212206378	positive_control
OMDBv2.0_AA_G_NR100_000212476158	positive_control
OMDBv2.0_AA_G_NR100_000212578202	positive_control
OMDBv2.0_AA_G_NR100_000213325240	positive_control
OMDBv2.0_AA_G_NR100_000213831658	positive_control
OMDBv2.0_AA_G_NR100_000214151873	positive_control
OMDBv2.0_AA_G_NR100_000216194241	positive_control
OMDBv2.0_AA_G_NR100_000218550430	positive_control
OMDBv2.0_AA_G_NR100_000219104540	positive_control
OMDBv2.0_AA_G_NR100_000220077298	positive_control
OMDBv2.0_AA_G_NR100_000223643929	positive_control
OMDBv2.0_AA_G_NR100_000223891436	positive_control
OMDBv2.0_AA_G_NR100_000224048008	positive_control
OMDBv2.0_AA_G_NR100_000225079417	positive_control
OMDBv2.0_AA_G_NR100_000225497207	positive_control
OMDBv2.0_AA_G_NR100_000226682097	positive_control
OMDBv2.0_AA_G_NR100_000227284013	positive_control
OMDBv2.0_AA_G_NR100_000227308146	positive_control
OMDBv2.0_AA_G_NR100_000227730184	positive_control
OMDBv2.0_AA_G_NR100_000228232413	positive_control
OMDBv2.0_AA_G_NR100_000228315631	positive_control
OMDBv2.0_AA_G_NR100_000228344734	positive_control
OMDBv2.0_AA_G_NR100_000229077409	positive_control
OMDBv2.0_AA_G_NR100_000229525245	positive_control
OMDBv2.0_AA_G_NR100_000230538282	positive_control
OMDBv2.0_AA_G_NR100_000231394371	positive_control
OMDBv2.0_AA_G_NR100_000231684424	positive_control
OMDBv2.0_AA_G_NR100_000231738318	positive_control
OMDBv2.0_AA_G_NR100_000231973681	positive_control
OMDBv2.0_AA_G_NR100_000232048279	positive_control
OMDBv2.0_AA_G_NR100_000232167913	positive_control
OMDBv2.0_AA_G_NR100_000233782335	positive_control
OMDBv2.0_AA_G_NR100_000233970721	positive_control
OMDBv2.0_AA_G_NR100_000234861068	positive_control
OMDBv2.0_AA_G_NR100_000235121045	positive_control
OMDBv2.0_AA_G_NR100_000236062749	positive_control
OMDBv2.0_AA_G_NR100_000236270638	positive_control
OMDBv2.0_AA_G_NR100_000236815538	positive_control
OMDBv2.0_AA_G_NR100_000238082437	positive_control
OMDBv2.0_AA_G_NR100_000239056134	positive_control
OMDBv2.0_AA_G_NR100_000241677276	positive_control
OMDBv2.0_AA_G_NR100_000242467683	positive_control
OMDBv2.0_AA_G_NR100_000243895221	positive_control
OMDBv2.0_AA_G_NR100_000244430597	positive_control
OMDBv2.0_AA_G_NR100_000244753550	positive_control
OMDBv2.0_AA_G_NR100_000244857723	positive_control
OMDBv2.0_AA_G_NR100_000244874435	positive_control
OMDBv2.0_AA_G_NR100_000245778042	positive_control
OMDBv2.0_AA_G_NR100_000245804430	positive_control
OMDBv2.0_AA_G_NR100_000245924549	positive_control
OMDBv2.0_AA_G_NR100_000245952529	positive_control
OMDBv2.0_AA_G_NR100_000246404552	positive_control
OMDBv2.0_AA_G_NR100_000248114042	positive_control
OMDBv2.0_AA_G_NR100_000248845561	positive_control
OMDBv2.0_AA_G_NR100_000249386583	positive_control
tr|A0A0B6AHH5|A0A0B6AHH5_PRIM2	reference
tr|A0A0U5B3N6|A0A0U5B3N6_9BACL	reference
tr|A0A0F7KNC5|A0A0F7KNC5_9EURY	reference
tr|A0A060HGM9|A0A060HGM9_9ARCH	reference
tr|A0A0P1IVG2|A0A0P1IVG2_9RHOB	reference
tr|A0A0U1NY83|A0A0U1NY83_9BACI	reference
tr|A0A011NWA8|A0A011NWA8_9PROT	reference
tr|A0A011T1J1|A0A011T1J1_9HYPH	reference
tr|A0A080M8W5|A0A080M8W5_9PROT	reference
tr|A0A080MAD4|A0A080MAD4_9PROT	reference
tr|A0A080MBK0|A0A080MBK0_9PROT	reference
tr|A0A095SI99|A0A095SI99_9GAMM	reference
tr|A0A098GHK0|A0A098GHK0_LEGMI	reference
tr|A0A0D1D2N1|A0A0D1D2N1_9RHOB	reference
tr|A0A0H5BBN4|A0A0H5BBN4_BLAVI	reference
tr|A0A0J6H3G6|A0A0J6H3G6_9PSED	reference
tr|A0A0J6HM56|A0A0J6HM56_9PSED	reference
tr|A0A0M6XW01|A0A0M6XW01_9HYPH	reference
tr|A0A0M6YKS9|A0A0M6YKS9_9RHOB	reference
tr|A0A0N0GL72|A0A0N0GL72_9NEIS	reference
tr|A0A0P1G276|A0A0P1G276_9RHOB	reference
tr|A0A0P1GHM1|A0A0P1GHM1_9RHOB	reference
tr|A0A0P1ILH8|A0A0P1ILH8_9RHOB	reference
tr|A0A0S1AZB0|A0A0S1AZB0_9GAMM	reference
tr|A0A0U1NJH9|A0A0U1NJH9_9RHOB	reference
tr|A0A011MGD8|A0A011MGD8_9PROT	reference
tr|A0A059F7C0|A0A059F7C0_9PROT	reference
tr|A0A059G5L5|A0A059G5L5_9PROT	reference
tr|A0A081RQ39|A0A081RQ39_9ARCH	reference
tr|A0A090R7C3|A0A090R7C3_9GAMM	reference
tr|A0A097ERZ2|A0A097ERZ2_9GAMM	reference
tr|A0A0B6RTK0|A0A0B6RTK0_BURPL	reference
tr|A0A0B7J2R5|A0A0B7J2R5_9RICK	reference
tr|A0A0C3DJ16|A0A0C3DJ16_9VIBR	reference
tr|A0A0C4WTR3|A0A0C4WTR3_9GAMM	reference
tr|A0A0H2WB37|A0A0H2WB37_BURMA	reference
tr|A0A0H3KQU5|A0A0H3KQU5_BURM1	reference
tr|A0A0J1GRI2|A0A0J1GRI2_9GAMM	reference
tr|A0A0K0Y3L9|A0A0K0Y3L9_9RHOB	reference
tr|A0A0K3A3V0|A0A0K3A3V0_9XANT	reference
tr|A0A0K8MDT7|A0A0K8MDT7_9PROT	reference
tr|A0A0L6CUM0|A0A0L6CUM0_9RHOB	reference
tr|A0A0L6Z6J2|A0A0L6Z6J2_9CLOT	reference
tr|A0A0P1ER54|A0A0P1ER54_9RHOB	reference
tr|A0A0P1FPM9|A0A0P1FPM9_9RHOB	reference
tr|A0A0P1I4Z2|A0A0P1I4Z2_9RHOB	reference
tr|A0A0P1IAD0|A0A0P1IAD0_9RHOB	reference
tr|A0A024HBF1|A0A024HBF1_PSEKB	reference
tr|A0A059FW23|A0A059FW23_9PROT	reference
tr|A0A0D5CD85|A0A0D5CD85_HALVU	reference
tr|A0A0F7KRT5|A0A0F7KRT5_9SPHN	reference
tr|A0A0F7KWU1|A0A0F7KWU1_9SPHN	reference
tr|A0A0F7KX47|A0A0F7KX47_9SPHN	reference
tr|A0A0J1K4W4|A0A0J1K4W4_9GAMM	reference
tr|A0A0K8MG98|A0A0K8MG98_9PROT	reference
tr|A0A0M6XQ96|A0A0M6XQ96_9RHOB	reference
tr|A0A0P9UZ96|A0A0P9UZ96_9PSED	reference
tr|A0A0Q0BID1|A0A0Q0BID1_9PSED	reference
tr|A0A0R3AGI9|A0A0R3AGI9_9PSED	reference
tr|A0A0S1B3J8|A0A0S1B3J8_9GAMM	reference
tr|A0A0S3PZL7|A0A0S3PZL7_9BRAD	reference
tr|A0A0T7DNW4|A0A0T7DNW4_9VIBR	reference
tr|A0A011P6Q6|A0A011P6Q6_ACCRE	reference
tr|A0A059F8P3|A0A059F8P3_9PROT	reference
tr|A0A062VK34|A0A062VK34_9PROT	reference
tr|A0A069NJ51|A0A069NJ51_9BURK	reference
tr|A0A078KVX9|A0A078KVX9_9GAMM	reference
tr|A0A086P5R9|A0A086P5R9_SPHHM	reference
tr|A0A098G7N1|A0A098G7N1_9GAMM	reference
tr|A0A098G8A0|A0A098G8A0_9GAMM	reference
tr|A0A0B4XJP2|A0A0B4XJP2_9GAMM	reference
tr|A0A0C9N7C7|A0A0C9N7C7_SPHPI	reference
tr|A0A0D6JB13|A0A0D6JB13_9HYPH	reference
tr|A0A0F3MSG6|A0A0F3MSG6_RICFI	reference
tr|A0A0G3BLP4|A0A0G3BLP4_9BURK	reference
tr|A0A0G3WHX8|A0A0G3WHX8_9BACT	reference
tr|A0A0M6XUZ9|A0A0M6XUZ9_9RHOB	reference
tr|A0A0M6ZM15|A0A0M6ZM15_9HYPH	reference
tr|A0A0P1GT99|A0A0P1GT99_9RHOB	reference
tr|A0A0P7YM52|A0A0P7YM52_9RHOB	reference
tr|A0A069E155|A0A069E155_9PROT	reference
tr|A0A084IMH1|A0A084IMH1_SALHC	reference
tr|A0A0A2T529|A0A0A2T529_9GAMM	reference
tr|A0A0C1QJ38|A0A0C1QJ38_9RICK	reference
tr|A0A0D8PXE4|A0A0D8PXE4_9GAMM	reference
tr|A0A0F7KSN7|A0A0F7KSN7_9SPHN	reference
tr|A0A0H5BJE3|A0A0H5BJE3_BLAVI	reference
tr|A0A0H5CXF5|A0A0H5CXF5_9RHOB	reference
tr|A0A0L6Z927|A0A0L6Z927_9CLOT	reference
tr|A0A0N7LVZ8|A0A0N7LVZ8_THAGE	reference
tr|A0A151ACR6|A0A151ACR6_9EURY	reference
tr|A0A1G7YN68|A0A1G7YN68_ANETH	reference
tr|A0A0W0UIV2|A0A0W0UIV2_9GAMM	reference
tr|A0A0W0WGL8|A0A0W0WGL8_9GAMM	reference
tr|A0A0W0Z0Q2|A0A0W0Z0Q2_9GAMM	reference
tr|A0A0W0Z1E7|A0A0W0Z1E7_9GAMM	reference
tr|A0A0W0ZQ52|A0A0W0ZQ52_9GAMM	reference
tr|A0A127QK40|A0A127QK40_9BURK	reference
tr|A0A128EU05|A0A128EU05_9GAMM	reference
tr|A0A1B2AEF0|A0A1B2AEF0_9SPHN	reference
tr|A0A1C3RC09|A0A1C3RC09_9PROT	reference
tr|A0A1C3UEH4|A0A1C3UEH4_9BRAD	reference
tr|A0A1C7DB91|A0A1C7DB91_9SPHN	reference
tr|A0A1G4UGA0|A0A1G4UGA0_9HYPH	reference
tr|A0A1G5JKR9|A0A1G5JKR9_9BACT	reference
tr|A0A1G5NI60|A0A1G5NI60_AFIMA	reference
tr|A0A1G5PYN6|A0A1G5PYN6_9RHOB	reference
tr|A0A1G6P5Z6|A0A1G6P5Z6_9NOCA	reference
tr|A0A1G6SCY9|A0A1G6SCY9_9RHOB	reference
tr|A0A1G6U0H9|A0A1G6U0H9_9PROT	reference
tr|A0A1G6WTX7|A0A1G6WTX7_9PROT	reference
tr|A0A1G7DGR6|A0A1G7DGR6_9RHOB	reference
tr|A0A1G7Q3A5|A0A1G7Q3A5_9PROT	reference
tr|A0A1G7UVR7|A0A1G7UVR7_9PROT	reference
tr|A0A1G8DTG0|A0A1G8DTG0_9BACI	reference
tr|A0A1G8Y6C9|A0A1G8Y6C9_9EURY	reference
tr|A0A0W0RT07|A0A0W0RT07_LEGBO	reference
tr|A0A150WNK1|A0A150WNK1_BDEBC	reference
tr|A0A151L0P1|A0A151L0P1_9VIBR	reference
tr|A0A157SJM1|A0A157SJM1_9BORD	reference
tr|A0A1B0ZVH9|A0A1B0ZVH9_9RHOB	reference
tr|A0A1C3RK73|A0A1C3RK73_9PROT	reference
tr|A0A1C7FG94|A0A1C7FG94_9VIBR	reference
tr|A0A0W0SCU1|A0A0W0SCU1_9GAMM	reference
tr|A0A0W0SHM9|A0A0W0SHM9_9GAMM	reference
tr|A0A0W0TFB0|A0A0W0TFB0_LEGER	reference
tr|A0A0W0XRC6|A0A0W0XRC6_9GAMM	reference
tr|A0A0W0XV07|A0A0W0XV07_9GAMM	reference
tr|A0A0W0ZE35|A0A0W0ZE35_9GAMM	reference
tr|A0A0W1A006|A0A0W1A006_9GAMM	reference
tr|A0A0X8HC38|A0A0X8HC38_9GAMM	reference
tr|A0A132BSR8|A0A132BSR8_9RHOB	reference
tr|A0A165WMJ8|A0A165WMJ8_9HYPH	reference
tr|A0A1A9GM28|A0A1A9GM28_9ACTN	reference
tr|A0A1B0ZN59|A0A1B0ZN59_9RHOB	reference
tr|A0A1B1S663|A0A1B1S663_AZOMA	reference
tr|A0A1B9QV15|A0A1B9QV15_9VIBR	reference
tr|A0A1E8EW64|A0A1E8EW64_9CLOT	reference
tr|A0A0W0V923|A0A0W0V923_9GAMM	reference
tr|A0A0W0VCH6|A0A0W0VCH6_9GAMM	reference
tr|A0A0W0VNC3|A0A0W0VNC3_9GAMM	reference
tr|A0A0W0VQW4|A0A0W0VQW4_9GAMM	reference
tr|A0A0W0VZY3|A0A0W0VZY3_9GAMM	reference
tr|A0A0W0YYK8|A0A0W0YYK8_LEGSP	reference
tr|A0A0W0ZCY8|A0A0W0ZCY8_9GAMM	reference
tr|A0A128A448|A0A128A448_9ARCH	reference
tr|A0A150WMA4|A0A150WMA4_BDEBC	reference
tr|A0A151AEV0|A0A151AEV0_9EURY	reference
tr|A0A157MKZ3|A0A157MKZ3_9BORD	reference
tr|A0A157SCX9|A0A157SCX9_9BORD	reference
tr|A0A178J9G2|A0A178J9G2_9VIBR	reference
tr|A0A1B2ACF8|A0A1B2ACF8_9SPHN	reference
tr|A0A1C3J9H4|A0A1C3J9H4_9VIBR	reference
tr|A0A1G5GJJ7|A0A1G5GJJ7_9BACT	reference
tr|A0A1G5IWZ3|A0A1G5IWZ3_9HYPH	reference
tr|A0A1G6I0F7|A0A1G6I0F7_9ACTN	reference
tr|A0A1G6IBR8|A0A1G6IBR8_9RHOB	reference
tr|A0A1G6W5V1|A0A1G6W5V1_9PSEU	reference
tr|A0A1G6XPJ4|A0A1G6XPJ4_9PROT	reference
tr|A0A1G7E9L4|A0A1G7E9L4_9NOCA	reference
tr|A0A1G7G402|A0A1G7G402_9PROT	reference
tr|A0A1G7NPL9|A0A1G7NPL9_9PROT	reference
tr|A0A1G7UG48|A0A1G7UG48_9PROT	reference
tr|A0A1G7WUF6|A0A1G7WUF6_9PSED	reference
tr|A0A1G8JVH1|A0A1G8JVH1_9RHOB	reference
tr|A0A1G8MJP4|A0A1G8MJP4_9GAMM	reference
tr|A0A0W0R5F6|A0A0W0R5F6_9GAMM	reference
tr|A0A0X8X8J1|A0A0X8X8J1_HALHR	reference
tr|A0A151AIL1|A0A151AIL1_9EURY	reference
tr|A0A157RS73|A0A157RS73_9BORD	reference
tr|A0A178JFB0|A0A178JFB0_9VIBR	reference
tr|A0A1A9GFZ9|A0A1A9GFZ9_9ACTN	reference
tr|A0A1E5JWB2|A0A1E5JWB2_9GAMM	reference
tr|A0A1G5C4N7|A0A1G5C4N7_9RHOB	reference
tr|A0A1G5K9D1|A0A1G5K9D1_9HYPH	reference
tr|A0A1G6GR42|A0A1G6GR42_9GAMM	reference
tr|A0A1G6JQN3|A0A1G6JQN3_9GAMM	reference
tr|A0A1G6UF90|A0A1G6UF90_9PROT	reference
tr|A0A1G7TFV8|A0A1G7TFV8_9GAMM	reference
tr|A0A1G7WU69|A0A1G7WU69_9PSED	reference
tr|A0A1H1FLB7|A0A1H1FLB7_9EURY	reference
tr|A0A1G8YZ42|A0A1G8YZ42_9GAMM	reference
tr|A0A1G9ASS5|A0A1G9ASS5_9RHOB	reference
tr|A0A1G9AZI5|A0A1G9AZI5_9RHOB	reference
tr|A0A1G9NSE7|A0A1G9NSE7_9ACTN	reference
tr|A0A1H0HSY1|A0A1H0HSY1_9GAMM	reference
tr|A0A1H0R1A8|A0A1H0R1A8_9ACTN	reference
tr|A0A1H1B8G1|A0A1H1B8G1_9ACTN	reference
tr|A0A1H2FS87|A0A1H2FS87_9GAMM	reference
tr|A0A1H2H7V4|A0A1H2H7V4_9GAMM	reference
tr|A0A1H2S6P0|A0A1H2S6P0_9RHOB	reference
tr|A0A1H2WVT2|A0A1H2WVT2_9GAMM	reference
tr|A0A1H3BXI0|A0A1H3BXI0_9GAMM	reference
tr|A0A1H3E2W9|A0A1H3E2W9_9RHOB	reference
tr|A0A1H4FVD3|A0A1H4FVD3_9RHOB	reference
tr|A0A1H4S3L6|A0A1H4S3L6_9NOCA	reference
tr|A0A1H4W1N4|A0A1H4W1N4_9PSED	reference
tr|A0A1H5SKA8|A0A1H5SKA8_9RHOB	reference
tr|A0A1H6H0T1|A0A1H6H0T1_MAGFU	reference
tr|A0A1H6I4J9|A0A1H6I4J9_MAGFU	reference
tr|A0A1H6JJL3|A0A1H6JJL3_9RHOB	reference
tr|A0A1H6RP69|A0A1H6RP69_9GAMM	reference
tr|A0A1H7HVC6|A0A1H7HVC6_9GAMM	reference
tr|A0A1H7VNK4|A0A1H7VNK4_9NOCA	reference
tr|A0A1H7VRC2|A0A1H7VRC2_9BACI	reference
tr|A0A1H8CNU3|A0A1H8CNU3_9BACI	reference
tr|A0A1H8PXT6|A0A1H8PXT6_9GAMM	reference
tr|A0A1H8VWP3|A0A1H8VWP3_9RHOB	reference
tr|A0A1I0IRB1|A0A1I0IRB1_9RHOB	reference
tr|A0A1I0MY52|A0A1I0MY52_9RHOB	reference
tr|A0A1I2ZZD4|A0A1I2ZZD4_9GAMM	reference
tr|A0A1H1V1M8|A0A1H1V1M8_9GAMM	reference
tr|A0A1H2GDK2|A0A1H2GDK2_9PSED	reference
tr|A0A1G9ASB1|A0A1G9ASB1_9RHOB	reference
tr|A0A1G9L1V4|A0A1G9L1V4_9ACTN	reference
tr|A0A1G9X8L8|A0A1G9X8L8_9HYPH	reference
tr|A0A1H1JZS8|A0A1H1JZS8_9BURK	reference
tr|A0A1H1QV58|A0A1H1QV58_9PSED	reference
tr|A0A1H1SUM2|A0A1H1SUM2_9BRAD	reference
tr|A0A1H2FQ92|A0A1H2FQ92_9PSED	reference
tr|A0A1H2H8Q4|A0A1H2H8Q4_9GAMM	reference
tr|A0A1H3ALH7|A0A1H3ALH7_THIRO	reference
tr|A0A1H3E735|A0A1H3E735_9RHOB	reference
tr|A0A1H3W015|A0A1H3W015_9RHOB	reference
tr|A0A1H3ZPT0|A0A1H3ZPT0_9GAMM	reference
tr|A0A1H3ZRJ9|A0A1H3ZRJ9_9GAMM	reference
tr|A0A1H4D2A5|A0A1H4D2A5_9BURK	reference
tr|A0A1H4SDD0|A0A1H4SDD0_9ACTN	reference
tr|A0A1H4TX17|A0A1H4TX17_9NOCA	reference
tr|A0A1H4X1T6|A0A1H4X1T6_PSEAG	reference
tr|A0A1H7KK35|A0A1H7KK35_9NOCA	reference
tr|A0A1H8CR08|A0A1H8CR08_9BACI	reference
tr|A0A1H8F2W7|A0A1H8F2W7_9BURK	reference
tr|A0A1H8I8B2|A0A1H8I8B2_9RHOB	reference
tr|A0A1H8QVA4|A0A1H8QVA4_9PSEU	reference
tr|A0A1H8SH32|A0A1H8SH32_9RHOB	reference
tr|A0A1H8VV72|A0A1H8VV72_9ACTN	reference
tr|A0A1H9IXJ3|A0A1H9IXJ3_9BURK	reference
tr|A0A1H9UM78|A0A1H9UM78_9GAMM	reference
tr|A0A1H9ZAX9|A0A1H9ZAX9_9ACTN	reference
tr|A0A1I0MFN0|A0A1I0MFN0_9EURY	reference
tr|A0A1I0UYF1|A0A1I0UYF1_9RHOB	reference
tr|A0A1I0X3X0|A0A1I0X3X0_9RHOB	reference
tr|A0A1I1R3B5|A0A1I1R3B5_9BURK	reference
tr|A0A1I1WGY5|A0A1I1WGY5_9BURK	reference
tr|A0A1I2BH43|A0A1I2BH43_9RHOB	reference
tr|A0A1I2DH43|A0A1I2DH43_9BURK	reference
tr|A0A1I2I086|A0A1I2I086_9BACT	reference
tr|A0A1I2JCR8|A0A1I2JCR8_9GAMM	reference
tr|A0A1H0H531|A0A1H0H531_9HYPH	reference
tr|A0A1H0JBJ9|A0A1H0JBJ9_9RHOB	reference
tr|A0A1H0JNB6|A0A1H0JNB6_9PSED	reference
tr|A0A1H1SKD5|A0A1H1SKD5_9ACTN	reference
tr|A0A1H1TX48|A0A1H1TX48_9BRAD	reference
tr|A0A1H2UPX9|A0A1H2UPX9_9RHOB	reference
tr|A0A1H3H4L5|A0A1H3H4L5_9GAMM	reference
tr|A0A1H4IW22|A0A1H4IW22_9HYPH	reference
tr|A0A1H4WF20|A0A1H4WF20_9NOCA	reference
tr|A0A1H5UI05|A0A1H5UI05_9GAMM	reference
tr|A0A1H6N8N6|A0A1H6N8N6_9RHOB	reference
tr|A0A1H7HS99|A0A1H7HS99_9HYPH	reference
tr|A0A1H7NG13|A0A1H7NG13_9RHOB	reference
tr|A0A1H7NX43|A0A1H7NX43_9NOCA	reference
tr|A0A1H8EG95|A0A1H8EG95_9RHOB	reference
tr|A0A1H8K0Y9|A0A1H8K0Y9_9RHOB	reference
tr|A0A1H8RKM8|A0A1H8RKM8_9GAMM	reference
tr|A0A1H9H9F7|A0A1H9H9F7_9GAMM	reference
tr|A0A1H9IN52|A0A1H9IN52_9RHOB	reference
tr|A0A1I0Q8B7|A0A1I0Q8B7_9RHOB	reference
tr|A0A1I2AR92|A0A1I2AR92_9RHOB	reference
tr|A0A1I3MUN4|A0A1I3MUN4_9RHOB	reference
tr|A0A1I3MXD8|A0A1I3MXD8_9PSEU	reference
tr|A0A1I3RZX6|A0A1I3RZX6_9RHOB	reference
tr|A0A1I4FX80|A0A1I4FX80_9RHOB	reference
tr|A0A1I4J192|A0A1I4J192_9BURK	reference
tr|A0A1I4QL48|A0A1I4QL48_9RHOB	reference
tr|A0A1I5KAZ3|A0A1I5KAZ3_9SPHN	reference
tr|A0A1I5RIJ1|A0A1I5RIJ1_9PSED	reference
tr|A0A1I6QS42|A0A1I6QS42_9RHOB	reference
tr|A0A1I6ZFM4|A0A1I6ZFM4_9RHOB	reference
tr|A0A1I7BT61|A0A1I7BT61_9RHOB	reference
tr|A0A1I7EAD9|A0A1I7EAD9_9RHOB	reference
tr|A0A1I7H3Q2|A0A1I7H3Q2_9BURK	reference
tr|A0A1I7ICB0|A0A1I7ICB0_9GAMM	reference
tr|A0A1L3LLL4|A0A1L3LLL4_9HYPH	reference
tr|A0A1M4SKK6|A0A1M4SKK6_9RHOB	reference
tr|A0A1M4UWH4|A0A1M4UWH4_9GAMM	reference
tr|A0A1M5PDU5|A0A1M5PDU5_9RHOB	reference
tr|A0A1M6RBJ8|A0A1M6RBJ8_9GAMM	reference
tr|A0A1M7DDE9|A0A1M7DDE9_9RHOB	reference
tr|A0A1M7H1M6|A0A1M7H1M6_9RHOB	reference
tr|A0A1M7IMG1|A0A1M7IMG1_9RHOB	reference
tr|A0A1M7SQD5|A0A1M7SQD5_9RHOB	reference
tr|A0A1M7SY59|A0A1M7SY59_9BRAD	reference
tr|A0A1M7UWF5|A0A1M7UWF5_9BRAD	reference
tr|A0A1M7ZR50|A0A1M7ZR50_9HYPH	reference
tr|A0A1N6KNT3|A0A1N6KNT3_9BURK	reference
tr|A0A1L9NWF2|A0A1L9NWF2_9RHOB	reference
tr|A0A1I3BQA5|A0A1I3BQA5_9GAMM	reference
tr|A0A1I3XP19|A0A1I3XP19_9HYPH	reference
tr|A0A1I4ETA6|A0A1I4ETA6_9RHOB	reference
tr|A0A1I4LGW7|A0A1I4LGW7_9GAMM	reference
tr|A0A1I5ACX6|A0A1I5ACX6_9NEIS	reference
tr|A0A1I5JRM1|A0A1I5JRM1_9HYPH	reference
tr|A0A1I5K8P4|A0A1I5K8P4_9PSED	reference
tr|A0A1I5RII2|A0A1I5RII2_9PSED	reference
tr|A0A1I5SR21|A0A1I5SR21_9SPHN	reference
tr|A0A1I5TG45|A0A1I5TG45_9GAMM	reference
tr|A0A1I6H151|A0A1I6H151_9GAMM	reference
tr|A0A1I7E9K1|A0A1I7E9K1_9RHOB	reference
tr|A0A1I7H8V5|A0A1I7H8V5_9BURK	reference
tr|A0A1I7NCB3|A0A1I7NCB3_9HYPH	reference
tr|A0A1K1X810|A0A1K1X810_9GAMM	reference
tr|A0A1K1Y8J9|A0A1K1Y8J9_9GAMM	reference
tr|A0A1L3GI38|A0A1L3GI38_SYNAC	reference
tr|A0A1M4Y0W7|A0A1M4Y0W7_9RHOB	reference
tr|A0A1M5U1B4|A0A1M5U1B4_9RHOB	reference
tr|A0A1M5WLN4|A0A1M5WLN4_9BURK	reference
tr|A0A1M5ZQ01|A0A1M5ZQ01_9BURK	reference
tr|A0A1M6CF72|A0A1M6CF72_9RHOB	reference
tr|A0A1M6I399|A0A1M6I399_9BRAD	reference
tr|A0A1M7EXJ3|A0A1M7EXJ3_9HYPH	reference
tr|A0A1M7GQQ8|A0A1M7GQQ8_9RHOB	reference
tr|A0A1M7NAR5|A0A1M7NAR5_9HYPH	reference
tr|A0A1N6PWP9|A0A1N6PWP9_9GAMM	reference
tr|A0A1I3EP39|A0A1I3EP39_9GAMM	reference
tr|A0A1I3HP95|A0A1I3HP95_9RHOB	reference
tr|A0A1I3IM26|A0A1I3IM26_9ACTN	reference
tr|A0A1I3KJ15|A0A1I3KJ15_9BURK	reference
tr|A0A1I3V217|A0A1I3V217_9HYPH	reference
tr|A0A1I3YY37|A0A1I3YY37_9ACTN	reference
tr|A0A1I4ADM9|A0A1I4ADM9_9HYPH	reference
tr|A0A1I4FKZ2|A0A1I4FKZ2_9HYPH	reference
tr|A0A1I4R9H6|A0A1I4R9H6_9GAMM	reference
tr|A0A1I5F0Y0|A0A1I5F0Y0_9ACTN	reference
tr|A0A1I5GS87|A0A1I5GS87_9ACTN	reference
tr|A0A1I5HPF9|A0A1I5HPF9_PARPN	reference
tr|A0A1I5U551|A0A1I5U551_9SPHN	reference
tr|A0A1I5XYD5|A0A1I5XYD5_9RHOB	reference
tr|A0A1I6LC87|A0A1I6LC87_9SPHN	reference
tr|A0A1I7C8L8|A0A1I7C8L8_9ACTN	reference
tr|A0A1I7DG43|A0A1I7DG43_9RHOB	reference
tr|A0A1I7ECT2|A0A1I7ECT2_9RHOB	reference
tr|A0A1J1LIS3|A0A1J1LIS3_9CYAN	reference
tr|A0A1M5A395|A0A1M5A395_LOKAT	reference
tr|A0A1M5EGX0|A0A1M5EGX0_9ALTE	reference
tr|A0A1M5ESL0|A0A1M5ESL0_9GAMM	reference
tr|A0A1M5KJL9|A0A1M5KJL9_9FIRM	reference
tr|A0A1M5L353|A0A1M5L353_9RHOB	reference
tr|A0A1M5XE27|A0A1M5XE27_9GAMM	reference
tr|A0A1M6DXN6|A0A1M6DXN6_9RHOB	reference
tr|A0A1M6G2Y0|A0A1M6G2Y0_9RHOB	reference
tr|A0A1M6Y5C5|A0A1M6Y5C5_9RHOB	reference
tr|A0A1M6ZAU3|A0A1M6ZAU3_9GAMM	reference
tr|A0A1M7BPP3|A0A1M7BPP3_9RHOB	reference
tr|A0A1M7F6I9|A0A1M7F6I9_9RHOB	reference
tr|A0A1M7S1G0|A0A1M7S1G0_9RHOB	reference
tr|A0A1M7SNP9|A0A1M7SNP9_9SPHN	reference
tr|A0A1M7Z9U6|A0A1M7Z9U6_9HYPH	reference
tr|A0A1N6PV41|A0A1N6PV41_9GAMM	reference
tr|A0A1S2LH42|A0A1S2LH42_9BACI	reference
tr|A0A1N6RH92|A0A1N6RH92_9RHOO	reference
tr|A0A1N7JZB1|A0A1N7JZB1_9PROT	reference
tr|A0A1N7LSQ7|A0A1N7LSQ7_9RHOB	reference
tr|A0A1P8URR8|A0A1P8URR8_9RHOB	reference
tr|A0A1R3WUG2|A0A1R3WUG2_9RHOB	reference
tr|A0A1S1HJ73|A0A1S1HJ73_9SPHN	reference
tr|A0A1T4WDX0|A0A1T4WDX0_9GAMM	reference
tr|A0A1T5AM98|A0A1T5AM98_9SPHN	reference
tr|A0A1T5GET6|A0A1T5GET6_9SPHN	reference
tr|A0A1V0RQH7|A0A1V0RQH7_9RHOB	reference
tr|A0A1W1Y0B1|A0A1W1Y0B1_9NEIS	reference
tr|A0A1W2ECN3|A0A1W2ECN3_9RHOB	reference
tr|A0A1X6ZAQ0|A0A1X6ZAQ0_9RHOB	reference
tr|A0A1X7A1A1|A0A1X7A1A1_9RHOB	reference
tr|A0A1X7AFX8|A0A1X7AFX8_9GAMM	reference
tr|A0A1X7FZ27|A0A1X7FZ27_TRICW	reference
tr|A0A1X7H2G3|A0A1X7H2G3_9SPHN	reference
tr|A0A1Y2MJK6|A0A1Y2MJK6_PSEAH	reference
tr|A0A1Y4DIX0|A0A1Y4DIX0_9BACT	reference
tr|A0A1Y5RGX7|A0A1Y5RGX7_9RHOB	reference
tr|A0A1Y5SQJ2|A0A1Y5SQJ2_9PROT	reference
tr|A0A1Y5SV68|A0A1Y5SV68_9RHOB	reference
tr|A0A1Y6BBD4|A0A1Y6BBD4_9PROT	reference
tr|A0A1Y6BPE7|A0A1Y6BPE7_9PROT	reference
tr|A0A1Y6C941|A0A1Y6C941_9NEIS	reference
tr|A0A1Y6MH97|A0A1Y6MH97_9GAMM	reference
tr|A0A238J6H5|A0A238J6H5_9RHOB	reference
tr|A0A1R4B636|A0A1R4B636_9VIBR	reference
tr|A0A1X6YA69|A0A1X6YA69_9RHOB	reference
tr|A0A1X6Z9U0|A0A1X6Z9U0_9RHOB	reference
tr|A0A1X6ZKJ3|A0A1X6ZKJ3_9RHOB	reference
tr|A0A1Y2N5Y9|A0A1Y2N5Y9_PSEAH	reference
tr|A0A1Y5SWL6|A0A1Y5SWL6_9RHOB	reference
tr|A0A1Y5TKJ3|A0A1Y5TKJ3_9PROT	reference
tr|A0A1Y6KRP4|A0A1Y6KRP4_9GAMM	reference
tr|A0A222NZC7|A0A222NZC7_9GAMM	reference
tr|A0A238JB02|A0A238JB02_9RHOB	reference
tr|A0A1V2F001|A0A1V2F001_9SPHN	reference
tr|A0A1X6Y4E5|A0A1X6Y4E5_9RHOB	reference
tr|A0A1X6Z247|A0A1X6Z247_9RHOB	reference
tr|A0A1Y0EA09|A0A1Y0EA09_9RHOB	reference
tr|A0A221JY20|A0A221JY20_9RHOB	reference
tr|A0A238D4T5|A0A238D4T5_THIDL	reference
tr|A0A1N7M3U3|A0A1N7M3U3_9RHOB	reference
tr|A0A1R3WVF0|A0A1R3WVF0_9RHOB	reference
tr|A0A1T4PIX0|A0A1T4PIX0_9HYPH	reference
tr|A0A1T4UC10|A0A1T4UC10_9GAMM	reference
tr|A0A1T5F7E5|A0A1T5F7E5_9SPHN	reference
tr|A0A1U6GRE8|A0A1U6GRE8_9SPHN	reference
tr|A0A1X6Z4A9|A0A1X6Z4A9_9RHOB	reference
tr|A0A1X7A1K2|A0A1X7A1K2_9RHOB	reference
tr|A0A1X7GZQ2|A0A1X7GZQ2_9SPHN	reference
tr|A0A1X7M0R0|A0A1X7M0R0_9BURK	reference
tr|A0A1Y2MZ02|A0A1Y2MZ02_PSEAH	reference
tr|A0A1Y5RNQ3|A0A1Y5RNQ3_9RHOB	reference
tr|A0A1Y5RPS4|A0A1Y5RPS4_9RHOB	reference
tr|A0A1Y5RVH8|A0A1Y5RVH8_9PROT	reference
tr|A0A1Y5T2K3|A0A1Y5T2K3_9RHOB	reference
tr|A0A1Y5T2S5|A0A1Y5T2S5_9RHOB	reference
tr|A0A212QUP8|A0A212QUP8_9PROT	reference
tr|A0A212R986|A0A212R986_RHOAC	reference
tr|A0A222E9V8|A0A222E9V8_9RHOB	reference
tr|A0A231G6J9|A0A231G6J9_PSEJE	reference
tr|A0A1N6PYK7|A0A1N6PYK7_9GAMM	reference
tr|A0A1N7G0L4|A0A1N7G0L4_9RHOB	reference
tr|A0A1N7Q723|A0A1N7Q723_9RHOB	reference
tr|A0A1N7RZ52|A0A1N7RZ52_9BURK	reference
tr|A0A1N7SF10|A0A1N7SF10_9BURK	reference
tr|A0A1Q9G762|A0A1Q9G762_9GAMM	reference
tr|A0A1R3WI34|A0A1R3WI34_9RHOB	reference
tr|A0A1R4LCL4|A0A1R4LCL4_VIBR1	reference
tr|A0A1T5FPD3|A0A1T5FPD3_9FLAO	reference
tr|A0A1U6HK62|A0A1U6HK62_9SPHN	reference
tr|A0A1V0RR64|A0A1V0RR64_9RHOB	reference
tr|A0A1V2ETY2|A0A1V2ETY2_9SPHN	reference
tr|A0A1W2CS48|A0A1W2CS48_9HYPH	reference
tr|A0A1X7BL02|A0A1X7BL02_9RHOB	reference
tr|A0A1X7BSB9|A0A1X7BSB9_9RHOB	reference
tr|A0A1Y2MK30|A0A1Y2MK30_PSEAH	reference
tr|A0A1Y5S439|A0A1Y5S439_9RHOB	reference
tr|A0A1Y5SRQ5|A0A1Y5SRQ5_9RHOB	reference
tr|A0A1Y5T7Z3|A0A1Y5T7Z3_9RHOB	reference
tr|A0A1Y6BHS9|A0A1Y6BHS9_9NEIS	reference
tr|A0A1Y6BSI1|A0A1Y6BSI1_9NEIS	reference
tr|A0A1Y6CAY5|A0A1Y6CAY5_9PROT	reference
tr|A0A1Y6FB30|A0A1Y6FB30_9SPHN	reference
tr|A0A1Y6M9P7|A0A1Y6M9P7_9GAMM	reference
tr|A0A222VVD7|A0A222VVD7_9PSEU	reference
tr|A0A238J1L1|A0A238J1L1_9RHOB	reference
tr|A0A284VL59|A0A284VL59_9EURY	reference
tr|A0A284VNI3|A0A284VNI3_9EURY	reference
tr|A0A284VU13|A0A284VU13_9EURY	reference
tr|A0A238K3Z3|A0A238K3Z3_9RHOB	reference
tr|A0A238KKZ1|A0A238KKZ1_9RHOB	reference
tr|A0A238L1A1|A0A238L1A1_9RHOB	reference
tr|A0A238UVH0|A0A238UVH0_9RHOB	reference
tr|A0A238XYZ4|A0A238XYZ4_9RHOB	reference
tr|A0A239DR55|A0A239DR55_9PSED	reference
tr|A0A239GYM7|A0A239GYM7_9SPHN	reference
tr|A0A239JAA5|A0A239JAA5_9SPHN	reference
tr|A0A285NDC1|A0A285NDC1_9HYPH	reference
tr|A0A286GCU4|A0A286GCU4_9ACTN	reference
tr|A0A2C9CMR7|A0A2C9CMR7_9RHOB	reference
tr|A0A2H5FPD1|A0A2H5FPD1_9GAMM	reference
tr|A0A2M8H6D7|A0A2M8H6D7_9GAMM	reference
tr|A0A2M8VY13|A0A2M8VY13_9BURK	reference
tr|A0A2N0H739|A0A2N0H739_9SPHN	reference
tr|A0A2P2E845|A0A2P2E845_9PROT	reference
tr|A0A2P4ULZ5|A0A2P4ULZ5_9ACTN	reference
tr|A0A2P8EZG8|A0A2P8EZG8_9GAMM	reference
tr|A0A2R8A9Q8|A0A2R8A9Q8_9RHOB	reference
tr|A0A2R8AUU3|A0A2R8AUU3_9RHOB	reference
tr|A0A2S4M9D5|A0A2S4M9D5_9HYPH	reference
tr|A0A2S4MLA6|A0A2S4MLA6_9HYPH	reference
tr|A0A2T0X6X2|A0A2T0X6X2_9RHOB	reference
tr|A0A2T5BV79|A0A2T5BV79_9RHOB	reference
tr|A0A2T5GLI2|A0A2T5GLI2_9SPHN	reference
tr|A0A238KH92|A0A238KH92_9RHOB	reference
tr|A0A238KVV2|A0A238KVV2_9RHOB	reference
tr|A0A238L3H7|A0A238L3H7_9RHOB	reference
tr|A0A240EG07|A0A240EG07_9VIBR	reference
tr|A0A2C9D4L6|A0A2C9D4L6_9HYPH	reference
tr|A0A2H5FPZ7|A0A2H5FPZ7_9GAMM	reference
tr|A0A2N8ZJM5|A0A2N8ZJM5_9VIBR	reference
tr|A0A2R8AVI2|A0A2R8AVI2_9RHOB	reference
tr|A0A2R8B3B8|A0A2R8B3B8_9RHOB	reference
tr|A0A238JYC4|A0A238JYC4_9RHOB	reference
tr|A0A238L3Z4|A0A238L3Z4_9RHOB	reference
tr|A0A238LIN4|A0A238LIN4_9RHOB	reference
tr|A0A239SG82|A0A239SG82_9BURK	reference
tr|A0A245ZUK8|A0A245ZUK8_9SPHN	reference
tr|A0A2N9YIE3|A0A2N9YIE3_9GAMM	reference
tr|A0A2P2E8P5|A0A2P2E8P5_9PROT	reference
tr|A0A2P8GDY2|A0A2P8GDY2_9BACT	reference
tr|A0A2R8ARN5|A0A2R8ARN5_9RHOB	reference
tr|A0A2R8BYV2|A0A2R8BYV2_9RHOB	reference
tr|A0A2S2KSF1|A0A2S2KSF1_9ARCH	reference
tr|A0A2T3PRJ9|A0A2T3PRJ9_PHOPO	reference
tr|A0A238KFB1|A0A238KFB1_9RHOB	reference
tr|A0A239SJE6|A0A239SJE6_9BURK	reference
tr|A0A245ZK56|A0A245ZK56_9SPHN	reference
tr|A0A285EF71|A0A285EF71_9ACTN	reference
tr|A0A285QA23|A0A285QA23_9SPHN	reference
tr|A0A285TC20|A0A285TC20_9RHOB	reference
tr|A0A286GKB8|A0A286GKB8_9PROT	reference
tr|A0A2A3JTA0|A0A2A3JTA0_9RHOB	reference
tr|A0A2N3WKR6|A0A2N3WKR6_9PSEU	reference
tr|A0A2N4UXW8|A0A2N4UXW8_9GAMM	reference
tr|A0A2R8B4H0|A0A2R8B4H0_9RHOB	reference
tr|A0A2R8C546|A0A2R8C546_9RHOB	reference
tr|A0A2S8SDT3|A0A2S8SDT3_9RHOB	reference
tr|A0A2T0U1J7|A0A2T0U1J7_9ACTN	reference
tr|A0A2T1A2N1|A0A2T1A2N1_9ACTN	reference
tr|A0A2T3NAI5|A0A2T3NAI5_9GAMM	reference
tr|A0A2T4YQL0|A0A2T4YQL0_9SPHN	reference
tr|A0A238L007|A0A238L007_9RHOB	reference
tr|A0A239A9E9|A0A239A9E9_9ACTN	reference
tr|A0A239LEL8|A0A239LEL8_9PSED	reference
tr|A0A239NWA3|A0A239NWA3_9ACTN	reference
tr|A0A239PZQ9|A0A239PZQ9_9RHOB	reference
tr|A0A240EH58|A0A240EH58_9VIBR	reference
tr|A0A285CXZ5|A0A285CXZ5_9RHOB	reference
tr|A0A285D0F2|A0A285D0F2_9RHOB	reference
tr|A0A285TVL1|A0A285TVL1_9HYPH	reference
tr|A0A286GR83|A0A286GR83_9PROT	reference
tr|A0A286HLJ2|A0A286HLJ2_9HYPH	reference
tr|A0A2C9CR84|A0A2C9CR84_9RHOB	reference
tr|A0A2K5APY0|A0A2K5APY0_9ARCH	reference
tr|A0A2N0I3L6|A0A2N0I3L6_9SPHN	reference
tr|A0A2P4RNE4|A0A2P4RNE4_RALPI	reference
tr|A0A2R8ADY8|A0A2R8ADY8_9RHOB	reference
tr|A0A2R8AKX7|A0A2R8AKX7_9RHOB	reference
tr|A0A2S3UJ41|A0A2S3UJ41_9HYPH	reference
tr|A0A2S5JK56|A0A2S5JK56_9RHOB	reference
tr|A0A2S7V7Z2|A0A2S7V7Z2_9VIBR	reference
tr|A0A2T0RRD8|A0A2T0RRD8_9RHOB	reference
tr|A0A2T0U2S2|A0A2T0U2S2_9ACTN	reference
tr|A0A2T0WKT6|A0A2T0WKT6_9RHOB	reference
tr|A0A2T0XK91|A0A2T0XK91_9BURK	reference
tr|A0A2T6AVU8|A0A2T6AVU8_9RHOB	reference
tr|A0A2V3V9L7|A0A2V3V9L7_9SPHN	reference
tr|A0A2W7QIE3|A0A2W7QIE3_9RHOB	reference
tr|A0A2Z2NZX7|A0A2Z2NZX7_9GAMM	reference
tr|A0A2Z6DVS4|A0A2Z6DVS4_HYDTE	reference
tr|A0A318SKL1|A0A318SKL1_9BURK	reference
tr|A0A318T3V7|A0A318T3V7_9HYPH	reference
tr|A0A318U4I6|A0A318U4I6_9RHOB	reference
tr|A0A370HN94|A0A370HN94_9HYPH	reference
tr|A0A377GIV0|A0A377GIV0_9GAMM	reference
tr|A0A377GL88|A0A377GL88_9GAMM	reference
tr|A0A378JCF0|A0A378JCF0_9GAMM	reference
tr|A0A378JPS9|A0A378JPS9_9GAMM	reference
tr|A0A397NPT7|A0A397NPT7_9SPHN	reference
tr|A0A397P777|A0A397P777_9SPHN	reference
tr|A0A2Z2NQ59|A0A2Z2NQ59_9GAMM	reference
tr|A0A2Z2NW76|A0A2Z2NW76_9GAMM	reference
tr|A0A378JXC1|A0A378JXC1_9GAMM	reference
tr|A0A378LT56|A0A378LT56_9GAMM	reference
tr|A0A348G495|A0A348G495_9HYPH	reference
tr|A0A368L737|A0A368L737_9BURK	reference
tr|A0A368N3S2|A0A368N3S2_9EURY	reference
tr|A0A368N919|A0A368N919_9EURY	reference
tr|A0A369QCY8|A0A369QCY8_9SPHN	reference
tr|A0A371X8U9|A0A371X8U9_9HYPH	reference
tr|A0A378I499|A0A378I499_9GAMM	reference
tr|A0A378PA60|A0A378PA60_9GAMM	reference
tr|A0A379LJI0|A0A379LJI0_9GAMM	reference
tr|A0A396RKR9|A0A396RKR9_9SPHN	reference
tr|A0A3A1P502|A0A3A1P502_9SPHN	reference
tr|A0A3A5K4Q4|A0A3A5K4Q4_9HYPH	reference
tr|A0A3A8AVW3|A0A3A8AVW3_9RHOB	reference
tr|A0A3A8KJ06|A0A3A8KJ06_9BACT	reference
tr|A0A3A9JCI1|A0A3A9JCI1_9PROT	reference
tr|A0A2T5JWK8|A0A2T5JWK8_9RHOB	reference
tr|A0A2T6BCL6|A0A2T6BCL6_9RHOB	reference
tr|A0A2U3MZM2|A0A2U3MZM2_9GAMM	reference
tr|A0A2W7II72|A0A2W7II72_9PROT	reference
tr|A0A2Y9C0S9|A0A2Y9C0S9_9RHOB	reference
tr|A0A2Z6DWT1|A0A2Z6DWT1_HYDTE	reference
tr|A0A317N0R1|A0A317N0R1_9GAMM	reference
tr|A0A317PS22|A0A317PS22_9HYPH	reference
tr|A0A317QLN8|A0A317QLN8_9ACTN	reference
tr|A0A318IXK2|A0A318IXK2_9BURK	reference
tr|A0A318JD86|A0A318JD86_9NEIS	reference
tr|A0A318JSI3|A0A318JSI3_9BURK	reference
tr|A0A318TCL7|A0A318TCL7_9BRAD	reference
tr|A0A345S6Y8|A0A345S6Y8_9BURK	reference
tr|A0A366FDK8|A0A366FDK8_9HYPH	reference
tr|A0A368YGL2|A0A368YGL2_9RHOB	reference
tr|A0A369AQR0|A0A369AQR0_9BURK	reference
tr|A0A369TLY1|A0A369TLY1_9PROT	reference
tr|A0A369VYR0|A0A369VYR0_9SPHN	reference
tr|A0A369WRK1|A0A369WRK1_9GAMM	reference
tr|A0A370FC14|A0A370FC14_9BURK	reference
tr|A0A371X8A6|A0A371X8A6_9HYPH	reference
tr|A0A377GC39|A0A377GC39_9GAMM	reference
tr|A0A377GLR3|A0A377GLR3_9GAMM	reference
tr|A0A377Q4P9|A0A377Q4P9_9NEIS	reference
tr|A0A377STN0|A0A377STN0_9NEIS	reference
tr|A0A378JAD6|A0A378JAD6_9GAMM	reference
tr|A0A378JT31|A0A378JT31_9GAMM	reference
tr|A0A378PGP7|A0A378PGP7_9GAMM	reference
tr|A0A380T5Z6|A0A380T5Z6_9PSED	reference
tr|A0A385Z762|A0A385Z762_9PSED	reference
tr|A0A395LJ45|A0A395LJ45_9SPHN	reference
tr|A0A398CK33|A0A398CK33_9BURK	reference
tr|A0A399RGD8|A0A399RGD8_9PROT	reference
tr|A0A2T5HM86|A0A2T5HM86_9RHOB	reference
tr|A0A2T5IYQ9|A0A2T5IYQ9_9GAMM	reference
tr|A0A2T6B9N3|A0A2T6B9N3_9RHOB	reference
tr|A0A2T6KJS4|A0A2T6KJS4_9RHOB	reference
tr|A0A2V3UDJ7|A0A2V3UDJ7_9HYPH	reference
tr|A0A2V3UPN5|A0A2V3UPN5_9SPHN	reference
tr|A0A2W7NNW9|A0A2W7NNW9_9RHOB	reference
tr|A0A2Y9A0E6|A0A2Y9A0E6_9RHOB	reference
tr|A0A317MQM9|A0A317MQM9_9GAMM	reference
tr|A0A317MXT6|A0A317MXT6_9GAMM	reference
tr|A0A330LTS8|A0A330LTS8_9GAMM	reference
tr|A0A366H612|A0A366H612_9BURK	reference
tr|A0A366H862|A0A366H862_9BURK	reference
tr|A0A368Y0K5|A0A368Y0K5_9BURK	reference
tr|A0A368Z2F2|A0A368Z2F2_9RHOB	reference
tr|A0A369AKQ4|A0A369AKQ4_9BURK	reference
tr|A0A370FAC4|A0A370FAC4_9BURK	reference
tr|A0A378IYP8|A0A378IYP8_9GAMM	reference
tr|A0A378QBB4|A0A378QBB4_FAUOS	reference
tr|A0A378Y982|A0A378Y982_9NOCA	reference
tr|A0A378YWP7|A0A378YWP7_9NOCA	reference
tr|A0A397PFH9|A0A397PFH9_9HYPH	reference
tr|A0A3N6LPC2|A0A3N6LPC2_9EURY	reference
tr|A0A3N6M2N0|A0A3N6M2N0_NATCH	reference
tr|A0A3N6MLH0|A0A3N6MLH0_9EURY	reference
tr|A0A498DD51|A0A498DD51_9BACI	reference
tr|A0A4D6HCA8|A0A4D6HCA8_9EURY	reference
tr|A0A4P9TFR9|A0A4P9TFR9_9EURY	reference
tr|A0A3S4DCP9|A0A3S4DCP9_9BRAD	reference
tr|A0A401J3H4|A0A401J3H4_SPHXE	reference
tr|A0A420WIX5|A0A420WIX5_9PROT	reference
tr|A0A421AZK5|A0A421AZK5_9PSEU	reference
tr|A0A480AI21|A0A480AI21_9BURK	reference
tr|A0A484I9S0|A0A484I9S0_9ARCH	reference
tr|A0A495WHH7|A0A495WHH7_9RHOO	reference
tr|A0A498C5H5|A0A498C5H5_9GAMM	reference
tr|A0A498PUE3|A0A498PUE3_9MYCO	reference
tr|A0A4D6LUZ9|A0A4D6LUZ9_VIGUN	reference
tr|A0A4Q7UYM8|A0A4Q7UYM8_PSEST	reference
tr|A0A4Q7VCB2|A0A4Q7VCB2_9BURK	reference
tr|A0A4Q7VD52|A0A4Q7VD52_9BURK	reference
tr|A0A4R1GYE2|A0A4R1GYE2_9GAMM	reference
tr|A0A3G8JFS6|A0A3G8JFS6_9ACTN	reference
tr|A0A3G8JN71|A0A3G8JN71_9ACTN	reference
tr|A0A3P4B436|A0A3P4B436_9BURK	reference
tr|A0A3P5XCI6|A0A3P5XCI6_9RHOB	reference
tr|A0A444JWC5|A0A444JWC5_9GAMM	reference
tr|A0A447IQN8|A0A447IQN8_9RHOB	reference
tr|A0A3G8H579|A0A3G8H579_9BURK	reference
tr|A0A3L7AJD5|A0A3L7AJD5_9HYPH	reference
tr|A0A3M6QIN6|A0A3M6QIN6_9BURK	reference
tr|A0A3P1SKH8|A0A3P1SKH8_9GAMM	reference
tr|A0A3P1SM22|A0A3P1SM22_9GAMM	reference
tr|A0A3S0GZP2|A0A3S0GZP2_9BURK	reference
tr|A0A3S0QEW3|A0A3S0QEW3_9VIBR	reference
tr|A0A3S0XMN0|A0A3S0XMN0_CHLFR	reference
tr|A0A3S0Y4J1|A0A3S0Y4J1_9GAMM	reference
tr|A0A411WYX2|A0A411WYX2_9BURK	reference
tr|A0A411Z835|A0A411Z835_9RHOB	reference
tr|A0A418XKX5|A0A418XKX5_9PSED	reference
tr|A0A421BKU7|A0A421BKU7_9RHOB	reference
tr|A0A430KVX0|A0A430KVX0_9GAMM	reference
tr|A0A437JDZ7|A0A437JDZ7_9SPHN	reference
tr|A0A446CU87|A0A446CU87_9BURK	reference
tr|A0A4P7PAT8|A0A4P7PAT8_9PSED	reference
tr|A0A4Q9VEF6|A0A4Q9VEF6_9HYPH	reference
tr|A0A4R1BG55|A0A4R1BG55_9ACTN	reference
tr|A0A3D9FIM5|A0A3D9FIM5_9SPHN	reference
tr|A0A3M0MB34|A0A3M0MB34_9RHOB	reference
tr|A0A3M2RCF4|A0A3M2RCF4_9GAMM	reference
tr|A0A3M8DWE4|A0A3M8DWE4_9BACL	reference
tr|A0A3N1MEZ7|A0A3N1MEZ7_9PROT	reference
tr|A0A3N2CY63|A0A3N2CY63_9ACTN	reference
tr|A0A3N2QTW2|A0A3N2QTW2_9RHOB	reference
tr|A0A3N7HT07|A0A3N7HT07_9BURK	reference
tr|A0A3Q9K0Y4|A0A3Q9K0Y4_9BURK	reference
tr|A0A418SJ86|A0A418SJ86_9RHOB	reference
tr|A0A418X9K3|A0A418X9K3_9PSED	reference
tr|A0A419ACF8|A0A419ACF8_9RHOB	reference
tr|A0A430HCQ8|A0A430HCQ8_9BURK	reference
tr|A0A430KVQ2|A0A430KVQ2_9GAMM	reference
tr|A0A431VKS2|A0A431VKS2_9PROT	reference
tr|A0A437M8M6|A0A437M8M6_9SPHN	reference
tr|A0A437Q7Y4|A0A437Q7Y4_9GAMM	reference
tr|A0A437QE13|A0A437QE13_9GAMM	reference
tr|A0A437RK27|A0A437RK27_9BURK	reference
tr|A0A437S4S5|A0A437S4S5_9FIRM	reference
tr|A0A438AKI1|A0A438AKI1_9RHOB	reference
tr|A0A495BBG6|A0A495BBG6_VOGIN	reference
tr|A0A4D7BFA1|A0A4D7BFA1_9HYPH	reference
tr|A0A4Q2KGY5|A0A4Q2KGY5_9SPHN	reference
tr|A0A4Q2R807|A0A4Q2R807_9HYPH	reference
tr|A0A4Q7KKX5|A0A4Q7KKX5_9PSEU	reference
tr|A0A4Q7LVA7|A0A4Q7LVA7_9BURK	reference
tr|A0A4Q8D200|A0A4Q8D200_9GAMM	reference
tr|A0A4Q9H316|A0A4Q9H316_9BURK	reference
tr|A0A4R0P674|A0A4R0P674_9HYPH	reference
tr|A0A3B0MND3|A0A3B0MND3_9RHOB	reference
tr|A0A3B8DGV8|A0A3B8DGV8_9GAMM	reference
tr|A0A3D9SRY4|A0A3D9SRY4_9ACTN	reference
tr|A0A3E0H5K6|A0A3E0H5K6_9GAMM	reference
tr|A0A3M2RL64|A0A3M2RL64_9GAMM	reference
tr|A0A3N1XZJ2|A0A3N1XZJ2_9GAMM	reference
tr|A0A3S9XZH6|A0A3S9XZH6_9BURK	reference
tr|A0A401J048|A0A401J048_SPHXE	reference
tr|A0A495WBJ7|A0A495WBJ7_9RHOO	reference
tr|A0A498Q0R0|A0A498Q0R0_9MYCO	reference
tr|A0A4P1K1Q1|A0A4P1K1Q1_9CAUL	reference
tr|A0A4Q7KE29|A0A4Q7KE29_9PSEU	reference
tr|A0A4Q7Y9Z9|A0A4Q7Y9Z9_9ACTN	reference
tr|A0A4Q7Z8R9|A0A4Q7Z8R9_9GAMM	reference
tr|A0A4R1GLL5|A0A4R1GLL5_9GAMM	reference
tr|A0A4S3TI70|A0A4S3TI70_9EURY	reference
tr|A0A4R5VWY0|A0A4R5VWY0_9BACI	reference
tr|A0A518HKS0|A0A518HKS0_9BACT	reference
tr|A0A511V2L8|A0A511V2L8_9BACL	reference
tr|A0A4R1IBI0|A0A4R1IBI0_ANCAQ	reference
tr|A0A4R3JNW3|A0A4R3JNW3_9RHOB	reference
tr|A0A4R6FJS0|A0A4R6FJS0_9SPHN	reference
tr|A0A4R6RJL8|A0A4R6RJL8_9HYPH	reference
tr|A0A4R6RP64|A0A4R6RP64_9BURK	reference
tr|A0A4R6UK17|A0A4R6UK17_9BURK	reference
tr|A0A4R6VET6|A0A4R6VET6_9PSEU	reference
tr|A0A4R7CDH6|A0A4R7CDH6_9HYPH	reference
tr|A0A4Y3IRN2|A0A4Y3IRN2_9VIBR	reference
tr|A0A4Y3WKA6|A0A4Y3WKA6_9PSEU	reference
tr|A0A518AQ37|A0A518AQ37_9BACT	reference
tr|A0A518HKS6|A0A518HKS6_9BACT	reference
tr|A0A521AAK1|A0A521AAK1_9RHOB	reference
tr|A0A521ELI2|A0A521ELI2_9ACTN	reference
tr|A0A521FDG7|A0A521FDG7_9ACTN	reference
tr|A0A4R1K402|A0A4R1K402_9GAMM	reference
tr|A0A4R2NZ35|A0A4R2NZ35_9FLAO	reference
tr|A0A4R8QZ54|A0A4R8QZ54_9MYCO	reference
tr|A0A4Y8WJ87|A0A4Y8WJ87_9VIBR	reference
tr|A0A512NE19|A0A512NE19_9HYPH	reference
tr|A0A4R3PR05|A0A4R3PR05_RHISU	reference
tr|A0A4R4D7A8|A0A4R4D7A8_9PROT	reference
tr|A0A4S2GY34|A0A4S2GY34_9PROT	reference
tr|A0A4S2HFF4|A0A4S2HFF4_9PROT	reference
tr|A0A4S4B2G6|A0A4S4B2G6_9RHOO	reference
tr|A0A4S4NAB4|A0A4S4NAB4_9RHOB	reference
tr|A0A4S8P5C0|A0A4S8P5C0_9HYPH	reference
tr|A0A4T3F835|A0A4T3F835_9SPHN	reference
tr|A0A4U1L4C5|A0A4U1L4C5_9SPHN	reference
tr|A0A4Y3HY53|A0A4Y3HY53_9VIBR	reference
tr|A0A4Y4CTL8|A0A4Y4CTL8_ZOORA	reference
tr|A0A4Z0B5Y4|A0A4Z0B5Y4_9PSED	reference
tr|A0A510HIB4|A0A510HIB4_9ACTN	reference
tr|A0A512AL91|A0A512AL91_9SPHN	reference
tr|A0A512JB75|A0A512JB75_9HYPH	reference
tr|A0A4R1HVV6|A0A4R1HVV6_PSEEN	reference
tr|A0A4R1Z355|A0A4R1Z355_9RHOB	reference
tr|A0A4R2KF83|A0A4R2KF83_9RHOB	reference
tr|A0A4R2L407|A0A4R2L407_9GAMM	reference
tr|A0A4R2PWA2|A0A4R2PWA2_9RHOB	reference
tr|A0A4R3J8M2|A0A4R3J8M2_9PROT	reference
tr|A0A4R3JC61|A0A4R3JC61_9RHOB	reference
tr|A0A4R3M4V6|A0A4R3M4V6_9HYPH	reference
tr|A0A4R3V144|A0A4R3V144_9BURK	reference
tr|A0A4R6DZY3|A0A4R6DZY3_9RHOO	reference
tr|A0A4R6FR72|A0A4R6FR72_9SPHN	reference
tr|A0A4R6GIQ1|A0A4R6GIQ1_9BURK	reference
tr|A0A4R6USV5|A0A4R6USV5_9GAMM	reference
tr|A0A4R8S9P6|A0A4R8S9P6_9MYCO	reference
tr|A0A4T0V2A1|A0A4T0V2A1_9NEIS	reference
tr|A0A4U6QWS7|A0A4U6QWS7_9GAMM	reference
tr|A0A4U7N6R1|A0A4U7N6R1_9RHOB	reference
tr|A0A4V2UPU4|A0A4V2UPU4_9RHOB	reference
tr|A0A4V3WB98|A0A4V3WB98_9RHOO	reference
tr|A0A4Y3IMB5|A0A4Y3IMB5_9VIBR	reference
tr|A0A4Y9RQH1|A0A4Y9RQH1_9CAUL	reference
tr|A0A508TB55|A0A508TB55_9BRAD	reference
tr|A0A512HHI3|A0A512HHI3_9HYPH	reference
tr|A0A518AQ34|A0A518AQ34_9BACT	reference
tr|A0A518N6Y3|A0A518N6Y3_9GAMM	reference
tr|A0A521CY67|A0A521CY67_9RHOB	reference
tr|A0A4R1HXV0|A0A4R1HXV0_PSEEN	reference
tr|A0A4R1XN39|A0A4R1XN39_ACICA	reference
tr|A0A4R1YFZ9|A0A4R1YFZ9_9RHOB	reference
tr|A0A4R2L3Q8|A0A4R2L3Q8_9GAMM	reference
tr|A0A4R2LA25|A0A4R2LA25_9GAMM	reference
tr|A0A4R2N9M6|A0A4R2N9M6_9BURK	reference
tr|A0A4R2NGX1|A0A4R2NGX1_9BURK	reference
tr|A0A4R2PDV2|A0A4R2PDV2_RHOSA	reference
tr|A0A4R2RGH2|A0A4R2RGH2_9RHOB	reference
tr|A0A4R3MCL9|A0A4R3MCL9_9HYPH	reference
tr|A0A4R3MFT3|A0A4R3MFT3_9HYPH	reference
tr|A0A4R6NBU7|A0A4R6NBU7_9BURK	reference
tr|A0A4R6QN70|A0A4R6QN70_9BURK	reference
tr|A0A4R6RMY8|A0A4R6RMY8_9BURK	reference
tr|A0A4R6WNZ1|A0A4R6WNZ1_9PROT	reference
tr|A0A4R7BEU2|A0A4R7BEU2_9NEIS	reference
tr|A0A4R7K4D0|A0A4R7K4D0_9GAMM	reference
tr|A0A4R7NID1|A0A4R7NID1_9GAMM	reference
tr|A0A4R7PBT8|A0A4R7PBT8_9GAMM	reference
tr|A0A4U3FLS4|A0A4U3FLS4_9GAMM	reference
tr|A0A4V2FUG5|A0A4V2FUG5_9ACTN	reference
tr|A0A4V3BMP2|A0A4V3BMP2_9RHOO	reference
tr|A0A508T1Q2|A0A508T1Q2_9BRAD	reference
tr|A0A511SXT0|A0A511SXT0_MYXFU	reference
tr|A0A512BZ99|A0A512BZ99_9HYPH	reference
tr|A0A5K8AHA2|A0A5K8AHA2_9BACT	reference
tr|A0A544T1Z4|A0A544T1Z4_9BACI	reference
tr|A0A6B0T7Q7|A0A6B0T7Q7_9EURY	reference
tr|A0A5B9MI03|A0A5B9MI03_9BACT	reference
tr|A0A5K7YSC7|A0A5K7YSC7_9BACT	reference
tr|A0A6A8G4W9|A0A6A8G4W9_9EURY	reference
tr|A0A5D5AT15|A0A5D5AT15_9EURY	reference
tr|A0A5K8A3Q1|A0A5K8A3Q1_9BACT	reference
tr|A0A5P9NZ32|A0A5P9NZ32_9EURY	reference
tr|A0A543FUN5|A0A543FUN5_9PSEU	reference
tr|A0A543KC91|A0A543KC91_9RHOB	reference
tr|A0A554XKN5|A0A554XKN5_9BURK	reference
tr|A0A556QKC2|A0A556QKC2_9BACT	reference
tr|A0A560LM05|A0A560LM05_9BRAD	reference
tr|A0A562PUB7|A0A562PUB7_9PSED	reference
tr|A0A562SIM8|A0A562SIM8_9HYPH	reference
tr|A0A562UXA6|A0A562UXA6_9SPHN	reference
tr|A0A5B9W5B5|A0A5B9W5B5_9BACT	reference
tr|A0A5M3PNF9|A0A5M3PNF9_9GAMM	reference
tr|A0A554X158|A0A554X158_9BURK	reference
tr|A0A5J6WUA4|A0A5J6WUA4_9GAMM	reference
tr|A0A5K1I7L0|A0A5K1I7L0_9GAMM	reference
tr|A0A5Q0TAN5|A0A5Q0TAN5_9VIBR	reference
tr|A0A540V6R0|A0A540V6R0_9BACL	reference
tr|A0A554XJ58|A0A554XJ58_9BURK	reference
tr|A0A557RMW6|A0A557RMW6_9GAMM	reference
tr|A0A562ZH46|A0A562ZH46_9BURK	reference
tr|A0A564WES8|A0A564WES8_9PROT	reference
tr|A0A5A9W5K4|A0A5A9W5K4_9GAMM	reference
tr|A0A5B9MPF7|A0A5B9MPF7_9BACT	reference
tr|A0A5C0B6V3|A0A5C0B6V3_9BURK	reference
tr|A0A5C5GEW4|A0A5C5GEW4_9RHOB	reference
tr|A0A5C6S0Z4|A0A5C6S0Z4_9RHOB	reference
tr|A0A5C8PD03|A0A5C8PD03_9HYPH	reference
tr|A0A5D4GSZ7|A0A5D4GSZ7_9HYPH	reference
tr|A0A5E4PEG0|A0A5E4PEG0_9COXI	reference
tr|A0A5J6WQD8|A0A5J6WQD8_MORMI	reference
tr|A0A5M6J2D7|A0A5M6J2D7_9PROT	reference
tr|A0A5P1RAF2|A0A5P1RAF2_9GAMM	reference
tr|A0A5P9CRA7|A0A5P9CRA7_9VIBR	reference
tr|A0A5R9QVG8|A0A5R9QVG8_9PSED	reference
tr|A0A5R9QVH3|A0A5R9QVH3_9PSED	reference
tr|A0A654LWM3|A0A654LWM3_9ARCH	reference
tr|A0A542YTF2|A0A542YTF2_9MICO	reference
tr|A0A543AA64|A0A543AA64_9ACTN	reference
tr|A0A543DX60|A0A543DX60_9PSEU	reference
tr|A0A545TT69|A0A545TT69_9PROT	reference
tr|A0A554WAE1|A0A554WAE1_9BURK	reference
tr|A0A554WUY7|A0A554WUY7_9BURK	reference
tr|A0A554WVC5|A0A554WVC5_9BURK	reference
tr|A0A556ACL5|A0A556ACL5_9BURK	reference
tr|A0A558HWZ0|A0A558HWZ0_9GAMM	reference
tr|A0A560HK99|A0A560HK99_9PROT	reference
tr|A0A561SXY7|A0A561SXY7_9PSEU	reference
tr|A0A562KBB8|A0A562KBB8_SPHWJ	reference
tr|A0A562KQ91|A0A562KQ91_SPHWJ	reference
tr|A0A562R154|A0A562R154_9BRAD	reference
tr|A0A564FZ37|A0A564FZ37_9HYPH	reference
tr|A0A5B7ZNN8|A0A5B7ZNN8_9GAMM	reference
tr|A0A5B8KUB4|A0A5B8KUB4_9HYPH	reference
tr|A0A5B8RXE3|A0A5B8RXE3_9BURK	reference
tr|A0A5C0SE92|A0A5C0SE92_CRATE	reference
tr|A0A5C1E5U7|A0A5C1E5U7_9RHOO	reference
tr|A0A5C1NF10|A0A5C1NF10_9GAMM	reference
tr|A0A5C1Q4I0|A0A5C1Q4I0_9BURK	reference
tr|A0A5C4MXM4|A0A5C4MXM4_9RHOB	reference
tr|A0A5C4NET5|A0A5C4NET5_9RHOB	reference
tr|A0A5C7ESS6|A0A5C7ESS6_9PROT	reference
tr|A0A5E4PIR7|A0A5E4PIR7_9COXI	reference
tr|A0A5F0K8U1|A0A5F0K8U1_9GAMM	reference
tr|A0A5J5I9Q2|A0A5J5I9Q2_9SPHN	reference
tr|A0A5J6WST3|A0A5J6WST3_MORMI	reference
tr|A0A5K1I5P6|A0A5K1I5P6_9GAMM	reference
tr|A0A5M6IJL8|A0A5M6IJL8_9PROT	reference
tr|A0A5N1J9R9|A0A5N1J9R9_9BACT	reference
tr|A0A5Q4VFL0|A0A5Q4VFL0_9BACT	reference
tr|A0A5Q4YYP2|A0A5Q4YYP2_9BURK	reference
tr|A0A5R8Z7M9|A0A5R8Z7M9_9PSED	reference
tr|A0A5S3PBJ7|A0A5S3PBJ7_9RHOB	reference
tr|A0A5S9QVF8|A0A5S9QVF8_MYCAO	reference
tr|A0A679IA71|A0A679IA71_9RHOO	reference
tr|A0A543IC83|A0A543IC83_9ACTN	reference
tr|A0A554X909|A0A554X909_9BURK	reference
tr|A0A557ST61|A0A557ST61_9ARCH	reference
tr|A0A562KW19|A0A562KW19_9BRAD	reference
tr|A0A562RDX9|A0A562RDX9_9BURK	reference
tr|A0A5C1E4N2|A0A5C1E4N2_9RHOO	reference
tr|A0A5C6D0T6|A0A5C6D0T6_9BACT	reference
tr|A0A5S5CW62|A0A5S5CW62_9ACTN	reference
tr|A0A6A7GGQ7|A0A6A7GGQ7_9ALTO	reference
tr|A0A7D5TAQ5|A0A7D5TAQ5_9EURY	reference
tr|A0A6B0VLJ0|A0A6B0VLJ0_9EURY	reference
tr|A0A7D6GVV9|A0A7D6GVV9_9EURY	reference
tr|A0A6G1Z2H3|A0A6G1Z2H3_9EURY	reference
tr|A0A6I1FGB3|A0A6I1FGB3_9BACI	reference
tr|A0A6B9F2J5|A0A6B9F2J5_9EURY	reference
tr|A0A6I6EJF8|A0A6I6EJF8_THETI	reference
tr|A0A6F8T1G4|A0A6F8T1G4_9GAMM	reference
tr|A0A6I4UNI0|A0A6I4UNI0_9SPHN	reference
tr|A0A6I7HK50|A0A6I7HK50_9HYPH	reference
tr|A0A6M4GZK1|A0A6M4GZK1_9PROT	reference
tr|A0A6N6JJZ9|A0A6N6JJZ9_9RHOB	reference
tr|A0A6P1M6T9|A0A6P1M6T9_9BACT	reference
tr|A0A7R6PBT9|A0A7R6PBT9_9GAMM	reference
tr|A0A7U7I757|A0A7U7I757_9GAMM	reference
tr|A0A7W4VLG0|A0A7W4VLG0_9HYPH	reference
tr|A0A7W4Z7U6|A0A7W4Z7U6_9GAMM	reference
tr|A0A7W5Z370|A0A7W5Z370_9HYPH	reference
tr|A0A7W6A8Z9|A0A7W6A8Z9_9SPHN	reference
tr|A0A6J5DDS5|A0A6J5DDS5_9BURK	reference
tr|A0A6J5G0A4|A0A6J5G0A4_9BURK	reference
tr|A0A7I9VBN9|A0A7I9VBN9_9ACTN	reference
tr|A0A7R6PKA9|A0A7R6PKA9_9GAMM	reference
tr|A0A6B3NWP9|A0A6B3NWP9_9PSED	reference
tr|A0A6B3RTJ8|A0A6B3RTJ8_9RHOB	reference
tr|A0A6B3SG00|A0A6B3SG00_9BURK	reference
tr|A0A6C2CMT9|A0A6C2CMT9_9RHOO	reference
tr|A0A6G7VPE0|A0A6G7VPE0_9RHOB	reference
tr|A0A6G7YP23|A0A6G7YP23_9SPHN	reference
tr|A0A6G8Q0M4|A0A6G8Q0M4_9ACTN	reference
tr|A0A6H2H8Y4|A0A6H2H8Y4_9BURK	reference
tr|A0A6I4KS99|A0A6I4KS99_9PSED	reference
tr|A0A6I4SYA7|A0A6I4SYA7_9SPHN	reference
tr|A0A6I5RUU7|A0A6I5RUU7_9PSED	reference
tr|A0A6J5ES66|A0A6J5ES66_9BURK	reference
tr|A0A6L6HMB7|A0A6L6HMB7_9RHOB	reference
tr|A0A6L7GJZ1|A0A6L7GJZ1_9SPHN	reference
tr|A0A6M4MD89|A0A6M4MD89_9ALTE	reference
tr|A0A6N9SY06|A0A6N9SY06_9HYPH	reference
tr|A0A6S7CBK2|A0A6S7CBK2_9BURK	reference
tr|A0A6S7CEZ8|A0A6S7CEZ8_9BURK	reference
tr|A0A6S7CW84|A0A6S7CW84_9BURK	reference
tr|A0A6V7E2A8|A0A6V7E2A8_9XANT	reference
tr|A0A7C9V9M9|A0A7C9V9M9_9HYPH	reference
tr|A0A7D5D5I0|A0A7D5D5I0_9PSED	reference
tr|A0A7G5DQJ2|A0A7G5DQJ2_9PSED	reference
tr|A0A7G5DQJ4|A0A7G5DQJ4_9PSED	reference
tr|A0A7J5AGP2|A0A7J5AGP2_9FLAO	reference
tr|A0A7U7I6Z6|A0A7U7I6Z6_9GAMM	reference
tr|A0A7W2FUC2|A0A7W2FUC2_9VIBR	reference
tr|A0A7W4D8Y5|A0A7W4D8Y5_9GAMM	reference
tr|A0A6B0TUB6|A0A6B0TUB6_9RHOB	reference
tr|A0A6C1B365|A0A6C1B365_9RHOO	reference
tr|A0A6C2CHP1|A0A6C2CHP1_9RHOO	reference
tr|A0A6G8Q094|A0A6G8Q094_9ACTN	reference
tr|A0A6G8Q686|A0A6G8Q686_9ACTN	reference
tr|A0A6H1TXM3|A0A6H1TXM3_9CYAN	reference
tr|A0A6I1I2V2|A0A6I1I2V2_9BURK	reference
tr|A0A6I6GYJ7|A0A6I6GYJ7_9PSED	reference
tr|A0A6I6MPI9|A0A6I6MPI9_9CAUL	reference
tr|A0A6I6SQM3|A0A6I6SQM3_9GAMM	reference
tr|A0A6J4ZJI7|A0A6J4ZJI7_9BURK	reference
tr|A0A6L3SXA6|A0A6L3SXA6_9HYPH	reference
tr|A0A6L5YVT7|A0A6L5YVT7_9RHOB	reference
tr|A0A6L8W931|A0A6L8W931_9PROT	reference
tr|A0A6M4GYA9|A0A6M4GYA9_9PROT	reference
tr|A0A6N7QUX0|A0A6N7QUX0_9GAMM	reference
tr|A0A6P1MMD5|A0A6P1MMD5_9FIRM	reference
tr|A0A6S6ZTR7|A0A6S6ZTR7_9BURK	reference
tr|A0A7C9PHL7|A0A7C9PHL7_9BURK	reference
tr|A0A7D4HV99|A0A7D4HV99_9BURK	reference
tr|A0A7H1N2D6|A0A7H1N2D6_9PROT	reference
tr|A0A7I8BXD7|A0A7I8BXD7_9BURK	reference
tr|A0A7L5BDZ6|A0A7L5BDZ6_9HYPH	reference
tr|A0A7S8F376|A0A7S8F376_9SPHN	reference
tr|A0A7U7J2Y0|A0A7U7J2Y0_9GAMM	reference
tr|A0A7V9W1E5|A0A7V9W1E5_9GAMM	reference
tr|A0A7W2PWH2|A0A7W2PWH2_9PSED	reference
tr|A0A7W4LIQ3|A0A7W4LIQ3_9GAMM	reference
tr|A0A7W5BDQ1|A0A7W5BDQ1_9BURK	reference
tr|A0A7W5BY63|A0A7W5BY63_9GAMM	reference
tr|A0A6H2H918|A0A6H2H918_9BURK	reference
tr|A0A6I4UKJ2|A0A6I4UKJ2_9SPHN	reference
tr|A0A7R6ST93|A0A7R6ST93_9GAMM	reference
tr|A0A7U7G827|A0A7U7G827_9GAMM	reference
tr|A0A7W3IWJ8|A0A7W3IWJ8_9ACTN	reference
tr|A0A7W3MZ11|A0A7W3MZ11_9ACTN	reference
tr|A0A7W4VAI8|A0A7W4VAI8_9BURK	reference
tr|A0A7W5DKW6|A0A7W5DKW6_9GAMM	reference
tr|A0A7W5GYL0|A0A7W5GYL0_9GAMM	reference
tr|A0A7W6CKY1|A0A7W6CKY1_9SPHN	reference
tr|A0A7W6FR85|A0A7W6FR85_9SPHN	reference
tr|A0A7W6ICJ9|A0A7W6ICJ9_9HYPH	reference
tr|A0A7W6MNB1|A0A7W6MNB1_9HYPH	reference
tr|A0A7W6WK23|A0A7W6WK23_9PROT	reference
tr|A0A7W7AAR7|A0A7W7AAR7_9SPHN	reference
tr|A0A7W7AGG6|A0A7W7AGG6_9SPHN	reference
tr|A0A7W8E140|A0A7W8E140_9BRAD	reference
tr|A0A7W8HW20|A0A7W8HW20_9CAUL	reference
tr|A0A7W8MD59|A0A7W8MD59_9HYPH	reference
tr|A0A7W9BTY6|A0A7W9BTY6_9SPHN	reference
tr|A0A7W9CI34|A0A7W9CI34_9CAUL	reference
tr|A0A7W9EWS5|A0A7W9EWS5_9RHOB	reference
tr|A0A7W9FB29|A0A7W9FB29_9CAUL	reference
tr|A0A7X0DLE6|A0A7X0DLE6_NOVIT	reference
tr|A0A7X5Y3D9|A0A7X5Y3D9_9SPHN	reference
tr|A0A7X5YP80|A0A7X5YP80_9CAUL	reference
tr|A0A7Y9EZ39|A0A7Y9EZ39_9ACTN	reference
tr|A0A7Y9FK35|A0A7Y9FK35_9SPHN	reference
tr|A0A7Y9XV06|A0A7Y9XV06_9SPHN	reference
tr|A0A7Z2T3G5|A0A7Z2T3G5_9VIBR	reference
tr|A0A7Z7HPG3|A0A7Z7HPG3_9PROT	reference
tr|A0A812VQC3|A0A812VQC3_SYMPI	reference
tr|A0A839SWE3|A0A839SWE3_9PROT	reference
tr|A0A839V5B1|A0A839V5B1_9GAMM	reference
tr|A0A839VCJ9|A0A839VCJ9_9GAMM	reference
tr|A0A840BX54|A0A840BX54_9HYPH	reference
tr|A0A7Z1AEK9|A0A7Z1AEK9_9GAMM	reference
tr|A0A813BGK3|A0A813BGK3_9DINO	reference
tr|A0A7X1E4U9|A0A7X1E4U9_9BACT	reference
tr|A0A7X1GE37|A0A7X1GE37_9PSED	reference
tr|A0A7Y0E2Y1|A0A7Y0E2Y1_9PROT	reference
tr|A0A7Y4H788|A0A7Y4H788_9BRAD	reference
tr|A0A7Y8GUU5|A0A7Y8GUU5_9BURK	reference
tr|A0A7W6FUR1|A0A7W6FUR1_9HYPH	reference
tr|A0A7W6GZI0|A0A7W6GZI0_9RHOB	reference
tr|A0A7W6IG84|A0A7W6IG84_9HYPH	reference
tr|A0A7W6NZG9|A0A7W6NZG9_9SPHN	reference
tr|A0A7W6PYQ6|A0A7W6PYQ6_9SPHN	reference
tr|A0A7W6W8P8|A0A7W6W8P8_9PROT	reference
tr|A0A7W7AZU1|A0A7W7AZU1_9SPHN	reference
tr|A0A7W7B253|A0A7W7B253_9SPHN	reference
tr|A0A7W7YT38|A0A7W7YT38_9HYPH	reference
tr|A0A7W8DYF9|A0A7W8DYF9_9BRAD	reference
tr|A0A7W8MFA0|A0A7W8MFA0_9CAUL	reference
tr|A0A7W9FLL7|A0A7W9FLL7_9HYPH	reference
tr|A0A7X0CD86|A0A7X0CD86_9BURK	reference
tr|A0A7X1GCE7|A0A7X1GCE7_9PSED	reference
tr|A0A7X2D4W2|A0A7X2D4W2_9PROT	reference
tr|A0A7X3G3Y5|A0A7X3G3Y5_9BURK	reference
tr|A0A7X4HBJ8|A0A7X4HBJ8_9BURK	reference
tr|A0A7X5UZH0|A0A7X5UZH0_9SPHN	reference
tr|A0A7X5V2Q4|A0A7X5V2Q4_9SPHN	reference
tr|A0A7X5ZXV0|A0A7X5ZXV0_9SPHN	reference
tr|A0A7Y0WS06|A0A7Y0WS06_9GAMM	reference
tr|A0A7Y3W5Q0|A0A7Y3W5Q0_9PROT	reference
tr|A0A7Y4P535|A0A7Y4P535_9BURK	reference
tr|A0A7Y9IWH5|A0A7Y9IWH5_9BURK	reference
tr|A0A7Z0RY08|A0A7Z0RY08_9GAMM	reference
tr|A0A7Z0TYL9|A0A7Z0TYL9_9GAMM	reference
tr|A0A7Z2NUE4|A0A7Z2NUE4_9SPHN	reference
tr|A0A7Z7ILZ6|A0A7Z7ILZ6_9MYCO	reference
tr|A0A829Y8W5|A0A829Y8W5_9GAMM	reference
tr|A0A839RJM6|A0A839RJM6_9ACTN	reference
tr|A0A839Z2Q5|A0A839Z2Q5_9HYPH	reference
tr|A0A840AAS5|A0A840AAS5_9PROT	reference
tr|A0A840F8H3|A0A840F8H3_9ACTN	reference
tr|A0A840F9A7|A0A840F9A7_9SPHN	reference
tr|A0A7W6BJD3|A0A7W6BJD3_9SPHN	reference
tr|A0A7W6DES8|A0A7W6DES8_9SPHN	reference
tr|A0A7W6GRE4|A0A7W6GRE4_9RHOB	reference
tr|A0A7W6JEZ2|A0A7W6JEZ2_9CAUL	reference
tr|A0A7W6JV25|A0A7W6JV25_9SPHN	reference
tr|A0A7W6LNS0|A0A7W6LNS0_9SPHN	reference
tr|A0A7W6M8H4|A0A7W6M8H4_9RHOB	reference
tr|A0A7W6RYI3|A0A7W6RYI3_9PROT	reference
tr|A0A7W6WB54|A0A7W6WB54_9PROT	reference
tr|A0A7W8V8B3|A0A7W8V8B3_PARAM	reference
tr|A0A7W9B7P3|A0A7W9B7P3_9SPHN	reference
tr|A0A7W9EFR9|A0A7W9EFR9_9SPHN	reference
tr|A0A7X0ET56|A0A7X0ET56_9PSED	reference
tr|A0A7X5Y5X2|A0A7X5Y5X2_9SPHN	reference
tr|A0A7Y9R4Y4|A0A7Y9R4Y4_9BURK	reference
tr|A0A7Y9XX67|A0A7Y9XX67_9SPHN	reference
tr|A0A839VGL7|A0A839VGL7_9GAMM	reference
tr|A0A839ZUW4|A0A839ZUW4_9CAUL	reference
tr|A0A840AJZ9|A0A840AJZ9_9HYPH	reference
tr|A0A840AYZ1|A0A840AYZ1_9SPHN	reference
tr|A0A840C9G0|A0A840C9G0_9HYPH	reference
tr|A0A840CID2|A0A840CID2_9RHOB	reference
tr|A0A8J8KAJ4|A0A8J8KAJ4_9BACI	reference
tr|A0A8A2VGK9|A0A8A2VGK9_9EURY	reference
tr|A0A8A2UAG7|A0A8A2UAG7_9EURY	reference
tr|A0A917ASL9|A0A917ASL9_9BACI	reference
tr|A0A840FXD9|A0A840FXD9_9BURK	reference
tr|A0A840HXF2|A0A840HXF2_9SPHN	reference
tr|A0A840IA20|A0A840IA20_9ACTN	reference
tr|A0A840MHK4|A0A840MHK4_9PROT	reference
tr|A0A840RIT1|A0A840RIT1_9NEIS	reference
tr|A0A840RMU8|A0A840RMU8_9BURK	reference
tr|A0A840SJI5|A0A840SJI5_9RHOB	reference
tr|A0A840VU40|A0A840VU40_9PROT	reference
tr|A0A840X0T1|A0A840X0T1_9RHOB	reference
tr|A0A852RM51|A0A852RM51_9ACTN	reference
tr|A0A852X433|A0A852X433_9MICO	reference
tr|A0A8B4S635|A0A8B4S635_COMTE	reference
tr|A0A8E2VIM0|A0A8E2VIM0_9RHOB	reference
tr|A0A8E3B261|A0A8E3B261_RHILI	reference
tr|A0A8G2CMG9|A0A8G2CMG9_ACIRU	reference
tr|A0A8G2EXV6|A0A8G2EXV6_9PROT	reference
tr|A0A916X399|A0A916X399_9HYPH	reference
tr|A0A917BUQ2|A0A917BUQ2_9PROT	reference
tr|A0A917V7S0|A0A917V7S0_9HYPH	reference
tr|A0A918DMZ6|A0A918DMZ6_9GAMM	reference
tr|A0A918JWF9|A0A918JWF9_9FLAO	reference
tr|A0A918JXY7|A0A918JXY7_9FLAO	reference
tr|A0A919KGY8|A0A919KGY8_9XANT	reference
tr|A0A8B6XB58|A0A8B6XB58_9BURK	reference
tr|A0A916SHN2|A0A916SHN2_9BURK	reference
tr|A0A918DMY0|A0A918DMY0_9GAMM	reference
tr|A0A921TE52|A0A921TE52_9RHOB	reference
tr|A0A844B2D8|A0A844B2D8_9RHOB	reference
tr|A0A844B5Q4|A0A844B5Q4_9BURK	reference
tr|A0A844QG53|A0A844QG53_9HYPH	reference
tr|A0A844XBN3|A0A844XBN3_9SPHN	reference
tr|A0A844ZIW5|A0A844ZIW5_9SPHN	reference
tr|A0A845UUE0|A0A845UUE0_9GAMM	reference
tr|A0A846LPD9|A0A846LPD9_9ACTN	reference
tr|A0A848G5A6|A0A848G5A6_9RHOO	reference
tr|A0A848GE15|A0A848GE15_9RHOO	reference
tr|A0A853R7Z3|A0A853R7Z3_9VIBR	reference
tr|A0A859QJM9|A0A859QJM9_9HYPH	reference
tr|A0A8H2QTA9|A0A8H2QTA9_9FIRM	reference
tr|A0A8J7MSQ0|A0A8J7MSQ0_9RHOB	reference
tr|A0A8T4ID77|A0A8T4ID77_9SPHN	reference
tr|A0A916IP55|A0A916IP55_9BURK	reference
tr|A0A916J1Y2|A0A916J1Y2_9PROT	reference
tr|A0A916TM54|A0A916TM54_9HYPH	reference
tr|A0A918KIT1|A0A918KIT1_9PROT	reference
tr|A0A918SU30|A0A918SU30_9GAMM	reference
tr|A0A918Z3A5|A0A918Z3A5_9GAMM	reference
tr|A0A923F3D5|A0A923F3D5_9PSED	reference
tr|A0A840ML70|A0A840ML70_9PROT	reference
tr|A0A840MQ36|A0A840MQ36_9PROT	reference
tr|A0A840R5L9|A0A840R5L9_9GAMM	reference
tr|A0A840SIK9|A0A840SIK9_9RHOB	reference
tr|A0A840SKC6|A0A840SKC6_9RHOB	reference
tr|A0A840SSM4|A0A840SSM4_9RHOB	reference
tr|A0A840VN46|A0A840VN46_9PROT	reference
tr|A0A840VR70|A0A840VR70_9PROT	reference
tr|A0A840WJB4|A0A840WJB4_9RHOB	reference
tr|A0A840ZPS0|A0A840ZPS0_9HYPH	reference
tr|A0A841KA66|A0A841KA66_9HYPH	reference
tr|A0A844YJD8|A0A844YJD8_9SPHN	reference
tr|A0A848G606|A0A848G606_9RHOO	reference
tr|A0A848HD68|A0A848HD68_9BURK	reference
tr|A0A849L4U8|A0A849L4U8_9RHOB	reference
tr|A0A850H2Z5|A0A850H2Z5_9SPHN	reference
tr|A0A852RJN5|A0A852RJN5_9ACTN	reference
tr|A0A8B0SH50|A0A8B0SH50_9GAMM	reference
tr|A0A8E3AS61|A0A8E3AS61_9RHOB	reference
tr|A0A8G1EAM8|A0A8G1EAM8_9RHOB	reference
tr|A0A8G2BML8|A0A8G2BML8_9PROT	reference
tr|A0A8H9IIT8|A0A8H9IIT8_9BURK	reference
tr|A0A8J3CRQ2|A0A8J3CRQ2_9PROT	reference
tr|A0A8J7SF46|A0A8J7SF46_9RHOB	reference
tr|A0A8S2BLM7|A0A8S2BLM7_9PSED	reference
tr|A0A8S2BP00|A0A8S2BP00_9PSED	reference
tr|A0A8T6Z7K9|A0A8T6Z7K9_9BURK	reference
tr|A0A916XRI5|A0A916XRI5_9BURK	reference
tr|A0A918XMJ4|A0A918XMJ4_9PROT	reference
tr|A0A840FH16|A0A840FH16_9SPHN	reference
tr|A0A840XMK5|A0A840XMK5_9PROT	reference
tr|A0A840YGF0|A0A840YGF0_9SPHN	reference
tr|A0A852R6G2|A0A852R6G2_9ACTN	reference
tr|A0A852RVE8|A0A852RVE8_9ACTN	reference
tr|A0A853C920|A0A853C920_9ACTN	reference
tr|A0A8B4S4B9|A0A8B4S4B9_COMTE	reference
tr|A0A916N265|A0A916N265_9BURK	reference
tr|A0A918VID4|A0A918VID4_9SPHN	reference
tr|A0AA41KL07|A0AA41KL07_9EURY	reference
tr|A0A9E7R174|A0A9E7R174_9EURY	reference
tr|A0A9X1ZY21|A0A9X1ZY21_9BACI	reference
tr|A0A975BP14|A0A975BP14_9BACT	reference
tr|A0A975GH16|A0A975GH16_9BACT	reference
tr|A0A9W6D4X8|A0A9W6D4X8_9BACT	reference
tr|A0A9X2BWY9|A0A9X2BWY9_9PROT	reference
tr|A0A931DMC7|A0A931DMC7_9ACTN	reference
tr|A0A975WDQ2|A0A975WDQ2_9RHOB	reference
tr|A0A9P1K0F5|A0A9P1K0F5_9PROT	reference
tr|A0A9P3Q6S7|A0A9P3Q6S7_9MYCO	reference
tr|A0A9W6CQI5|A0A9W6CQI5_XANFL	reference
tr|A0A9W6KZR9|A0A9W6KZR9_9PSEU	reference
tr|A0A9W6L6I6|A0A9W6L6I6_9PSEU	reference
tr|A0A9X0R4V7|A0A9X0R4V7_VIBME	reference
tr|A0AA37W8J9|A0AA37W8J9_9GAMM	reference
tr|A0AA43M9M7|A0AA43M9M7_9BURK	reference
tr|A0AAC8TD44|A0AAC8TD44_9BACT	reference
tr|A0A9Q6LUK2|A0A9Q6LUK2_PISSA	reference
tr|A0A9W6GNE3|A0A9W6GNE3_9FUSO	reference
tr|A0AA36NW94|A0AA36NW94_ACINO	reference
tr|A0AAD2BZU7|A0AAD2BZU7_9RALS	reference
tr|A0A923HRT2|A0A923HRT2_9BURK	reference
tr|A0A923JFQ6|A0A923JFQ6_9PSED	reference
tr|A0A923K3A7|A0A923K3A7_9PSED	reference
tr|A0A927E4X7|A0A927E4X7_9HYPH	reference
tr|A0A927HDG1|A0A927HDG1_9RHOB	reference
tr|A0A931NAI0|A0A931NAI0_9BURK	reference
tr|A0A939GYY5|A0A939GYY5_9BURK	reference
tr|A0A967C673|A0A967C673_9PROT	reference
tr|A0A974NU57|A0A974NU57_9SPHN	reference
tr|A0A975SKZ6|A0A975SKZ6_9RHOO	reference
tr|A0A975YJM2|A0A975YJM2_9PROT	reference
tr|A0A9Q2XP68|A0A9Q2XP68_9PSED	reference
tr|A0A9W5AYG1|A0A9W5AYG1_9HYPH	reference
tr|A0A9W6KC49|A0A9W6KC49_9PSED	reference
tr|A0A9X0R0S5|A0A9X0R0S5_9PROT	reference
tr|A0A9X1VTT6|A0A9X1VTT6_9BURK	reference
tr|A0A9X1XK59|A0A9X1XK59_9VIBR	reference
tr|A0A9X2RHU9|A0A9X2RHU9_9PROT	reference
tr|A0A9X3KFX4|A0A9X3KFX4_9HYPH	reference
tr|A0A9X9WY33|A0A9X9WY33_9PROT	reference
tr|A0AA37M427|A0AA37M427_9HYPH	reference
tr|A0AA37SDM4|A0AA37SDM4_9GAMM	reference
tr|A0AA37WVT8|A0AA37WVT8_9HYPH	reference
tr|A0AA42CDK1|A0AA42CDK1_9PROT	reference
tr|A0AA95NI13|A0AA95NI13_9BURK	reference
tr|A0AAD1BY69|A0AAD1BY69_METFU	reference
tr|A0AAD2C1T7|A0AAD2C1T7_9RALS	reference
tr|A0AAE2ZMN2|A0AAE2ZMN2_9HYPH	reference
tr|A0AAE3FNW9|A0AAE3FNW9_9EURY	reference
tr|A0A923GGZ4|A0A923GGZ4_9PSED	reference
tr|A0A923KUA1|A0A923KUA1_9BURK	reference
tr|A0A923MFK0|A0A923MFK0_9BURK	reference
tr|A0A927FDB1|A0A927FDB1_9BURK	reference
tr|A0A941BHB6|A0A941BHB6_9BURK	reference
tr|A0A974PWN7|A0A974PWN7_9RHOO	reference
tr|A0A974SHF0|A0A974SHF0_9HYPH	reference
tr|A0A974SQ83|A0A974SQ83_9RHOO	reference
tr|A0A975C3F8|A0A975C3F8_9CAUL	reference
tr|A0A975NU25|A0A975NU25_9BRAD	reference
tr|A0A975P7Q1|A0A975P7Q1_9RHOB	reference
tr|A0A975YFU4|A0A975YFU4_9RHOB	reference
tr|A0A9Q3M9X6|A0A9Q3M9X6_9HYPH	reference
tr|A0A9W6GL72|A0A9W6GL72_9FUSO	reference
tr|A0A9W6LPK3|A0A9W6LPK3_9HYPH	reference
tr|A0A9X1G085|A0A9X1G085_9RHOB	reference
tr|A0A9X1WCR6|A0A9X1WCR6_9VIBR	reference
tr|A0A9X1WD73|A0A9X1WD73_9VIBR	reference
tr|A0A9X2FPI0|A0A9X2FPI0_9RHOB	reference
tr|A0A9X2X244|A0A9X2X244_9GAMM	reference
tr|A0A9X2XKB3|A0A9X2XKB3_9PSED	reference
tr|A0A9X3Z7F6|A0A9X3Z7F6_9PROT	reference
tr|A0A9X9WQN2|A0A9X9WQN2_9PROT	reference
tr|A0AA37MCA9|A0AA37MCA9_9HYPH	reference
tr|A0AA41HE99|A0AA41HE99_9BURK	reference
tr|A0AA42BNF0|A0AA42BNF0_9ALTE	reference
tr|A0AA48W8Y9|A0AA48W8Y9_9BURK	reference
tr|A0AA50QBF0|A0AA50QBF0_9GAMM	reference
tr|A0AA86MBD7|A0AA86MBD7_9BURK	reference
tr|A0AA97FBA1|A0AA97FBA1_9SPHN	reference
tr|A0AAE3B512|A0AAE3B512_9RHOB	reference
tr|A0AAE3G372|A0AAE3G372_9GAMM	reference
tr|A0A9Q6LUS1|A0A9Q6LUS1_PISSA	reference
tr|A0A9W6CLS8|A0A9W6CLS8_XANFL	reference
tr|A0A9W6GI39|A0A9W6GI39_9FUSO	reference
tr|A0A9W6LLT3|A0A9W6LLT3_9FUSO	reference
tr|A0A9X3HW65|A0A9X3HW65_9VIBR	reference
tr|A0AAD1D6N5|A0AAD1D6N5_SPHMI	reference
tr|A0AAE3G289|A0AAE3G289_9GAMM	reference
tr|A0AAV3SEV7|A0AAV3SEV7_HALDO	reference
tr|A0ABD6C9T2|A0ABD6C9T2_9EURY	reference
tr|A0AAW4PFF4|A0AAW4PFF4_9EURY	reference
tr|A0ABD6BE98|A0ABD6BE98_9EURY	reference
tr|A0AAW4PJK2|A0AAW4PJK2_9EURY	reference
tr|A0ABD6DKI0|A0ABD6DKI0_9EURY	reference
tr|A0AAV4LEI7|A0AAV4LEI7_9BACL	reference
tr|A0AAW4PEY7|A0AAW4PEY7_9EURY	reference
tr|A0AAW4PWS3|A0AAW4PWS3_9EURY	reference
tr|A0ABD5TSQ8|A0ABD5TSQ8_9EURY	reference
tr|A0ABD6AUT9|A0ABD6AUT9_9EURY	reference
tr|A0AAE4ATC2|A0AAE4ATC2_9HYPH	reference
tr|A0AAN4VX63|A0AAN4VX63_9BACT	reference
tr|A0AAQ0HJN3|A0AAQ0HJN3_PARVE	reference
tr|A0AAQ1JQI9|A0AAQ1JQI9_9GAMM	reference
tr|A0AAU9D2C6|A0AAU9D2C6_9BACT	reference
tr|A0AAX0WSK8|A0AAX0WSK8_9GAMM	reference
tr|A0AB37ZAR8|A0AB37ZAR8_9PSED	reference
tr|A0ABM7PCP4|A0ABM7PCP4_9BACT	reference
tr|A0ABM9NEP4|A0ABM9NEP4_9GAMM	reference
tr|A0ABN7MQH6|A0ABN7MQH6_9BURK	reference
tr|A0AAI8B4A3|A0AAI8B4A3_9BURK	reference
tr|A0AAX0WRR0|A0AAX0WRR0_9GAMM	reference
tr|A0AAX0WW73|A0AAX0WW73_9GAMM	reference
tr|A0AAX0Z1X0|A0AAX0Z1X0_9GAMM	reference
tr|A0AAX2LJW2|A0AAX2LJW2_VIBFL	reference
tr|A0AB37R620|A0AB37R620_PSEAV	reference
tr|A0ABF7RBT9|A0ABF7RBT9_RALSL	reference
tr|A0ABM8XDY2|A0ABM8XDY2_9BURK	reference
tr|A0ABM8ZQR0|A0ABM8ZQR0_9VIBR	reference
tr|A0ABN5CCX4|A0ABN5CCX4_PSEO7	reference
tr|A0ABN7N702|A0ABN7N702_9BURK	reference
tr|A0AAE3IXI3|A0AAE3IXI3_9RHOB	reference
tr|A0AAE3N788|A0AAE3N788_9BURK	reference
tr|A0AAE9I3H9|A0AAE9I3H9_9BURK	reference
tr|A0AAE9ZDV1|A0AAE9ZDV1_9PROT	reference
tr|A0AAI7ZCY1|A0AAI7ZCY1_XANC3	reference
tr|A0AAN0RL66|A0AAN0RL66_9RHOB	reference
tr|A0AAV5NSL7|A0AAV5NSL7_9VIBR	reference
tr|A0AAW4PQE8|A0AAW4PQE8_9EURY	reference
tr|A0AAW9QC13|A0AAW9QC13_9BURK	reference
tr|A0AAW9RAG7|A0AAW9RAG7_9GAMM	reference
tr|A0ABC8Q5H4|A0ABC8Q5H4_9RALS	reference
tr|A0ABD5ZS18|A0ABD5ZS18_9EURY	reference
tr|A0ABM7CWX5|A0ABM7CWX5_9PSED	reference
tr|A0ABM7QG52|A0ABM7QG52_9GAMM	reference
tr|A0ABM7RVN3|A0ABM7RVN3_9PSED	reference
tr|A0ABM8M3H6|A0ABM8M3H6_9BURK	reference
tr|A0ABM8N9S9|A0ABM8N9S9_9BURK	reference
tr|A0ABM8TBX7|A0ABM8TBX7_9BURK	reference
tr|A0ABN5JGB5|A0ABN5JGB5_FUSMR	reference
tr|A0ABN6BMX5|A0ABN6BMX5_9PSED	reference
tr|A0ABN7L9L5|A0ABN7L9L5_9BURK	reference
tr|A0ABN7Y235|A0ABN7Y235_9BURK	reference
tr|A0AAE3T0H3|A0AAE3T0H3_9BURK	reference
tr|A0AAE4YGP7|A0AAE4YGP7_9RHOB	reference
tr|A0AAE9XLH5|A0AAE9XLH5_9PROT	reference
tr|A0AAE9Z6Z1|A0AAE9Z6Z1_9GAMM	reference
tr|A0AAI8QBJ5|A0AAI8QBJ5_9BRAD	reference
tr|A0AAJ2F1C9|A0AAJ2F1C9_ACIDE	reference
tr|A0AAJ5N351|A0AAJ5N351_9BURK	reference
tr|A0AAN0RR76|A0AAN0RR76_9BURK	reference
tr|A0AAN1CWM3|A0AAN1CWM3_VIBNA	reference
tr|A0AAN4ZZF1|A0AAN4ZZF1_9RHOB	reference
tr|A0AAP9Y8Y9|A0AAP9Y8Y9_BURGL	reference
tr|A0AAU8BIW8|A0AAU8BIW8_9VIBR	reference
tr|A0AAV4ZW89|A0AAV4ZW89_9HYPH	reference
tr|A0AAW3ZL59|A0AAW3ZL59_9GAMM	reference
tr|A0AAW9RTT9|A0AAW9RTT9_9HYPH	reference
tr|A0AAW9SNB7|A0AAW9SNB7_9RHOB	reference
tr|A0AAX0WZT5|A0AAX0WZT5_9GAMM	reference
tr|A0AB33BSI2|A0AB33BSI2_MICA7	reference
tr|A0ABD5STV8|A0ABD5STV8_9EURY	reference
tr|A0ABD5W5S8|A0ABD5W5S8_9EURY	reference
tr|A0ABD6BL67|A0ABD6BL67_9EURY	reference
tr|A0ABM7D8L2|A0ABM7D8L2_9RHOB	reference
tr|A0ABM7PLX6|A0ABM7PLX6_9BACT	reference
tr|A0ABM8CM80|A0ABM8CM80_9BURK	reference
tr|A0ABM8HBY7|A0ABM8HBY7_9MICO	reference
tr|A0ABM8RCV4|A0ABM8RCV4_9BURK	reference
tr|A0ABM8WFS2|A0ABM8WFS2_9BURK	reference
tr|A0ABM8YM46|A0ABM8YM46_9BACI	reference
tr|A0ABN1I2N8|A0ABN1I2N8_9GAMM	reference
tr|A0ABN1JS97|A0ABN1JS97_9BURK	reference
tr|A0ABN6TD99|A0ABN6TD99_9BURK	reference
tr|A0AAQ0HFN1|A0AAQ0HFN1_PARVE	reference
tr|A0AAW3TM05|A0AAW3TM05_9SPHN	reference
tr|A0AAX1WRL9|A0AAX1WRL9_9BURK	reference
tr|A0ABM7GZ97|A0ABM7GZ97_CUTAC	reference
tr|A0ABN7HTN9|A0ABN7HTN9_9BURK	reference
tr|A0ABQ1K7T6|A0ABQ1K7T6_9GAMM	reference
tr|A0ABQ1KHN7|A0ABQ1KHN7_9BURK	reference
tr|A0ABQ1LT07|A0ABQ1LT07_9BURK	reference
tr|A0ABQ2EBX3|A0ABQ2EBX3_9GAMM	reference
tr|A0ABQ2XT21|A0ABQ2XT21_9BURK	reference
tr|A0ABQ2Y0G0|A0ABQ2Y0G0_9BURK	reference
tr|A0ABQ3BVP3|A0ABQ3BVP3_9GAMM	reference
tr|A0ABQ4PYX0|A0ABQ4PYX0_9PROT	reference
tr|A0ABQ5YPY7|A0ABQ5YPY7_9BURK	reference
tr|A0ABQ6AT24|A0ABQ6AT24_9BRAD	reference
tr|A0ABQ6Y6U1|A0ABQ6Y6U1_9GAMM	reference
tr|A0ABR4QW59|A0ABR4QW59_9BORD	reference
tr|A0ABR4WHD1|A0ABR4WHD1_9GAMM	reference
tr|A0ABR6D4U0|A0ABR6D4U0_9HYPH	reference
tr|A0ABR6HR42|A0ABR6HR42_9RHOB	reference
tr|A0ABN8EHT7|A0ABN8EHT7_9GAMM	reference
tr|A0ABN9JMN5|A0ABN9JMN5_9RALS	reference
tr|A0ABP7VE29|A0ABP7VE29_9FLAO	reference
tr|A0ABP8QGS0|A0ABP8QGS0_9GAMM	reference
tr|A0ABP9QMY1|A0ABP9QMY1_9RHOO	reference
tr|A0ABP9S7A1|A0ABP9S7A1_9GAMM	reference
tr|A0ABQ1JN96|A0ABQ1JN96_9SPHN	reference
tr|A0ABQ4Q1U5|A0ABQ4Q1U5_9BURK	reference
tr|A0ABQ5V6Z5|A0ABQ5V6Z5_9PROT	reference
tr|A0ABQ5VRW2|A0ABQ5VRW2_9RHOB	reference
tr|A0ABQ5X642|A0ABQ5X642_9GAMM	reference
tr|A0ABQ5YJU8|A0ABQ5YJU8_9NEIS	reference
tr|A0ABQ6C2V7|A0ABQ6C2V7_9BURK	reference
tr|A0ABN8DFS7|A0ABN8DFS7_9VIBR	reference
tr|A0ABN8E214|A0ABN8E214_9VIBR	reference
tr|A0ABP3QU92|A0ABP3QU92_9PROT	reference
tr|A0ABP8P1I5|A0ABP8P1I5_9NOCA	reference
tr|A0ABQ1F8F0|A0ABQ1F8F0_9SPHN	reference
tr|A0ABQ1K8M3|A0ABQ1K8M3_9GAMM	reference
tr|A0ABQ2AQK6|A0ABQ2AQK6_9PSED	reference
tr|A0ABQ2ZT44|A0ABQ2ZT44_9GAMM	reference
tr|A0ABQ3CU28|A0ABQ3CU28_9RHOB	reference
tr|A0ABQ3G8G0|A0ABQ3G8G0_9BURK	reference
tr|A0ABQ4W0F9|A0ABQ4W0F9_9PSED	reference
tr|A0ABQ6DXS1|A0ABQ6DXS1_9GAMM	reference
tr|A0ABR6YFQ7|A0ABR6YFQ7_9BURK	reference
tr|A0ABR6ZLE6|A0ABR6ZLE6_9BURK	reference
tr|A0ABR7J2E5|A0ABR7J2E5_9FLAO	reference
tr|A0ABR8F9J7|A0ABR8F9J7_9NOST	reference
tr|A0ABR9B9X8|A0ABR9B9X8_9RHOO	reference
tr|A0ABR9E812|A0ABR9E812_9GAMM	reference
tr|A0ABR9F387|A0ABR9F387_9GAMM	reference
tr|A0ABP3SZM2|A0ABP3SZM2_9SPHN	reference
tr|A0ABP7KB29|A0ABP7KB29_9RHOB	reference
tr|A0ABP8HDK1|A0ABP8HDK1_9BURK	reference
tr|A0ABP9R5R9|A0ABP9R5R9_9PSEU	reference
tr|A0ABP9VKA1|A0ABP9VKA1_9BACT	reference
tr|A0ABP9ZSZ9|A0ABP9ZSZ9_9GAMM	reference
tr|A0ABQ0CC89|A0ABQ0CC89_9PROT	reference
tr|A0ABQ1BZV8|A0ABQ1BZV8_9MYCO	reference
tr|A0ABQ1FK78|A0ABQ1FK78_9GAMM	reference
tr|A0ABQ1PFM1|A0ABQ1PFM1_9GAMM	reference
tr|A0ABQ1WUE1|A0ABQ1WUE1_9BACT	reference
tr|A0ABQ3D7F7|A0ABQ3D7F7_9RHOB	reference
tr|A0ABQ4U2Z0|A0ABQ4U2Z0_9HYPH	reference
tr|A0ABQ5V5E0|A0ABQ5V5E0_9PROT	reference
tr|A0ABQ5Y5A3|A0ABQ5Y5A3_9VIBR	reference
tr|A0ABQ5YQ85|A0ABQ5YQ85_9BURK	reference
tr|A0ABQ6C315|A0ABQ6C315_9BURK	reference
tr|A0ABQ6F6E6|A0ABQ6F6E6_9RHOO	reference
tr|A0ABQ6XDS0|A0ABQ6XDS0_9GAMM	reference
tr|A0ABQ6YA51|A0ABQ6YA51_9GAMM	reference
tr|A0ABR4WFN6|A0ABR4WFN6_9GAMM	reference
tr|A0ABR6DFC7|A0ABR6DFC7_9HYPH	reference
tr|A0ABR6FJY4|A0ABR6FJY4_9BURK	reference
tr|A0ABR6N558|A0ABR6N558_9SPHN	reference
tr|A0ABR7ARR7|A0ABR7ARR7_9SPHN	reference
tr|A0ABR8DUN3|A0ABR8DUN3_9NOSO	reference
tr|A0ABN8E4V9|A0ABN8E4V9_9VIBR	reference
tr|A0ABN8JP91|A0ABN8JP91_9HYPH	reference
tr|A0ABN9JLA2|A0ABN9JLA2_9RALS	reference
tr|A0ABQ1I0H1|A0ABQ1I0H1_9ALTE	reference
tr|A0ABQ1PG13|A0ABQ1PG13_9GAMM	reference
tr|A0ABQ1S2R8|A0ABQ1S2R8_9BURK	reference
tr|A0ABQ2AQT5|A0ABQ2AQT5_9PSED	reference
tr|A0ABQ2X4M6|A0ABQ2X4M6_9BURK	reference
tr|A0ABQ4U505|A0ABQ4U505_9HYPH	reference
tr|A0ABQ5XUE3|A0ABQ5XUE3_9GAMM	reference
tr|A0ABQ5YLN0|A0ABQ5YLN0_9BURK	reference
tr|A0ABQ5ZYJ7|A0ABQ5ZYJ7_9GAMM	reference
tr|A0ABQ6BPN2|A0ABQ6BPN2_9NEIS	reference
tr|A0ABQ6YI49|A0ABQ6YI49_9NOCA	reference
tr|A0ABR5SHT9|A0ABR5SHT9_9BACT	reference
tr|A0ABR6KCN5|A0ABR6KCN5_9SPHN	reference
tr|A0ABR6NGJ1|A0ABR6NGJ1_9SPHN	reference
tr|A0ABS7UTL6|A0ABS7UTL6_9BACI	reference
tr|A0ABS1H3Z5|A0ABS1H3Z5_9BACL	reference
tr|A0ABT2QKX4|A0ABT2QKX4_9EURY	reference
tr|A0ABT3N8D9|A0ABT3N8D9_9BACT	reference
tr|A0ABS3N3E8|A0ABS3N3E8_9BACI	reference
tr|A0ABS2G0X7|A0ABS2G0X7_FUSMR	reference
tr|A0ABS2HP62|A0ABS2HP62_9VIBR	reference
tr|A0ABS4QVC1|A0ABS4QVC1_9HYPH	reference
tr|A0ABT9ZWP8|A0ABT9ZWP8_9BACI	reference
tr|A0ABU0IJ51|A0ABU0IJ51_9HYPH	reference
tr|A0ABU1NE87|A0ABU1NE87_9BURK	reference
tr|A0ABU1PAX0|A0ABU1PAX0_9BURK	reference
tr|A0ABU2BV44|A0ABU2BV44_9ACTN	reference
tr|A0ABU2BXY4|A0ABU2BXY4_9ACTN	reference
tr|A0ABU2DYI9|A0ABU2DYI9_9BURK	reference
tr|A0ABS5LXR1|A0ABS5LXR1_9BURK	reference
tr|A0ABT1N2I8|A0ABT1N2I8_9GAMM	reference
tr|A0ABR9GJM5|A0ABR9GJM5_9HYPH	reference
tr|A0ABS0ERD3|A0ABS0ERD3_9BURK	reference
tr|A0ABS0N6X8|A0ABS0N6X8_9SPHN	reference
tr|A0ABS2BG85|A0ABS2BG85_9NEIS	reference
tr|A0ABS2C4C2|A0ABS2C4C2_9PSED	reference
tr|A0ABS2W3I4|A0ABS2W3I4_9GAMM	reference
tr|A0ABS2ZXJ1|A0ABS2ZXJ1_9VIBR	reference
tr|A0ABS3KRX6|A0ABS3KRX6_9PROT	reference
tr|A0ABS5HRU9|A0ABS5HRU9_9RHOB	reference
tr|A0ABS5LQ28|A0ABS5LQ28_9BURK	reference
tr|A0ABS5XDC3|A0ABS5XDC3_9GAMM	reference
tr|A0ABS6SMJ6|A0ABS6SMJ6_9SPHN	reference
tr|A0ABS6XLD5|A0ABS6XLD5_9SPHN	reference
tr|A0ABS6ZJB5|A0ABS6ZJB5_9GAMM	reference
tr|A0ABS7IXH5|A0ABS7IXH5_9SPHN	reference
tr|A0ABS7JSM9|A0ABS7JSM9_9SPHN	reference
tr|A0ABS7X1B4|A0ABS7X1B4_9GAMM	reference
tr|A0ABS8DAS5|A0ABS8DAS5_9NEIS	reference
tr|A0ABS8H6A7|A0ABS8H6A7_9SPHN	reference
tr|A0ABS9CSA8|A0ABS9CSA8_9RHOB	reference
tr|A0ABS9Z5T7|A0ABS9Z5T7_9HYPH	reference
tr|A0ABT0DSW7|A0ABT0DSW7_9SPHN	reference
tr|A0ABT0RQ72|A0ABT0RQ72_9SPHN	reference
tr|A0ABT0YTE6|A0ABT0YTE6_9BURK	reference
tr|A0ABT1WFD2|A0ABT1WFD2_9BURK	reference
tr|A0ABT1Z4B0|A0ABT1Z4B0_9RHOB	reference
tr|A0ABT1ZYA6|A0ABT1ZYA6_9BURK	reference
tr|A0ABT2APS6|A0ABT2APS6_9BURK	reference
tr|A0ABT2Z4Q0|A0ABT2Z4Q0_9RHOB	reference
tr|A0ABT3A2T0|A0ABT3A2T0_9RHOB	reference
tr|A0ABT3R154|A0ABT3R154_9HYPH	reference
tr|A0ABT5N9H0|A0ABT5N9H0_9PSED	reference
tr|A0ABT5R4L0|A0ABT5R4L0_9GAMM	reference
tr|A0ABT5T757|A0ABT5T757_9RHOB	reference
tr|A0ABT6UYV6|A0ABT6UYV6_9GAMM	reference
tr|A0ABT7E411|A0ABT7E411_9NEIS	reference
tr|A0ABT7EUP9|A0ABT7EUP9_9RHOB	reference
tr|A0ABT7KPC5|A0ABT7KPC5_9HYPH	reference
tr|A0ABT7QAT8|A0ABT7QAT8_9GAMM	reference
tr|A0ABT7QMG1|A0ABT7QMG1_9GAMM	reference
tr|A0ABT8BYL0|A0ABT8BYL0_9VIBR	reference
tr|A0ABT8S3W8|A0ABT8S3W8_9BURK	reference
tr|A0ABT8ZL19|A0ABT8ZL19_9SPHN	reference
tr|A0ABT9H9U1|A0ABT9H9U1_9SPHN	reference
tr|A0ABU1HE09|A0ABU1HE09_9GAMM	reference
tr|A0ABU2FUF0|A0ABU2FUF0_9EURY	reference
tr|A0ABU3DHW4|A0ABU3DHW4_9RHOB	reference
tr|A0ABS0AT98|A0ABS0AT98_9GAMM	reference
tr|A0ABS4QRK7|A0ABS4QRK7_9NOCA	reference
tr|A0ABS4RF65|A0ABS4RF65_9BACI	reference
tr|A0ABT1HZR5|A0ABT1HZR5_STRSD	reference
tr|A0ABT6MGR8|A0ABT6MGR8_9NOCA	reference
tr|A0ABT9V1P0|A0ABT9V1P0_9BACL	reference
tr|A0ABU0H9W3|A0ABU0H9W3_9HYPH	reference
tr|A0ABU1JHK2|A0ABU1JHK2_9PROT	reference
tr|A0ABU1NB30|A0ABU1NB30_9BURK	reference
tr|A0ABU1WWS1|A0ABU1WWS1_SPHXE	reference
tr|A0ABU1YI30|A0ABU1YI30_ROSSA	reference
tr|A0ABU1ZJ09|A0ABU1ZJ09_9BURK	reference
tr|A0ABS0AC78|A0ABS0AC78_9GAMM	reference
tr|A0ABS0AHY9|A0ABS0AHY9_9GAMM	reference
tr|A0ABS4DUK6|A0ABS4DUK6_9HYPH	reference
tr|A0ABS4PGT0|A0ABS4PGT0_9PSEU	reference
tr|A0ABS4R6Y6|A0ABS4R6Y6_9HYPH	reference
tr|A0ABT1IAW3|A0ABT1IAW3_9PSEU	reference
tr|A0ABT3HHN5|A0ABT3HHN5_9HYPH	reference
tr|A0ABT9ZKB0|A0ABT9ZKB0_9BACI	reference
tr|A0ABU0BRC9|A0ABU0BRC9_9HYPH	reference
tr|A0ABU0MKP4|A0ABU0MKP4_9PROT	reference
tr|A0ABU1JGX6|A0ABU1JGX6_9PROT	reference
tr|A0ABU1SLK2|A0ABU1SLK2_9HYPH	reference
tr|A0ABU1WZ13|A0ABU1WZ13_SPHXE	reference
tr|A0ABU1ZAQ4|A0ABU1ZAQ4_9BURK	reference
tr|A0ABU8FQH1|A0ABU8FQH1_9BACI	reference
tr|A0ABV1R8T2|A0ABV1R8T2_9HYPH	reference
tr|A0ABV5WPV8|A0ABV5WPV8_9BACI	reference
tr|A0ABV8AZG3|A0ABV8AZG3_9BACI	reference
tr|A0ABW2PRY5|A0ABW2PRY5_9BACL	reference
tr|A0ABW0TE37|A0ABW0TE37_9BACL	reference
tr|A0ABU8FWB1|A0ABU8FWB1_9BACI	reference
tr|A0ABU4W9W4|A0ABU4W9W4_9FUSO	reference
tr|A0ABU9FSZ5|A0ABU9FSZ5_9VIBR	reference
tr|A0ABV2H420|A0ABV2H420_9HYPH	reference
tr|A0ABV2MUF8|A0ABV2MUF8_9HYPH	reference
tr|A0ABV2Q7V7|A0ABV2Q7V7_9BURK	reference
tr|A0ABV2Q9N1|A0ABV2Q9N1_9BURK	reference
tr|A0ABV2S5J9|A0ABV2S5J9_BRAJP	reference
tr|A0ABV3XPR9|A0ABV3XPR9_9RHOB	reference
tr|A0ABV4G2R5|A0ABV4G2R5_9BRAD	reference
tr|A0ABX0XMZ3|A0ABX0XMZ3_9SPHN	reference
tr|A0ABX5KFI8|A0ABX5KFI8_9BURK	reference
tr|A0ABU9JAJ3|A0ABU9JAJ3_AEREN	reference
tr|A0ABX0DA28|A0ABX0DA28_9GAMM	reference
tr|A0ABX5GGB4|A0ABX5GGB4_PHOLE	reference
tr|A0ABX5H8K4|A0ABX5H8K4_PHOAN	reference
tr|A0ABU3PHM1|A0ABU3PHM1_9BURK	reference
tr|A0ABU3YCH8|A0ABU3YCH8_9SPHN	reference
tr|A0ABU4AET9|A0ABU4AET9_9HYPH	reference
tr|A0ABU5EAP6|A0ABU5EAP6_9PROT	reference
tr|A0ABU5IKC2|A0ABU5IKC2_9BURK	reference
tr|A0ABU6LL90|A0ABU6LL90_9GAMM	reference
tr|A0ABU7G4P0|A0ABU7G4P0_9ALTE	reference
tr|A0ABU7HUZ1|A0ABU7HUZ1_9PSED	reference
tr|A0ABU8TK37|A0ABU8TK37_9HYPH	reference
tr|A0ABU8WTX6|A0ABU8WTX6_9BURK	reference
tr|A0ABU8XWM0|A0ABU8XWM0_9PROT	reference
tr|A0ABU9HU42|A0ABU9HU42_9FLAO	reference
tr|A0ABU9JQA9|A0ABU9JQA9_9GAMM	reference
tr|A0ABU9TNV7|A0ABU9TNV7_9GAMM	reference
tr|A0ABU9Y4S4|A0ABU9Y4S4_9SPHN	reference
tr|A0ABU9ZED8|A0ABU9ZED8_9HYPH	reference
tr|A0ABV0ING5|A0ABV0ING5_9NEIS	reference
tr|A0ABV3Z799|A0ABV3Z799_9PROT	reference
tr|A0ABV5Z7Z9|A0ABV5Z7Z9_9GAMM	reference
tr|A0ABV6QZE6|A0ABV6QZE6_9CAUL	reference
tr|A0ABV7GIV6|A0ABV7GIV6_9GAMM	reference
tr|A0ABV7IFN7|A0ABV7IFN7_9RHOB	reference
tr|A0ABV7ISJ2|A0ABV7ISJ2_9RHOB	reference
tr|A0ABV7W7W4|A0ABV7W7W4_9BURK	reference
tr|A0ABW0L494|A0ABW0L494_9BURK	reference
tr|A0ABW0T916|A0ABW0T916_9HYPH	reference
tr|A0ABW1KYA3|A0ABW1KYA3_9PROT	reference
tr|A0ABW3WB96|A0ABW3WB96_9RHOO	reference
tr|A0ABW3Z8K3|A0ABW3Z8K3_9HYPH	reference
tr|A0ABW4SHT0|A0ABW4SHT0_9BACL	reference
tr|A0ABW7FHN4|A0ABW7FHN4_9BURK	reference
tr|A0ABW7JFI9|A0ABW7JFI9_9VIBR	reference
tr|A0ABW7LNE1|A0ABW7LNE1_9RHOB	reference
tr|A0ABW8W9F6|A0ABW8W9F6_9PSED	reference
tr|A0ABW8Z3K8|A0ABW8Z3K8_9BURK	reference
tr|A0ABX0N4U0|A0ABX0N4U0_9BURK	reference
tr|A0ABX1I5H8|A0ABX1I5H8_9VIBR	reference
tr|A0ABX1NMT7|A0ABX1NMT7_9RHOO	reference
tr|A0ABX1Q147|A0ABX1Q147_9RHOO	reference
tr|A0ABX1U6D0|A0ABX1U6D0_9VIBR	reference
tr|A0ABX2K5X1|A0ABX2K5X1_9PROT	reference
tr|A0ABX4XAX1|A0ABX4XAX1_VIBAL	reference
tr|A0ABX5XXC6|A0ABX5XXC6_9BACT	reference
tr|A0ABX6H756|A0ABX6H756_9PSED	reference
tr|A0ABX6HRR1|A0ABX6HRR1_9BURK	reference
tr|A0ABX6MTX5|A0ABX6MTX5_9HYPH	reference
tr|A0ABX6PRC2|A0ABX6PRC2_9HYPH	reference
tr|A0ABX6QNX7|A0ABX6QNX7_9HYPH	reference
tr|A0ABX7BNG4|A0ABX7BNG4_9CAUL	reference
tr|A0ABX7SHN0|A0ABX7SHN0_9CAUL	reference
tr|A0ABX8EIQ4|A0ABX8EIQ4_9ACTN	reference
tr|A0ABX8EPC6|A0ABX8EPC6_9ACTN	reference
tr|A0ABX8P3A5|A0ABX8P3A5_9PSED	reference
tr|A0ABX8Z9X6|A0ABX8Z9X6_9NEIS	reference
tr|A0ABV2AX65|A0ABV2AX65_9GAMM	reference
tr|A0ABV2IRL0|A0ABV2IRL0_9BURK	reference
tr|A0ABV2QWK0|A0ABV2QWK0_9HYPH	reference
tr|A0ABV3XNH1|A0ABV3XNH1_9RHOB	reference
tr|A0ABW9GBA2|A0ABW9GBA2_9GAMM	reference
tr|A0ABX0TLQ1|A0ABX0TLQ1_9SPHN	reference
tr|A0ABX3AZ03|A0ABX3AZ03_ALILO	reference
tr|A0ABX5H8M3|A0ABX5H8M3_PHOAN	reference
tr|A0ABV2L1W4|A0ABV2L1W4_9HYPH	reference
tr|A0ABX0NLE9|A0ABX0NLE9_9BURK	reference
tr|A0ABX0V1A6|A0ABX0V1A6_9HYPH	reference
tr|A0ABX0X0C1|A0ABX0X0C1_9PROT	reference
tr|A0ABX0XL10|A0ABX0XL10_9SPHN	reference
tr|A0ABX6R5R3|A0ABX6R5R3_9VIBR	reference
tr|A0ABZ2NBW0|A0ABZ2NBW0_9BACI	reference
tr|A0ABY5RJ00|A0ABY5RJ00_HALLR	reference
tr|A0ABY3S282|A0ABY3S282_9ENTR	reference
tr|A0ABX9KEK0|A0ABX9KEK0_9FUSO	reference
tr|A0ABX9KJK0|A0ABX9KJK0_9FUSO	reference
tr|A0ABY0NJW8|A0ABY0NJW8_9PSED	reference
tr|A0ABY0Y468|A0ABY0Y468_9PSED	reference
tr|A0ABY1I7U9|A0ABY1I7U9_9RHOB	reference
tr|A0ABY1IA19|A0ABY1IA19_9RHOB	reference
tr|A0ABY1M6D7|A0ABY1M6D7_RHORH	reference
tr|A0ABY6T9W9|A0ABY6T9W9_9GAMM	reference
tr|A0ABY6TAY2|A0ABY6TAY2_9GAMM	reference
tr|A0ACC6IGX0|A0ACC6IGX0_9ACTN	reference
tr|A0ACD2U8K5|A0ACD2U8K5_9PSED	reference
tr|A0ACD8GVZ9|A0ACD8GVZ9_9GAMM	reference
tr|A0ACE0BGR7|A0ACE0BGR7_9ACTN	reference
tr|A0ACG2P9E2|A0ACG2P9E2_9BURK	reference
tr|A0ABX9KJH0|A0ABX9KJH0_9FUSO	reference
tr|A0ACH3UPZ5|A0ACH3UPZ5_9GAMM	reference
tr|A0ABY2UQK1|A0ABY2UQK1_9RHOB	reference
tr|A0ABY3F6M1|A0ABY3F6M1_9RHOO	reference
tr|A0ABY3SWP2|A0ABY3SWP2_9GAMM	reference
tr|A0ABY4NKQ5|A0ABY4NKQ5_9BURK	reference
tr|A0ABY4VYN0|A0ABY4VYN0_9PROT	reference
tr|A0ABY5G6F1|A0ABY5G6F1_VIBPE	reference
tr|A0ABY5GM63|A0ABY5GM63_9GAMM	reference
tr|A0ABY5LKN2|A0ABY5LKN2_9VIBR	reference
tr|A0ABY5WMK7|A0ABY5WMK7_9RHOB	reference
tr|A0ABY6JT50|A0ABY6JT50_9GAMM	reference
tr|A0ABY6N775|A0ABY6N775_9ALTE	reference
tr|A0ABY8BFS8|A0ABY8BFS8_9BURK	reference
tr|A0ABY8QC06|A0ABY8QC06_9RHOB	reference
tr|A0ABY8QFU3|A0ABY8QFU3_9RHOB	reference
tr|A0ABY9MRM8|A0ABY9MRM8_9GAMM	reference
tr|A0ABY9NL95|A0ABY9NL95_9PSED	reference
tr|A0ABY9RMW8|A0ABY9RMW8_9BURK	reference
tr|A0ABZ0PWM0|A0ABZ0PWM0_9PSED	reference
tr|A0ABZ0T797|A0ABZ0T797_HALED	reference
tr|A0ABZ0YC61|A0ABZ0YC61_9GAMM	reference
tr|A0ABZ1ANX7|A0ABZ1ANX7_AROEV	reference
tr|A0ABZ2I8F6|A0ABZ2I8F6_9CAUL	reference
tr|A0ABZ2W3W7|A0ABZ2W3W7_9GAMM	reference
tr|A0ABZ2XDH8|A0ABZ2XDH8_9RHOO	reference
tr|A0ABZ3E9A3|A0ABZ3E9A3_9GAMM	reference
tr|A0ACB5QND0|A0ACB5QND0_9BURK	reference
tr|A0ACC6RKT9|A0ACC6RKT9_9BURK	reference
tr|A0ACD8CRI4|A0ACD8CRI4_9SPHN	reference
tr|A0ACE2N6B5|A0ACE2N6B5_9BORD	reference
tr|A0ACE7T5P8|A0ACE7T5P8_9BURK	reference
tr|A0ACG1YEH5|A0ACG1YEH5_9VIBR	reference
tr|A0ACG2EMV8|A0ACG2EMV8_9RHOO	reference
tr|A0ACG2KGX4|A0ACG2KGX4_XANAU	reference
tr|A0ACG2KVQ3|A0ACG2KVQ3_9GAMM	reference
tr|A0ACG4AJD3|A0ACG4AJD3_9HYPH	reference
tr|A0ACH0DLW9|A0ACH0DLW9_9BRAD	reference
tr|A0ACH1NH61|A0ACH1NH61_9PROT	reference
tr|A0ACH1R8B4|A0ACH1R8B4_SHIZO	reference
tr|A0ACH1RMQ7|A0ACH1RMQ7_SHIZO	reference
tr|A0ACH2XDR8|A0ACH2XDR8_9PROT	reference
tr|A0ACH3CBP7|A0ACH3CBP7_9BURK	reference
tr|A0ACH3N1T8|A0ACH3N1T8_BREVE	reference
tr|A0ABY0IM67|A0ABY0IM67_9RHOO	reference
tr|A0ABY0IQN8|A0ABY0IQN8_9RHOO	reference
tr|A0ABY1FQR2|A0ABY1FQR2_9GAMM	reference
tr|A0ABY1HDR6|A0ABY1HDR6_9GAMM	reference
tr|A0ABY1P0E1|A0ABY1P0E1_9RHOB	reference
tr|A0ABY1PWV2|A0ABY1PWV2_9BURK	reference
tr|A0ABY6RF08|A0ABY6RF08_9MYCO	reference
tr|A0ABY6WFM7|A0ABY6WFM7_9BURK	reference
tr|A0ACC6K2F8|A0ACC6K2F8_9PSED	reference
tr|A0ACE2R7Y4|A0ACE2R7Y4_9BURK	reference
tr|A0ACE8QCW3|A0ACE8QCW3_9BRAD	reference
tr|A0ACG2NEG1|A0ACG2NEG1_9BURK	reference
tr|A0ACG2PW52|A0ACG2PW52_9BURK	reference
tr|A0ACG2V580|A0ACG2V580_9BURK	reference
tr|A0ACG9D7F9|A0ACG9D7F9_9BRAD	reference
tr|A0ABY0SG89|A0ABY0SG89_9RHOB	reference
tr|A0ABY0XZ14|A0ABY0XZ14_9PSED	reference
tr|A0ABY1QVY0|A0ABY1QVY0_9SPHN	reference
tr|A0ABY1RVM5|A0ABY1RVM5_9GAMM	reference
tr|A0ABY6T9Y3|A0ABY6T9Y3_9GAMM	reference
tr|A0ABZ0F622|A0ABZ0F622_9GAMM	reference
tr|A0ACD8GML6|A0ACD8GML6_9GAMM	reference
tr|A0ACE6BKC4|A0ACE6BKC4_9PROT	reference
tr|A0ACG2Q4Y9|A0ACG2Q4Y9_9PSED	reference
tr|A0ACG2QCG0|A0ACG2QCG0_9PSED	reference
tr|A0ACG2SYR6|A0ACG2SYR6_9SPHN	reference
tr|A0ACG2WZZ4|A0ACG2WZZ4_9BURK	reference
tr|A0ACG2XZK5|A0ACG2XZK5_9PSED	reference
tr|A0ACH1RK58|A0ACH1RK58_SHIZO	reference
sp|P76108|YDCS_ECOLI	reference
sp|P45370|PHAC_ALLVD	reference
sp|I3R9Z4|PHAC_HALMT	reference
sp|P73390|PHAC_SYNY3	reference
sp|P26494|PHAC1_ECTOL	reference
sp|P45366|PHAC_THIVI	reference
sp|P50176|PHAC_RHIME	reference
sp|O66392|PHAC_AZOC5	reference
tr|K0NK14|K0NK14_DESTT	reference
tr|K0IN98|K0IN98_NITGG	reference
tr|M1Y647|M1Y647_NATM8	reference
tr|A4G6D6|A4G6D6_HERAR	reference
tr|A8F2L8|A8F2L8_RICM5	reference
tr|A8LR46|A8LR46_DINSH	reference
tr|B8IL10|B8IL10_METNO	reference
tr|F4ZL17|F4ZL17_9NOCA	reference
tr|G1DVB2|G1DVB2_9BURK	reference
tr|G4QN86|G4QN86_BRUN1	reference
tr|G7Z9E8|G7Z9E8_AZOL4	reference
tr|I0HL48|I0HL48_RUBGI	reference
tr|I3D2C6|I3D2C6_9ARCH	reference
tr|I3D373|I3D373_9ARCH	reference
tr|L0WAR0|L0WAR0_9GAMM	reference
tr|L0WEH2|L0WEH2_9GAMM	reference
tr|M9RBS0|M9RBS0_9RHOB	reference
tr|B2AIR3|B2AIR3_CUPTR	reference
tr|B4RI79|B4RI79_PHEZH	reference
tr|B6UV88|B6UV88_9RHOB	reference
tr|B9W0T0|B9W0T0_9PSED	reference
tr|E1APK1|E1APK1_9NEIS	reference
tr|G1CRS0|G1CRS0_9BURK	reference
tr|G4QJF8|G4QJF8_BRUN1	reference
tr|G8BLJ2|G8BLJ2_9BURK	reference
tr|H6SIR7|H6SIR7_PARPM	reference
tr|I0HRS9|I0HRS9_RUBGI	reference
tr|I3TRC8|I3TRC8_TISMK	reference
tr|K1KB67|K1KB67_9GAMM	reference
tr|M0DCW3|M0DCW3_HALPD	reference
tr|M5ETJ1|M5ETJ1_9HYPH	reference
tr|O87110|O87110_DELAC	reference
tr|Q0KA68|Q0KA68_CUPNH	reference
tr|A0ACH4G603|A0ACH4G603_9RHOO	reference
tr|A0ACM8RTF1|A0ACM8RTF1_HALMT	reference
tr|A0ACN3LVC5|A0ACN3LVC5_9GAMM	reference
tr|A0ACN3P6Y2|A0ACN3P6Y2_9EURY	reference
tr|A0ACN3VS62|A0ACN3VS62_9GAMM	reference
tr|A9IIX1|A9IIX1_BORPD	reference
tr|B2FJD9|B2FJD9_STRMK	reference
tr|B4RB06|B4RB06_PHEZH	reference
tr|B6IMP7|B6IMP7_RHOCS	reference
tr|B7KDE2|B7KDE2_GLOC7	reference
tr|C7SHH8|C7SHH8_9PSED	reference
tr|D2UAU3|D2UAU3_XANAP	reference
tr|D4Z1P9|D4Z1P9_SPHIU	reference
tr|D8IXL9|D8IXL9_HERSS	reference
tr|E1CBE3|E1CBE3_9PSED	reference
tr|E1SWP3|E1SWP3_FERBD	reference
tr|E8M187|E8M187_PHOS4	reference
tr|F0IY34|F0IY34_ACIMA	reference
tr|F0J2B2|F0J2B2_ACIMA	reference
tr|F6M9V0|F6M9V0_9BURK	reference
tr|F7PG00|F7PG00_9EURY	reference
tr|G9EPS2|G9EPS2_9GAMM	reference
tr|I3TGV6|I3TGV6_TISMK	reference
tr|Q168U4|Q168U4_ROSDO	reference
tr|A0ACM8RWN5|A0ACM8RWN5_HALMT	reference
tr|A0ACN4YJT2|A0ACN4YJT2_HALMT	reference
tr|A0T062|A0T062_ALLVI	reference
tr|A1K483|A1K483_AZOSB	reference
tr|A8H3D8|A8H3D8_SHEPA	reference
tr|C1DHF6|C1DHF6_AZOVD	reference
tr|E3HAX3|E3HAX3_ILYPC	reference
tr|F0KN22|F0KN22_ACIP2	reference
tr|F6EZT9|F6EZT9_SPHCR	reference
tr|H8FTL3|H8FTL3_MAGML	reference
tr|M9RKM9|M9RKM9_9RHOB	reference
tr|A9H1F4|A9H1F4_GLUDA	reference
tr|B6JDR9|B6JDR9_AFIC5	reference
tr|C5AXH6|C5AXH6_METEA	reference
tr|D0YZB4|D0YZB4_PHODD	reference
tr|D4Z658|D4Z658_SPHIU	reference
tr|D6CSP8|D6CSP8_THIA3	reference
tr|F0KIH9|F0KIH9_ACIP2	reference
tr|F7ZAJ6|F7ZAJ6_ROSLO	reference
tr|I3TLZ5|I3TLZ5_TISMK	reference
tr|K6DJS5|K6DJS5_SCHAZ	reference
tr|L0DV70|L0DV70_THIND	reference
tr|N9VHT5|N9VHT5_9GAMM	reference
tr|Q0VMD6|Q0VMD6_ALCBS	reference
tr|Q0VPN2|Q0VPN2_ALCBS	reference
sp|Q9ZHI2|PHAC_CHRVO	reference
sp|Q5UYM0|PHAC_HALMA	reference
tr|Q18HU9|Q18HU9_HALWD	reference
tr|Q8GI81|Q8GI81_9BACI	reference
tr|Q1LNN7|Q1LNN7_CUPMC	reference
tr|Q1RK93|Q1RK93_RICBR	reference
tr|Q5NZ38|Q5NZ38_AROAE	reference
tr|Q63UR2|Q63UR2_BURPS	reference
tr|Q7CYW3|Q7CYW3_AGRFC	reference
tr|Q87KX4|Q87KX4_VIBPA	reference
tr|Q89HC1|Q89HC1_BRADU	reference
tr|Q8VV56|Q8VV56_9PSED	reference
tr|U5NXH1|U5NXH1_9BURK	reference
tr|V5FG99|V5FG99_9VIBR	reference
tr|V5FMS0|V5FMS0_9VIBR	reference
tr|W9URU9|W9URU9_9GAMM	reference
tr|Q1LMS4|Q1LMS4_CUPMC	reference
tr|Q2N9U1|Q2N9U1_ERYLH	reference
tr|Q3IYE8|Q3IYE8_CERS4	reference
tr|Q5D4Z0|Q5D4Z0_9PSED	reference
tr|Q5E3C0|Q5E3C0_ALIF1	reference
tr|Q5P0W7|Q5P0W7_AROAE	reference
tr|Q5P3D9|Q5P3D9_AROAE	reference
tr|Q5P962|Q5P962_AROAE	reference
tr|Q5ZTA2|Q5ZTA2_LEGPH	reference
tr|Q7VZ00|Q7VZ00_BORPE	reference
tr|Q8RT55|Q8RT55_9SYNE	reference
tr|Q8XYX5|Q8XYX5_RALN1	reference
tr|Q9F4K5|Q9F4K5_CAUVI	reference
tr|Q9WX80|Q9WX80_PARDE	reference
tr|Q9Z3Y3|Q9Z3Y3_9PSED	reference
tr|R4T396|R4T396_9PSEU	reference
tr|U7VCC2|U7VCC2_9FUSO	reference
tr|W9UPR4|W9UPR4_9GAMM	reference
tr|Q5LTW8|Q5LTW8_RUEPO	reference
tr|Q5Q136|Q5Q136_9PSED	reference
tr|Q848R9|Q848R9_STUST	reference
tr|Q8GFF3|Q8GFF3_KITAU	reference
tr|Q9KNR9|Q9KNR9_VIBCH	reference
tr|R1F852|R1F852_9GAMM	reference
tr|S6B1E5|S6B1E5_METRE	reference
tr|U2E7P7|U2E7P7_9GAMM	reference
tr|U4KDK3|U4KDK3_9VIBR	reference
tr|V6F901|V6F901_MAGGM	reference
tr|W0SF66|W0SF66_9PROT	reference
tr|Q1LCZ5|Q1LCZ5_CUPMC	reference
tr|Q5P115|Q5P115_AROAE	reference
tr|Q5ZWI8|Q5ZWI8_LEGPH	reference
tr|Q6LKI3|Q6LKI3_PHOPR	reference
tr|Q8KXD5|Q8KXD5_AZOBR	reference
tr|Q8PD95|Q8PD95_XANCP	reference
tr|Q9R9W2|Q9R9W2_PSEPU	reference
tr|Q9RDT6|Q9RDT6_RHORU	reference
tr|U2G457|U2G457_9GAMM	reference
tr|U2ZI03|U2ZI03_AQUA1	reference
tr|U3B5V2|U3B5V2_9VIBR	reference
tr|U4KH66|U4KH66_9VIBR	reference
tr|W5U290|W5U290_9BURK	reference
tr|Q3A8F5|Q3A8F5_SYNC1	reference
tr|Q47WS9|Q47WS9_COLP3	reference
tr|Q53049|Q53049_9NOCA	reference
tr|Q5Q131|Q5Q131_9PSED	reference
tr|Q5Y151|Q5Y151_PSEPU	reference
tr|Q68VS9|Q68VS9_RICTY	reference
tr|Q6BD45|Q6BD45_AERHY	reference
tr|Q8GI83|Q8GI83_9BACI	reference
tr|Q8P8T0|Q8P8T0_XANCP	reference
tr|Q8VV58|Q8VV58_9PSED	reference
tr|Q9F5P8|Q9F5P8_ECTSH	reference
tr|Q9R613|Q9R613_CERSP	reference
tr|Q9Z3D5|Q9Z3D5_9BURK	reference
tr|Q9Z435|Q9Z435_PSEPU	reference
tr|S6BPT4|S6BPT4_METRE	reference
tr|U7D663|U7D663_9BACT	reference
tr|W0V575|W0V575_9BURK	reference
