genome	gtdb_species	gtdb_genus	study_id	ecosystem_compartment	is_mag	n_phaC_matrix	n_targets_corrected	pct_triad_complete	pct_full_length	median_protein_length_aa	n_distinct_cluster07	n_clusters_known_of	pct_distinct_clusters	n_scaffolds_known	n_targets_scaffold_known_of	checkm_completeness	checkm_contamination	legitimacy_call
BPAM22-1_SAMN07482708_MAG_00000011	Bradyrhizobium denitrificans	Bradyrhizobium	BPAM22-1	Seawater	True	10	10	0.500	0.800	579	10	10	1.000	9	10	99.69	1.29	uncertain
BPAM22-1_SAMN07482710_MAG_00000026	Bradyrhizobium denitrificans	Bradyrhizobium	BPAM22-1	Seawater	True	10	10	0.500	0.700	579	10	10	1.000	4	4	93.12	2.23	uncertain
BPAM22-1_SAMN07482793_MAG_00000044	Bradyrhizobium denitrificans	Bradyrhizobium	BPAM22-1	Seawater	True	10	10	0.500	0.800	579	10	10	1.000	0	0	99.69	1.29	uncertain
RSGB23-1_GCF-000500125-V1_GENO_10000001	Legionella pneumophila	Legionella	RSGB23-1	NA	False	9	9	0.222	0.333	222	5	9	0.556	5	7	96.0	0.38	likely_artifact
RSGB23-1_GCF-002082905-V2_GENO_10000001	Legionella anisa	Legionella	RSGB23-1	NA	False	9	9	0.889	0.889	591	9	9	1.000	2	9	100.0	2.0	likely_legit
BPAM22-1_SAMN08953028_MAG_00000010	Bradyrhizobium sp001556045	Bradyrhizobium	BPAM22-1	Seawater	True	8	8	0.750	0.125	440	8	8	1.000	8	8	84.91	3.16	likely_legit
KELL22-1_SAMN22237344_MAG_00000103	Unknown JASJEC01	JASJEC01	KELL22-1	Marine sponge tissue	True	8	8	0.625	0.625	603	7	8	0.875	6	6	67.61	5.63	likely_legit
RSGB23-1_GCF-004343615-V1_GENO_10000001	Paracraurococcus aquatilis	Paracraurococcus	RSGB23-1	NA	False	8	8	0.500	0.750	609	8	8	1.000	7	8	100.0	0.0	uncertain
TARA_SAMEA6004635_MAG_00000157	Unknown Hwanghaeella	Hwanghaeella	TPAC	Seawater	True	8	8	0.750	0.625	595	7	8	0.875	5	7	90.69	0.76	likely_legit
CARD22-1_SAMN24292811_MAG_00000010	Unknown Desulfoluna	Desulfoluna	CARD22-1	Coral tissue	True	7	7	0.714	0.714	577	7	7	1.000	5	7	99.35	1.77	likely_legit
CARD22-1_SAMN24292812_MAG_00000014	Unknown Desulfoluna	Desulfoluna	CARD22-1	Coral tissue	True	7	7	0.714	0.714	577	7	7	1.000	1	1	98.59	4.23	likely_legit
CHAS20-1_SAMN14350117_MAG_00000061	Unknown HK1	Unknown HK1	CHAS20-1	Marine sediment	True	7	7	0.857	0.571	603	7	7	1.000	7	7	77.46	8.45	likely_legit
RSGB23-1_GCF-000770585-V1_GENO_10000001	Legionella norrlandica	Legionella	RSGB23-1	NA	False	7	7	0.571	0.429	424	6	7	0.857	5	6	99.24	0.95	uncertain
RSGB23-1_GCF-003176875-V1_GENO_10000001	Legionella anisa	Legionella	RSGB23-1	NA	False	7	7	0.857	0.857	597	7	7	1.000	0	0	100.0	1.53	likely_legit
RSGB23-1_GCF-009469605-V1_GENO_10000001	Zoogloea oryzae	Zoogloea	RSGB23-1	NA	False	7	7	1.000	1.000	584	7	7	1.000	5	7	99.38	1.09	likely_legit
RSGB23-1_GCF-014109805-V1_GENO_10000001	Legionella resiliens	Legionella	RSGB23-1	NA	False	7	7	0.857	0.857	597	7	7	1.000	1	7	100.0	2.67	likely_legit
RSGB23-1_GCF-900699765-V1_GENO_10000001	Desulfoluna butyratoxydans	Desulfoluna	RSGB23-1	NA	False	7	7	0.857	0.714	577	7	7	1.000	5	7	100.0	1.29	likely_legit
RSGB23-1_GCF-902498735-V1_GENO_10000001	Desulfoluna spongiiphila	Desulfoluna	RSGB23-1	NA	False	7	7	0.857	0.714	578	7	7	1.000	1	7	99.35	1.61	likely_legit
TARA_SAMEA4397363_MAG_00000003	Sulfitobacter sp963976125	Sulfitobacter	TOPC	Seawater	True	7	7	0.714	0.429	427	6	7	0.857	4	5	82.64	0.8	likely_legit
TARA_SAMEA5999008_MAG_00000204	Unknown Bradyrhizobium	Bradyrhizobium	TPAC	Seawater	True	7	7	0.857	0.571	586	7	7	1.000	7	7	94.54	3.69	likely_legit
ACIN21-1_SAMN05422133_MAG_00000018	Antarctobacter sp019392335	Antarctobacter	ACIN21-1	Seawater	True	6	6	0.667	0.667	570	6	6	1.000	2	2	96.29	0.68	likely_legit
ACIN21-1_SAMN05422140_MAG_00000006	Antarctobacter sp019392335	Antarctobacter	ACIN21-1	Seawater	True	6	6	0.667	0.667	570	6	6	1.000	1	1	99.32	0.32	likely_legit
ATLA15-1_SAMN03981636-S001_MAG_00000366	Unknown JAABRB01	JAABRB01	ATLA15-1	Marine sediment	True	6	6	0.833	0.667	586	6	6	1.000	6	6	93.92	0.53	likely_legit
ATLA15-1_SAMN03981669-S001_MAG_00000037	Unknown Desulfosarcinaceae	Unknown Desulfosarcinaceae	ATLA15-1	Marine sediment	True	6	6	0.833	0.333	394	6	6	1.000	5	5	98.06	1.94	likely_legit
ATLA15-1_SAMN03981677-S001_MAG_00000045	Unknown JAHIVH01	Unknown JAHIVH01	ATLA15-1	Marine sediment	True	6	6	0.833	0.667	613	6	6	1.000	2	2	90.75	1.94	likely_legit
BPAM22-1_SAMN07482816_MAG_00000014	Unknown JABMNR01	JABMNR01	BPAM22-1	Seawater	True	6	6	0.667	0.333	449	6	6	1.000	1	2	91.72	1.09	likely_legit
CAOS20-1_SAMN13674977-S001_MAG_00000072	Unknown Sphingobium	Sphingobium	CAOS20-1	Seawater	True	6	6	0.833	0.667	584	6	6	1.000	6	6	98.54	7.04	likely_legit
CAOS20-1_SAMN13674977-S003_MAG_00000025	Unknown EhC02	EhC02	CAOS20-1	Seawater	True	6	6	1.000	1.000	612	6	6	1.000	4	4	55.83	0.0	likely_legit
CAOS20-1_SAMN13674978-S011_MAG_00000173	Novosphingobium indicum	Novosphingobium	CAOS20-1	Seawater	True	6	6	0.333	0.167	412	6	6	1.000	4	4	72.54	0.42	uncertain
CAOS20-1_SAMN13674978-S013_MAG_00000007	Unknown CANJQJ01	CANJQJ01	CAOS20-1	Seawater	True	6	6	0.667	0.167	406	5	6	0.833	1	2	89.61	4.56	likely_legit
CHAS20-1_SAMN14350117_MAG_00000050	JASJBI01 sp030066595	JASJBI01	CHAS20-1	Marine sediment	True	6	6	1.000	0.667	610	6	6	1.000	6	6	97.41	8.72	likely_legit
CHAS20-1_SAMN14350117_MAG_00000051	Unknown CALKHQ01	Unknown CALKHQ01	CHAS20-1	Marine sediment	True	6	6	0.500	0.333	495	6	6	1.000	6	6	73.13	1.12	uncertain
DONG22-1_SAMN19687753_MAG_00000017	Unknown HK1	Unknown HK1	DONG22-1	Marine sediment	True	6	6	0.833	0.667	600	6	6	1.000	5	6	88.73	0.0	likely_legit
KELL22-1_SAMN22237333_MAG_00000019	Unknown JASJEC01	JASJEC01	KELL22-1	Marine sponge tissue	True	6	6	0.667	0.500	528	5	6	0.833	5	6	78.87	1.41	likely_legit
LUOR22-1_SAMEA13410271_MAG_00000023	Unknown Reyranella	Reyranella	LUOR22-1	Seawater	True	6	6	0.667	0.500	605	6	6	1.000	6	6	90.38	1.09	likely_legit
RSGB23-1_GCA-013519935-V1_GENO_10000001	WFHF3C12 sp013519935	WFHF3C12	RSGB23-1	NA	False	6	6	0.833	0.333	446	6	6	1.000	5	6	100.0	0.0	likely_legit
RSGB23-1_GCF-000404245-V1_GENO_10000001	Legionella pneumophila	Legionella	RSGB23-1	NA	False	6	6	1.000	1.000	596	5	6	0.833	1	6	100.0	0.19	likely_legit
RSGB23-1_GCF-000455845-V1_GENO_10000001	Legionella pneumophila	Legionella	RSGB23-1	NA	False	6	6	0.833	1.000	596	5	6	0.833	5	6	99.62	0.19	likely_legit
RSGB23-1_GCF-000694995-V1_GENO_10000001	Legionella pneumophila	Legionella	RSGB23-1	NA	False	6	6	0.833	1.000	596	5	6	0.833	0	0	100.0	0.19	likely_legit
RSGB23-1_GCF-000702385-V1_GENO_10000001	Xanthobacter aminoxidans	Xanthobacter	RSGB23-1	NA	False	6	6	0.500	0.667	652	6	6	1.000	1	6	100.0	0.0	uncertain
RSGB23-1_GCF-000734975-V2_GENO_10000001	Vreelandella glaciei	Vreelandella	RSGB23-1	NA	False	6	6	1.000	1.000	636	6	6	1.000	2	6	100.0	0.84	likely_legit
RSGB23-1_GCF-000763905-V1_GENO_10000001	Paracoccus halophilus	Paracoccus	RSGB23-1	NA	False	6	6	0.667	0.833	725	6	6	1.000	5	6	100.0	0.0	likely_legit
RSGB23-1_GCF-000812465-V1_GENO_10000001	Cupriavidus sp000812465	Cupriavidus	RSGB23-1	NA	False	6	6	0.833	0.833	597	6	6	1.000	5	6	99.48	1.49	likely_legit
RSGB23-1_GCF-000953915-V1_GENO_10000001	Legionella pneumophila	Legionella	RSGB23-1	NA	False	6	6	0.833	1.000	596	5	6	0.833	0	0	100.0	0.19	likely_legit
RSGB23-1_GCF-000953935-V1_GENO_10000001	Legionella pneumophila	Legionella	RSGB23-1	NA	False	5	6	0.833	0.667	596	4	6	0.667	3	3	100.0	0.0	likely_legit
RSGB23-1_GCF-002105285-V1_GENO_10000001	Planktotalea arctica	Planktotalea	RSGB23-1	NA	False	6	6	0.667	0.333	434	5	6	0.833	4	6	99.57	0.16	likely_legit
RSGB23-1_GCF-002355855-V1_GENO_10000001	Sphingobium cloacae	Sphingobium	RSGB23-1	NA	False	6	6	1.000	0.833	585	4	6	0.667	1	5	99.66	1.87	likely_legit
RSGB23-1_GCF-002741725-V1_GENO_10000001	Rhodococcus ruber	Rhodococcus	RSGB23-1	NA	False	6	6	0.667	0.500	561	6	6	1.000	1	6	99.37	0.75	likely_legit
RSGB23-1_GCF-003149435-V1_GENO_10000001	Sediminicurvatus halobius	Sediminicurvatus	RSGB23-1	NA	False	6	6	0.833	0.500	584	6	6	1.000	5	6	98.59	1.41	likely_legit
RSGB23-1_GCF-003205035-V1_GENO_10000001	Legionella pneumophila	Legionella	RSGB23-1	NA	False	6	6	0.833	1.000	598	5	6	0.833	5	6	100.0	0.38	likely_legit
RSGB23-1_GCF-003205045-V1_GENO_10000001	Legionella pneumophila	Legionella	RSGB23-1	NA	False	6	6	0.833	1.000	598	5	6	0.833	0	0	100.0	0.32	likely_legit
RSGB23-1_GCF-003205055-V1_GENO_10000001	Legionella pneumophila	Legionella	RSGB23-1	NA	False	6	6	1.000	1.000	596	5	6	0.833	1	1	100.0	0.19	likely_legit
RSGB23-1_GCF-003205065-V1_GENO_10000001	Legionella pneumophila	Legionella	RSGB23-1	NA	False	6	6	1.000	1.000	596	5	6	0.833	0	0	100.0	0.19	likely_legit
RSGB23-1_GCF-003205115-V1_GENO_10000001	Legionella pneumophila	Legionella	RSGB23-1	NA	False	6	6	0.833	1.000	598	5	6	0.833	0	0	100.0	0.19	likely_legit
RSGB23-1_GCF-003205135-V1_GENO_10000001	Legionella pneumophila	Legionella	RSGB23-1	NA	False	6	6	0.833	1.000	596	5	6	0.833	0	0	100.0	0.19	likely_legit
RSGB23-1_GCF-003205155-V1_GENO_10000001	Legionella pneumophila	Legionella	RSGB23-1	NA	False	4	6	0.833	1.000	596	5	6	0.833	0	0	100.0	0.19	likely_legit
RSGB23-1_GCF-003205175-V1_GENO_10000001	Legionella pneumophila	Legionella	RSGB23-1	NA	False	6	6	1.000	1.000	596	5	6	0.833	0	0	100.0	0.19	likely_legit
RSGB23-1_GCF-003399765-V1_GENO_10000001	AK92 sp003399765	AK92	RSGB23-1	NA	False	6	6	0.333	0.167	350	6	6	1.000	1	2	94.37	1.41	uncertain
RSGB23-1_GCF-003697265-V1_GENO_10000001	Sphingobium yanoikuyae	Sphingobium	RSGB23-1	NA	False	6	6	0.667	0.667	584	5	6	0.833	2	6	100.0	0.0	likely_legit
RSGB23-1_GCF-003844175-V1_GENO_10000001	Rhodococcus ruber	Rhodococcus	RSGB23-1	NA	False	6	6	0.333	0.333	434	5	6	0.833	4	5	98.99	0.63	uncertain
RSGB23-1_GCF-004137185-V1_GENO_10000001	Legionella pneumophila	Legionella	RSGB23-1	NA	False	6	6	1.000	1.000	596	5	6	0.833	0	0	100.0	0.19	likely_legit
RSGB23-1_GCF-004168975-V1_GENO_10000001	Legionella fraseri	Legionella	RSGB23-1	NA	False	6	6	0.667	0.833	596	6	6	1.000	1	1	100.0	0.19	likely_legit
RSGB23-1_GCF-004920575-V1_GENO_10000001	Legionella pneumophila	Legionella	RSGB23-1	NA	False	6	6	0.833	1.000	598	5	6	0.833	0	0	100.0	0.19	likely_legit
RSGB23-1_GCF-004920585-V1_GENO_10000001	Legionella pneumophila	Legionella	RSGB23-1	NA	False	6	6	0.833	1.000	598	5	6	0.833	0	0	100.0	0.57	likely_legit
RSGB23-1_GCF-004920665-V1_GENO_10000001	Legionella pneumophila	Legionella	RSGB23-1	NA	False	4	6	0.667	0.833	596	5	6	0.833	4	4	95.44	3.18	likely_legit
RSGB23-1_GCF-005780185-V1_GENO_10000001	Halomonas urmiana	Halomonas	RSGB23-1	NA	False	6	6	1.000	1.000	610	6	6	1.000	5	6	100.0	1.43	likely_legit
RSGB23-1_GCF-006363875-V1_GENO_10000001	Sphingobium fuliginis	Sphingobium	RSGB23-1	NA	False	6	6	0.500	0.167	362	5	6	0.833	1	6	100.0	0.0	uncertain
RSGB23-1_GCF-010993675-V1_GENO_10000001	Modicisalibacter tunisiensis	Modicisalibacter	RSGB23-1	NA	False	6	6	1.000	0.833	619	6	6	1.000	5	6	100.0	0.0	likely_legit
RSGB23-1_GCF-011683955-V1_GENO_10000001	Pseudomaricurvus alkylphenolicus	Pseudomaricurvus	RSGB23-1	NA	False	6	6	0.833	0.667	588	6	6	1.000	4	6	100.0	0.0	likely_legit
RSGB23-1_GCF-017894365-V1_GENO_10000001	Aromatoleum bremense	Aromatoleum	RSGB23-1	NA	False	6	6	0.833	0.833	594	6	6	1.000	1	6	99.59	0.41	likely_legit
RSGB23-1_GCF-018531475-V1_GENO_10000001	Pseudonocardia sp018531475	Pseudonocardia	RSGB23-1	NA	False	6	6	0.667	0.500	573	6	6	1.000	5	6	99.53	2.84	likely_legit
SANC23-1_SAMEA110646511_MAG_00000079	Antarctobacter sp019392335	Antarctobacter	SANC23-1	Seawater	True	3	6	0.667	0.667	570	6	6	1.000	0	0	99.4	0.5	likely_legit
SANC23-1_SAMEA110646518_MAG_00000050	Antarctobacter sp019392335	Antarctobacter	SANC23-1	Seawater	True	3	6	0.500	0.500	568	6	6	1.000	2	2	54.72	0.59	uncertain
SANC23-1_SAMEA110646520_MAG_00000010	Antarctobacter sp019392335	Antarctobacter	SANC23-1	Seawater	True	3	6	0.500	0.667	570	6	6	1.000	3	3	95.92	2.6	uncertain
SHAF22-1_SAMEA7723957_MAG_00000002	Hyphomonas sp000682775	Hyphomonas	SHAF22-1	Marine sediment	True	3	6	1.000	0.833	607	6	6	1.000	2	3	100.0	0.0	likely_legit
TAOJ22-1_SAMN27365860_MAG_00000012	Unknown Sulfitobacter	Sulfitobacter	TAOJ22-1	Seawater	True	6	6	1.000	1.000	602	6	6	1.000	6	6	97.25	9.55	likely_legit
TARA_SAMEA2621854_MAG_00000048	Tistrella mobilis	Tistrella	TOPC	Seawater	True	5	6	0.833	0.833	601	5	6	0.833	1	2	90.26	1.16	likely_legit
TARA_SAMEA2621872_MAG_00000013	Tistrella mobilis	Tistrella	TOPC	Seawater	True	4	6	0.833	0.833	596	4	6	0.667	0	0	96.01	0.75	likely_legit
TARA_SAMEA2622086_MAG_00000026	Tistrella mobilis	Tistrella	TOPC	Seawater	True	4	6	0.833	0.667	595	4	6	0.667	1	1	85.14	0.5	likely_legit
TARA_SAMEA2622331_MAG_00000019	Novosphingobium indicum	Novosphingobium	TOPC	Seawater	True	6	6	0.500	0.333	483	6	6	1.000	4	4	76.6	0.46	uncertain
TARA_SAMEA2623403_MAG_00000011	Novosphingobium indicum	Novosphingobium	TOPC	Seawater	True	4	6	0.667	0.500	586	6	6	1.000	4	4	67.5	1.55	likely_legit
TARA_SAMEA4397215_MAG_00000062	CAXBJY01 sp963976285	CAXBJY01	TOPC	Seawater	True	6	6	0.667	0.333	360	5	6	0.833	3	4	77.85	4.3	likely_legit
TARA_SAMEA4397815_MAG_00000046	UBA1479 sp963976055	UBA1479	TOPC	Seawater	True	5	6	0.833	0.500	588	6	6	1.000	1	1	99.5	0.0	likely_legit
TARA_SAMEA4397948_MAG_00000040	UBA1479 sp963976055	UBA1479	TOPC	Seawater	True	5	6	0.833	0.500	588	6	6	1.000	0	0	100.0	0.0	likely_legit
TARA_SAMEA4398238_MAG_00000024	Novosphingobium indicum	Novosphingobium	TOPC	Seawater	True	4	6	0.500	0.500	586	6	6	1.000	1	1	96.34	0.17	uncertain
TARA_SAMEA4398238_MAG_00000113	Unknown GCA-2731375	Unknown GCA-2731375	TOPC	Seawater	True	6	6	0.833	0.833	587	6	6	1.000	5	6	92.96	0.0	likely_legit
TARA_SAMEA5999008_MAG_00000158	Unknown Piscinibacter	Piscinibacter	TPAC	Seawater	True	6	6	0.500	0.333	406	5	6	0.833	6	6	94.66	5.93	uncertain
TARA_SAMEA6004500_MAG_00000210	Marinobacter manganoxydans	Marinobacter	TPAC	Seawater	True	3	6	0.333	0.333	456	6	6	1.000	2	2	91.71	1.17	uncertain
TARA_SAMEA6006780_MAG_00000143	Marinobacter manganoxydans	Marinobacter	TPAC	Seawater	True	3	6	0.167	0.167	406	5	6	0.833	2	2	81.58	4.25	likely_artifact
WIND23-1_Gp0561256-S001_MAG_00000086	Sulfitobacter sp026421135	Sulfitobacter	WIND23-1	Sea ice	True	6	6	0.667	0.833	612	6	6	1.000	5	6	59.95	0.0	likely_legit
WIND23-1_Gp0561258-S001_MAG_00000032	Sulfitobacter sp013139555	Sulfitobacter	WIND23-1	Sea ice	True	6	6	1.000	0.833	602	6	6	1.000	3	3	99.36	0.9	likely_legit
WIND23-1_Gp0561260-S001_MAG_00000069	Sulfitobacter sp013139555	Sulfitobacter	WIND23-1	Sea ice	True	6	6	1.000	0.833	602	6	6	1.000	0	0	98.4	8.35	likely_legit
ZHEN22-1_SAMN12826202_MAG_00000306	Unknown JAPULJ01	JAPULJ01	ZHEN22-1	Marine sediment	True	6	6	0.667	0.333	411	6	6	1.000	6	6	80.57	8.81	likely_legit
ACIN21-1_SAMN05422113_MAG_00000002	Antarctobacter sp019392335	Antarctobacter	ACIN21-1	Seawater	True	5	5	0.600	0.600	570	5	5	1.000	4	5	100.0	1.41	likely_legit
ATLA15-1_SAMN03981636-S001_MAG_00000170	Unknown CAIRSR01	Unknown CAIRSR01	ATLA15-1	Marine sediment	True	5	5	0.400	0.400	345	5	5	1.000	5	5	50.7	7.04	uncertain
ATLA15-1_SAMN03981667-S001_MAG_00000013	Unknown JAHIVH01	JAHIVH01	ATLA15-1	Marine sediment	True	5	5	0.600	0.600	579	5	5	1.000	5	5	59.82	0.0	likely_legit
ATLA15-1_SAMN03981669-S001_MAG_00000153	Hyphomonas sp000682735	Hyphomonas	ATLA15-1	Marine sediment	True	5	5	0.800	0.600	588	3	5	0.600	2	3	95.36	3.84	likely_legit
ATLA15-1_SAMN03981676-S001_MAG_00000050	Unknown JAHIVH01	Unknown JAHIVH01	ATLA15-1	Marine sediment	True	5	5	0.600	0.600	578	5	5	1.000	5	5	95.48	3.06	likely_legit
ATLA15-1_SAMN03981678-S001_MAG_00000050	Unknown JAABRB01	JAABRB01	ATLA15-1	Marine sediment	True	5	5	0.800	0.600	554	5	5	1.000	1	1	63.38	5.63	likely_legit
ATLA15-1_SAMN03981678-S001_MAG_00000110	Unknown JARRKU01	JARRKU01	ATLA15-1	Marine sediment	True	5	5	0.200	0.600	521	4	5	0.800	4	5	84.03	2.26	likely_artifact
BOEU19-1_SAMN09765684_MAG_00000020	Henriciella sp013213825	Henriciella	BOEU19-1	Marine sediment	True	5	5	1.000	0.200	410	5	5	1.000	5	5	86.61	2.46	likely_legit
BPAM22-1_SAMN07449441_MAG_00000122	Unknown JABMNR01	JABMNR01	BPAM22-1	Seawater	True	5	5	1.000	0.400	497	5	5	1.000	5	5	75.15	1.74	likely_legit
BPAM22-1_SAMN07482793_MAG_00000005	Sphingomonas paucimobilis	Sphingomonas	BPAM22-1	Seawater	True	5	5	0.400	0.200	349	4	5	0.800	4	5	99.15	3.28	uncertain
BPAM22-1_SAMN07482804_MAG_00000002	Unknown JABMNR01	JABMNR01	BPAM22-1	Seawater	True	5	5	1.000	0.600	602	5	5	1.000	3	3	100.0	0.0	likely_legit
BPAM22-1_SAMN07483222_MAG_00000032	Unknown Ferrovibrio	Ferrovibrio	BPAM22-1	Seawater	True	5	5	0.600	0.400	440	5	5	1.000	5	5	99.19	0.0	likely_legit
BPAM22-1_SAMN08953030_MAG_00000011	Bradyrhizobium sp001556045	Bradyrhizobium	BPAM22-1	Seawater	True	5	5	0.600	0.000	307	5	5	1.000	5	5	63.38	4.23	likely_legit
BRAZ22-1_SAMN16557391-S004_MAG_00000056	UBA7957 sp003511825	UBA7957	BRAZ22-1	Hydrothermal vent plume	True	5	5	1.000	0.600	581	5	5	1.000	4	5	98.59	0.0	likely_legit
BRYA16-1_SAMN04849236-S002_MAG_00000017	CAKZYD01 sp937884085	CAKZYD01	BRYA16-1	Seawater	True	5	5	0.200	0.200	416	5	5	1.000	4	5	85.5	1.28	likely_artifact
CAOS20-1_SAMN13674977-S010_MAG_00000027	Unknown JAWQFO01	JAWQFO01	CAOS20-1	Seawater	True	5	5	0.600	0.200	428	5	5	1.000	5	5	50.91	1.27	likely_legit
CAOS20-1_SAMN13674977-S010_MAG_00000048	Sulfitobacter sp026421135	Sulfitobacter	CAOS20-1	Seawater	True	5	5	0.400	0.400	428	5	5	1.000	4	5	90.81	1.32	uncertain
CAOS20-1_SAMN13674977-S020_MAG_00000060	Unknown Sphingobium	Sphingobium	CAOS20-1	Seawater	True	5	5	1.000	0.600	580	5	5	1.000	0	0	94.28	2.25	likely_legit
CAOS20-1_SAMN13674978-S005_MAG_00000083	Unknown Hyphococcus	Hyphococcus	CAOS20-1	Seawater	True	5	5	1.000	0.800	617	4	5	0.800	3	4	98.12	1.03	likely_legit
CAOS20-1_SAMN13674978-S005_MAG_00000124	Novosphingobium indicum	Novosphingobium	CAOS20-1	Seawater	True	5	5	0.600	0.400	483	5	5	1.000	4	5	99.44	1.99	likely_legit
CAOS20-1_SAMN13674978-S008_MAG_00000061	Novosphingobium indicum	Novosphingobium	CAOS20-1	Seawater	True	5	5	0.600	0.400	483	5	5	1.000	0	0	90.75	1.84	likely_legit
CAOS20-1_SAMN13674978-S008_MAG_00000082	Unknown Hyphococcus	Hyphococcus	CAOS20-1	Seawater	True	5	5	1.000	0.800	617	4	5	0.800	0	0	100.0	1.41	likely_legit
CAOS20-1_SAMN13674978-S011_MAG_00000090	Unknown Hyphococcus	Hyphococcus	CAOS20-1	Seawater	True	5	5	0.800	0.600	617	4	5	0.800	2	2	89.54	2.2	likely_legit
CAOS20-1_SAMN13674978-S011_MAG_00000111	Unknown CANJQJ01	CANJQJ01	CAOS20-1	Seawater	True	5	5	1.000	0.200	408	5	5	1.000	2	2	56.94	1.52	likely_legit
CAOS20-1_SAMN13674978-S012_MAG_00000015	Novosphingobium indicum	Novosphingobium	CAOS20-1	Seawater	True	5	5	0.600	0.400	483	5	5	1.000	0	0	95.99	1.69	likely_legit
CAOS20-1_SAMN13674978-S012_MAG_00000186	Unknown Hyphococcus	Hyphococcus	CAOS20-1	Seawater	True	5	5	1.000	0.800	617	4	5	0.800	0	0	95.64	1.53	likely_legit
CAOS20-1_SAMN13674978-S013_MAG_00000080	Unknown Hyphococcus	Hyphococcus	CAOS20-1	Seawater	True	4	5	1.000	0.800	617	4	5	0.800	0	0	95.51	0.83	likely_legit
CAOS20-1_SAMN13674978-S029_MAG_00000083	Unknown UBA1479	UBA1479	CAOS20-1	Seawater	True	5	5	0.800	0.600	588	5	5	1.000	4	5	91.55	1.41	likely_legit
CAOS20-1_SAMN13674978-S030_MAG_00000030	Unknown Rubrivivax	Rubrivivax	CAOS20-1	Seawater	True	5	5	0.600	0.800	588	5	5	1.000	1	1	99.38	1.17	likely_legit
CAOS20-1_SAMN13674978-S030_MAG_00000060	Unknown UBA1479	UBA1479	CAOS20-1	Seawater	True	5	5	0.800	0.800	604	5	5	1.000	4	5	100.0	0.0	likely_legit
CAOS20-1_SAMN13674978-S030_MAG_00000078	Unknown DAOMNN01	DAOMNN01	CAOS20-1	Seawater	True	5	5	0.800	1.000	586	5	5	1.000	5	5	97.51	1.04	likely_legit
CAOS20-1_SAMN13674978-S031_MAG_00000115	Unknown UBA1479	UBA1479	CAOS20-1	Seawater	True	5	5	0.800	0.800	604	5	5	1.000	1	1	95.77	0.0	likely_legit
CARD22-1_SAMN24292809_MAG_00000011	Unknown JAKSDN01	Unknown JAKSDN01	CARD22-1	Coral tissue	True	5	5	1.000	0.800	600	5	5	1.000	4	4	98.61	2.83	likely_legit
CARD22-1_SAMN24292821_MAG_00000019	Unknown JAKSDN01	Unknown JAKSDN01	CARD22-1	Coral tissue	True	5	5	1.000	0.600	599	5	5	1.000	5	5	97.41	1.52	likely_legit
CARD22-1_SAMN24292837_MAG_00000005	Unknown Desulfoluna	Desulfoluna	CARD22-1	Coral tissue	True	5	5	0.600	0.800	597	5	5	1.000	5	5	96.77	2.31	likely_legit
CHAS20-1_SAMN14350117_MAG_00000016	JAKSBE01 sp030066685	JAKSBE01	CHAS20-1	Marine sediment	True	5	5	0.800	0.600	635	5	5	1.000	5	5	96.52	4.16	likely_legit
DONG22-1_SAMN19687762_MAG_00000053	Unknown JAJFGK01	JAJFGK01	DONG22-1	Marine sediment	True	5	5	0.600	0.800	603	5	5	1.000	5	5	97.12	2.04	likely_legit
DUAR15-1_SAMN06266101_MAG_00000003	Marinobacter flavimaris	Marinobacter	DUAR15-1	Seawater	True	5	5	0.600	0.600	587	5	5	1.000	4	5	94.41	0.0	likely_legit
DUAR15-1_SAMN06266132_MAG_00000007	Marinobacter flavimaris	Marinobacter	DUAR15-1	Seawater	True	5	5	0.600	0.600	587	5	5	1.000	1	1	93.86	0.0	likely_legit
HARO16-1_SAMN03860272_MAG_00000016	Marinobacter salsuginis	Marinobacter	HARO16-1	Seawater	True	5	5	0.400	0.200	395	5	5	1.000	3	5	94.37	2.82	uncertain
KELL22-1_SAMN22237345_MAG_00000027	Unknown JASJEC01	JASJEC01	KELL22-1	Marine sponge tissue	True	5	5	0.600	0.600	603	5	5	1.000	5	5	85.92	5.63	likely_legit
KRUG19-1_SAMN06267310_MAG_00000062	Yoonia sp002378665	Yoonia	KRUG19-1	Seawater	True	4	5	0.600	0.400	425	4	5	0.800	2	3	92.75	1.25	likely_legit
MCIN21-1_SAMEA7319926_MAG_00000006	Unknown Azonexus	Azonexus	MCIN21-1	Freshwater pond sediment	True	5	5	0.400	0.600	577	4	5	0.800	5	5	85.78	3.93	uncertain
OBRI24-1_SAMEA115094373_MAG_00000067	Hyphomonas sp000682775	Hyphomonas	OBRI24-1	Seawater	True	5	5	0.400	0.200	313	5	5	1.000	4	5	81.88	1.44	uncertain
PUEN22-1_SAMN25861445_MAG_00000124	Puniceibacterium antarcticum	Puniceibacterium	PUEN22-1	Seawater	True	5	5	0.400	0.400	422	5	5	1.000	2	4	90.45	2.34	uncertain
RSGB23-1_GCA-003712015-V2_GENO_10000001	Pseudomonas aeruginosa	Pseudomonas	RSGB23-1	NA	False	5	5	0.400	0.400	294	5	5	1.000	2	5	97.57	0.63	uncertain
RSGB23-1_GCA-016966195-V1_GENO_10000001	Bordetella bronchiseptica_F	Bordetella	RSGB23-1	NA	False	5	5	0.400	0.400	332	4	5	0.800	1	5	96.65	0.58	uncertain
RSGB23-1_GCF-000014785-V1_GENO_10000001	Alkalilimnicola ehrlichii	Alkalilimnicola	RSGB23-1	NA	False	5	5	1.000	0.800	586	5	5	1.000	1	5	100.0	0.59	likely_legit
RSGB23-1_GCF-000016725-V1_GENO_10000001	Acidiphilium multivorum	Acidiphilium	RSGB23-1	NA	False	5	5	0.800	0.600	600	5	5	1.000	2	5	100.0	0.0	likely_legit
RSGB23-1_GCF-000021765-V1_GENO_10000001	Thauera aminoaromatica	Thauera	RSGB23-1	NA	False	5	5	1.000	1.000	608	5	5	1.000	1	5	100.0	0.0	likely_legit
RSGB23-1_GCF-000257545-V3_GENO_10000001	Pseudomonas_E mandelii	Pseudomonas_E	RSGB23-1	NA	False	5	5	0.800	1.000	562	4	5	0.800	2	5	99.86	1.22	likely_legit
RSGB23-1_GCF-000283275-V1_GENO_10000001	Marinobacter psychrophilus	Marinobacter	RSGB23-1	NA	False	5	5	0.400	0.200	257	5	5	1.000	1	5	100.0	0.0	uncertain
RSGB23-1_GCF-000300275-V1_GENO_10000001	Thalassospira profundimaris	Thalassospira	RSGB23-1	NA	False	5	5	0.800	0.800	601	5	5	1.000	3	4	100.0	0.0	likely_legit
RSGB23-1_GCF-000308315-V1_GENO_10000001	Tatlockia tunisiensis	Tatlockia	RSGB23-1	NA	False	5	5	0.200	0.200	339	5	5	1.000	3	5	90.64	1.36	likely_artifact
RSGB23-1_GCF-000427665-V1_GENO_10000001	Geminicoccus roseus	Geminicoccus	RSGB23-1	NA	False	5	5	0.600	1.000	756	5	5	1.000	1	5	100.0	0.0	likely_legit
RSGB23-1_GCF-000695015-V1_GENO_10000001	Legionella pneumophila	Legionella	RSGB23-1	NA	False	5	5	0.800	0.600	581	4	5	0.800	3	5	100.0	0.0	likely_legit
RSGB23-1_GCF-000831325-V1_GENO_10000001	Thauera aminoaromatica	Thauera	RSGB23-1	NA	False	5	5	1.000	1.000	608	5	5	1.000	3	3	100.0	1.41	likely_legit
RSGB23-1_GCF-000950675-V1_GENO_10000001	Legionella pneumophila	Legionella	RSGB23-1	NA	False	5	5	0.800	0.600	581	4	5	0.800	2	2	100.0	0.0	likely_legit
RSGB23-1_GCF-000950695-V1_GENO_10000001	Legionella pneumophila	Legionella	RSGB23-1	NA	False	5	5	0.800	0.600	581	4	5	0.800	0	0	100.0	0.0	likely_legit
RSGB23-1_GCF-000950745-V1_GENO_10000001	Legionella pneumophila	Legionella	RSGB23-1	NA	False	5	5	0.800	0.600	581	4	5	0.800	2	2	100.0	0.0	likely_legit
RSGB23-1_GCF-001661075-V1_GENO_10000001	Pseudomonas_E silesiensis	Pseudomonas_E	RSGB23-1	NA	False	5	5	0.800	1.000	561	5	5	1.000	1	5	98.59	0.0	likely_legit
RSGB23-1_GCF-002028455-V1_GENO_10000001	Zoogloea sp002028455	Zoogloea	RSGB23-1	NA	False	5	5	0.800	0.800	580	4	5	0.800	4	5	99.71	2.6	likely_legit
RSGB23-1_GCF-002148795-V1_GENO_10000001	Oceanibaculum nanhaiense	Oceanibaculum	RSGB23-1	NA	False	5	5	1.000	0.800	596	5	5	1.000	4	5	99.57	1.09	likely_legit
RSGB23-1_GCF-002148915-V1_GENO_10000001	Sphingobium xenophagum	Sphingobium	RSGB23-1	NA	False	4	5	1.000	0.800	584	4	5	0.800	2	3	99.32	0.91	likely_legit
RSGB23-1_GCF-002326725-V1_GENO_10000001	Pseudomonas aeruginosa	Pseudomonas	RSGB23-1	NA	False	4	5	0.800	1.000	561	5	5	1.000	0	0	99.68	0.28	likely_legit
RSGB23-1_GCF-002760615-V1_GENO_10000001	Puniceibacterium antarcticum	Puniceibacterium	RSGB23-1	NA	False	5	5	0.800	0.800	598	5	5	1.000	3	3	99.55	1.27	likely_legit
RSGB23-1_GCF-002813775-V1_GENO_10000001	Thiodictyon syntrophicum	Thiodictyon	RSGB23-1	NA	False	5	5	0.800	0.800	636	5	5	1.000	2	5	99.41	1.71	likely_legit
RSGB23-1_GCF-002849615-V1_GENO_10000001	Pollutimonas nitritireducens	Pollutimonas	RSGB23-1	NA	False	5	5	0.800	0.600	557	5	5	1.000	4	5	100.0	0.53	likely_legit
RSGB23-1_GCF-002881635-V1_GENO_10000001	Pseudomonas_E frederiksbergensis	Pseudomonas_E	RSGB23-1	NA	False	5	5	0.800	1.000	561	5	5	1.000	3	5	99.66	1.18	likely_legit
RSGB23-1_GCF-002881715-V1_GENO_10000001	Pseudomonas_E frederiksbergensis	Pseudomonas_E	RSGB23-1	NA	False	5	5	0.800	1.000	561	5	5	1.000	0	0	98.59	0.0	likely_legit
RSGB23-1_GCF-002881725-V1_GENO_10000001	Pseudomonas_E frederiksbergensis	Pseudomonas_E	RSGB23-1	NA	False	5	5	0.800	1.000	561	5	5	1.000	0	0	99.66	0.76	likely_legit
RSGB23-1_GCF-002882075-V1_GENO_10000001	Pseudomonas_E mandelii	Pseudomonas_E	RSGB23-1	NA	False	5	5	0.800	1.000	562	4	5	0.800	3	4	100.0	0.0	likely_legit
RSGB23-1_GCF-002882675-V1_GENO_10000001	Pseudomonas_E frederiksbergensis	Pseudomonas_E	RSGB23-1	NA	False	5	5	0.800	1.000	561	5	5	1.000	0	0	98.59	0.0	likely_legit
RSGB23-1_GCF-002882695-V1_GENO_10000001	Pseudomonas_E frederiksbergensis	Pseudomonas_E	RSGB23-1	NA	False	5	5	0.800	1.000	561	5	5	1.000	0	0	99.6	1.5	likely_legit
RSGB23-1_GCF-002902905-V1_GENO_10000001	Achromobacter sp002902905	Achromobacter	RSGB23-1	NA	False	5	5	0.800	1.000	605	5	5	1.000	1	5	99.07	1.4	likely_legit
RSGB23-1_GCF-003072125-V1_GENO_10000001	Roseovarius sediminicola	Roseovarius	RSGB23-1	NA	False	5	5	0.800	0.600	581	5	5	1.000	3	5	99.37	0.33	likely_legit
RSGB23-1_GCF-003202205-V1_GENO_10000001	Halomonas flagellata	Halomonas	RSGB23-1	NA	False	5	5	1.000	1.000	612	5	5	1.000	3	5	100.0	1.7	likely_legit
RSGB23-1_GCF-003258595-V1_GENO_10000001	Acuticoccus sediminis	Acuticoccus	RSGB23-1	NA	False	5	5	0.400	0.600	608	5	5	1.000	4	5	96.49	1.64	uncertain
RSGB23-1_GCF-003265685-V1_GENO_10000001	Piscinibacter caeni	Piscinibacter	RSGB23-1	NA	False	5	5	0.800	0.800	559	5	5	1.000	5	5	99.84	3.46	likely_legit
RSGB23-1_GCF-003399715-V1_GENO_10000001	AK92 sp003399765	AK92	RSGB23-1	NA	False	5	5	0.400	0.200	350	5	5	1.000	2	5	97.49	2.86	uncertain
RSGB23-1_GCF-003600895-V1_GENO_10000001	Nocardioides cavernaquae	Nocardioides	RSGB23-1	NA	False	5	5	0.400	0.200	378	5	5	1.000	1	5	98.7	2.42	uncertain
RSGB23-1_GCF-003722355-V1_GENO_10000001	Methylocystis hirsuta	Methylocystis	RSGB23-1	NA	False	5	5	0.600	0.400	357	5	5	1.000	3	5	100.0	0.0	likely_legit
RSGB23-1_GCF-003855495-V1_GENO_10000001	Methylocystis rosea_A	Methylocystis	RSGB23-1	NA	False	5	5	0.400	1.000	675	5	5	1.000	2	5	99.37	0.47	uncertain
RSGB23-1_GCF-003990125-V1_GENO_10000001	Legionella qingyii	Legionella	RSGB23-1	NA	False	5	5	1.000	0.800	598	5	5	1.000	5	5	100.0	0.0	likely_legit
RSGB23-1_GCF-003990275-V1_GENO_10000001	Legionella_A septentrionalis	Legionella_A	RSGB23-1	NA	False	5	5	0.800	0.800	597	5	5	1.000	3	5	97.18	0.0	likely_legit
RSGB23-1_GCF-004137125-V1_GENO_10000001	Legionella fraseri	Legionella	RSGB23-1	NA	False	5	5	0.800	0.800	581	5	5	1.000	3	5	100.0	0.19	likely_legit
RSGB23-1_GCF-005144965-V1_GENO_10000001	Hankyongella ginsenosidimutans	Hankyongella	RSGB23-1	NA	False	5	5	0.000	0.200	184	3	5	0.600	1	5	84.63	0.43	likely_artifact
RSGB23-1_GCF-006175995-V1_GENO_10000001	Desulfobotulus mexicanus	Desulfobotulus	RSGB23-1	NA	False	5	5	0.600	0.800	618	5	5	1.000	5	5	99.35	2.26	likely_legit
RSGB23-1_GCF-007830435-V1_GENO_10000001	Desulfobotulus alkaliphilus	Desulfobotulus	RSGB23-1	NA	False	5	5	0.600	0.800	593	5	5	1.000	4	5	95.77	1.41	likely_legit
RSGB23-1_GCF-008711285-V1_GENO_10000001	Roseibium aquae	Roseibium	RSGB23-1	NA	False	5	5	0.800	1.000	616	5	5	1.000	4	5	99.58	0.21	likely_legit
RSGB23-1_GCF-009177135-V1_GENO_10000001	Azospira oryzae	Azospira	RSGB23-1	NA	False	5	5	1.000	0.800	586	5	5	1.000	1	5	100.0	1.11	likely_legit
RSGB23-1_GCF-009469615-V1_GENO_10000001	Azonexus sp009469615	Azonexus	RSGB23-1	NA	False	5	5	0.800	1.000	588	5	5	1.000	3	5	99.84	0.71	likely_legit
RSGB23-1_GCF-009872365-V1_GENO_10000001	Rhodococcus_F sp009872365	Rhodococcus_F	RSGB23-1	NA	False	5	5	0.600	0.600	564	4	5	0.800	4	5	99.44	1.74	likely_legit
RSGB23-1_GCF-011683915-V1_GENO_10000001	Pelagibius litoralis	Pelagibius	RSGB23-1	NA	False	5	5	1.000	0.600	537	5	5	1.000	5	5	98.59	1.41	likely_legit
RSGB23-1_GCF-013283055-V1_GENO_10000001	Aliiroseovarius crassostreae	Aliiroseovarius	RSGB23-1	NA	False	5	5	1.000	0.800	586	5	5	1.000	2	3	99.7	0.4	likely_legit
RSGB23-1_GCF-018491765-V1_GENO_10000001	Novosphingobium profundi	Novosphingobium	RSGB23-1	NA	False	4	5	0.800	0.600	584	5	5	1.000	3	4	100.0	0.0	likely_legit
RSGB23-1_GCF-900186965-V1_GENO_10000001	Legionella_C spiritensis	Legionella_C	RSGB23-1	NA	False	5	5	0.600	0.800	598	5	5	1.000	1	5	100.0	0.0	likely_legit
RSGB23-1_GCF-900475745-V1_GENO_10000001	Legionella pascullei	Legionella	RSGB23-1	NA	False	3	5	0.800	1.000	596	5	5	1.000	1	3	100.0	0.38	likely_legit
RSGB23-1_GCF-900637585-V1_GENO_10000001	Legionella pascullei	Legionella	RSGB23-1	NA	False	3	5	0.800	1.000	596	5	5	1.000	0	0	100.0	0.38	likely_legit
SANC23-1_SAMEA110646508_MAG_00000041	Antarctobacter sp019392335	Antarctobacter	SANC23-1	Seawater	True	5	5	0.800	0.600	568	5	5	1.000	0	0	97.02	4.0	likely_legit
SANT17-1_SAMN02905733_MAG_00000083	Reyranella sp963923875	Reyranella	SANT17-1	Freshwater river water	True	5	5	1.000	0.400	408	5	5	1.000	5	5	97.18	1.41	likely_legit
SATI15-1_SAMN03252821_MAG_00000039	Reyranella sp963923875	Reyranella	SATI15-1	Freshwater river water	True	5	5	1.000	0.400	408	5	5	1.000	4	4	85.92	4.23	likely_legit
SATI15-1_SAMN03252824_MAG_00000015	Reyranella sp963923875	Reyranella	SATI15-1	Freshwater river water	True	5	5	0.800	0.200	301	5	5	1.000	5	5	69.92	1.22	likely_legit
SCHR19-1_SAMN09405918_MAG_00000027	Sulfitobacter sp947497275	Sulfitobacter	SCHR19-1	Seawater	True	5	5	0.800	1.000	597	5	5	1.000	4	5	98.34	0.64	likely_legit
SCHR19-1_SAMN09405945_MAG_00000001	Sulfitobacter sp947497275	Sulfitobacter	SCHR19-1	Seawater	True	5	5	0.800	1.000	597	5	5	1.000	0	0	99.68	0.21	likely_legit
SCHR19-1_SAMN09405950_MAG_00000005	Sulfitobacter sp947497275	Sulfitobacter	SCHR19-1	Seawater	True	5	5	0.800	1.000	597	5	5	1.000	2	2	97.37	2.5	likely_legit
SCHR19-1_SAMN09405953_MAG_00000013	Sulfitobacter sp947497275	Sulfitobacter	SCHR19-1	Seawater	True	5	5	0.800	0.800	592	5	5	1.000	2	2	91.72	1.33	likely_legit
SCHR19-1_SAMN09406014_MAG_00000009	Sulfitobacter sp947497275	Sulfitobacter	SCHR19-1	Seawater	True	4	5	0.800	1.000	597	5	5	1.000	0	0	100.0	0.0	likely_legit
SCHR19-1_SAMN09406031_MAG_00000004	Marinobacter manganoxydans	Marinobacter	SCHR19-1	Seawater	True	3	5	0.600	0.600	587	5	5	1.000	2	2	96.32	0.65	likely_legit
SCHR19-1_SAMN09406117_MAG_00000008	Pontivivens nitratireducens	Pontivivens	SCHR19-1	Seawater	True	3	5	0.400	0.400	311	5	5	1.000	2	3	96.18	0.83	uncertain
SCHR19-1_SAMN09406119_MAG_00000018	Unknown Neptunomonas	Neptunomonas	SCHR19-1	Seawater	True	5	5	0.800	0.800	576	5	5	1.000	5	5	99.79	0.72	likely_legit
SCRA20-1_SAMN11854482_MAG_00000152	Unknown GCA-2731375	GCA-2731375	SCRA20-1	Seawater	True	5	5	0.800	0.200	411	5	5	1.000	1	1	95.77	2.82	likely_legit
SCRA20-1_SAMN11854489_MAG_00000118	Unknown JASMHC01	JASMHC01	SCRA20-1	Seawater	True	5	5	1.000	0.600	598	3	5	0.600	3	5	89.21	2.18	likely_legit
SHAF22-1_SAMEA7723490_MAG_00000016	Hyphomonas sp000682775	Hyphomonas	SHAF22-1	Marine sediment	True	3	5	1.000	0.800	585	5	5	1.000	1	1	99.4	1.53	likely_legit
SHAF22-1_SAMEA7723491_MAG_00000003	Marinobacter manganoxydans	Marinobacter	SHAF22-1	Marine sediment	True	5	5	0.600	0.400	414	5	5	1.000	4	4	88.61	1.31	likely_legit
SHAF22-1_SAMEA7723957_MAG_00000006	Oceanibaculum nanhaiense	Oceanibaculum	SHAF22-1	Marine sediment	True	5	5	0.600	0.600	509	4	5	0.800	4	5	83.1	1.41	likely_legit
SHIN18-1_SAMEA104707374_MAG_00000089	Unknown JBFHNV01	JBFHNV01	SHIN18-1	Marine sediment	True	5	5	0.400	0.200	361	5	5	1.000	5	5	86.72	7.94	uncertain
SHIN18-1_SAMEA104707374_MAG_00000090	Unknown Thiosocius	Thiosocius	SHIN18-1	Marine sediment	True	5	5	0.200	0.000	237	5	5	1.000	3	5	67.37	2.73	likely_artifact
SHIN18-1_SAMEA104707375_MAG_00000052	Unknown JBFHNV01	JBFHNV01	SHIN18-1	Marine sediment	True	5	5	0.800	0.600	578	5	5	1.000	5	5	94.37	1.41	likely_legit
SHIN18-1_SAMEA104707376_MAG_00000071	QNFN01 sp009937385	QNFN01	SHIN18-1	Marine sediment	True	5	5	0.600	0.400	317	5	5	1.000	3	4	70.87	3.23	likely_legit
SOGI22-1_SAMEA6126158_MAG_00000014	Unknown JAKSDN01	Unknown JAKSDN01	SOGI22-1	Marine sediment	True	5	5	0.800	0.600	600	5	5	1.000	5	5	90.14	2.82	likely_legit
SONG20-1_SAMN10739805_MAG_00000103	Unknown NVQY01	NVQY01	SONG20-1	Marine sediment	True	5	5	0.800	0.800	546	5	5	1.000	5	5	80.67	6.41	likely_legit
SUHA22-1_SAMN20336539_MAG_00000059	Unknown Parasphingopyxis	Parasphingopyxis	SUHA22-1	Seawater	True	5	5	1.000	0.400	407	5	5	1.000	4	5	99.2	0.07	likely_legit
SUMM22-1_SAMN21164839_MAG_00000003	Unknown Ga0077536	Unknown Ga0077536	SUMM22-1	Animal bone biofilm	True	5	5	0.600	0.200	367	5	5	1.000	5	5	92.96	1.41	likely_legit
TAOJ22-1_SAMN27365854_MAG_00000071	Cereibacter_A ovatus	Cereibacter_A	TAOJ22-1	Seawater	True	5	5	1.000	0.800	602	5	5	1.000	4	5	87.74	0.93	likely_legit
TAOJ22-1_SAMN27365860_MAG_00000024	Unknown Glaciecola	Glaciecola	TAOJ22-1	Seawater	True	5	5	0.400	0.400	492	4	5	0.800	5	5	92.92	8.0	uncertain
TARA_SAMEA2619625_MAG_00000009	UBA1479 sp963972065	UBA1479	TOPC	Seawater	True	5	5	0.800	0.600	588	5	5	1.000	4	5	98.59	1.41	likely_legit
TARA_SAMEA2619815_MAG_00000038	UBA4479 sp963974935	UBA4479	TOPC	Seawater	True	5	5	0.400	0.400	434	5	5	1.000	5	5	85.78	1.03	uncertain
TARA_SAMEA2620204_MAG_00000049	Novosphingobium indicum	Novosphingobium	TOPC	Seawater	True	5	5	0.600	0.400	483	5	5	1.000	3	3	99.19	0.55	likely_legit
TARA_SAMEA2620249_MAG_00000001	Novosphingobium indicum	Novosphingobium	TOPC	Seawater	True	4	5	0.600	0.400	483	5	5	1.000	0	0	91.34	2.56	likely_legit
TARA_SAMEA2620947_MAG_00000010	Hyphomonas sp002414505	Hyphomonas	TOPC	Seawater	True	4	5	1.000	0.800	607	5	5	1.000	4	4	69.31	0.0	likely_legit
TARA_SAMEA2621151_MAG_00000014	UBA1479 sp002325375	UBA1479	TOPC	Seawater	True	5	5	0.800	0.600	588	5	5	1.000	4	4	97.91	0.62	likely_legit
TARA_SAMEA2621191_MAG_00000001	UBA1479 sp002325375	UBA1479	TOPC	Seawater	True	5	5	0.800	0.600	588	5	5	1.000	1	1	98.51	0.0	likely_legit
TARA_SAMEA2621213_MAG_00000023	Hyphomonas sp002414505	Hyphomonas	TOPC	Seawater	True	5	5	1.000	0.800	610	4	5	0.800	2	3	66.21	5.17	likely_legit
TARA_SAMEA2621229_MAG_00000023	UBA1479 sp002325375	UBA1479	TOPC	Seawater	True	5	5	0.800	0.600	588	5	5	1.000	0	0	98.51	0.0	likely_legit
TARA_SAMEA2621300_MAG_00000020	UBA1479 sp002325375	UBA1479	TOPC	Seawater	True	3	5	0.800	0.600	588	5	5	1.000	0	0	100.0	0.0	likely_legit
TARA_SAMEA2621498_MAG_00000018	Tistrella mobilis	Tistrella	TOPC	Seawater	True	5	5	1.000	0.800	596	5	5	1.000	0	0	98.07	2.07	likely_legit
TARA_SAMEA2621791_MAG_00000143	Tistrella mobilis	Tistrella	TOPC	Seawater	True	5	5	1.000	0.600	596	5	5	1.000	3	3	95.81	2.44	likely_legit
TARA_SAMEA2622128_MAG_00000010	Roseovarius sp002720475	Roseovarius	TOPC	Seawater	True	5	5	0.400	1.000	610	5	5	1.000	2	3	95.88	2.26	uncertain
TARA_SAMEA2622212_MAG_00000009	Novosphingobium indicum	Novosphingobium	TOPC	Seawater	True	5	5	0.400	0.200	412	5	5	1.000	4	4	77.88	1.14	uncertain
TARA_SAMEA2622769_MAG_00000102	Roseovarius sp002720475	Roseovarius	TOPC	Seawater	True	5	5	0.400	1.000	610	5	5	1.000	0	0	99.02	1.16	uncertain
TARA_SAMEA2623479_MAG_00000056	Novosphingobium indicum	Novosphingobium	TOPC	Seawater	True	3	5	0.800	0.600	586	5	5	1.000	2	2	98.1	0.28	likely_legit
TARA_SAMEA2623523_MAG_00000055	Sphingobium yanoikuyae_A	Sphingobium	TOPC	Seawater	True	5	5	0.800	0.800	586	4	5	0.800	4	4	97.22	2.56	likely_legit
TARA_SAMEA2623523_MAG_00000096	UBA1479 sp913030825	UBA1479	TOPC	Seawater	True	5	5	0.800	0.600	595	5	5	1.000	0	0	100.0	1.41	likely_legit
TARA_SAMEA4396941_MAG_00000041	UBA1479 sp002325375	UBA1479	TOPC	Seawater	True	4	5	0.800	0.600	588	5	5	1.000	2	4	98.01	0.5	likely_legit
TARA_SAMEA4397023_MAG_00000036	Nisaea sp963974195	Nisaea	TOPC	Seawater	True	5	5	0.800	0.800	596	5	5	1.000	1	2	97.83	0.0	likely_legit
TARA_SAMEA4397118_MAG_00000086	Sphingobium sp000588875	Sphingobium	TOPC	Seawater	True	5	5	0.600	0.400	353	5	5	1.000	4	5	88.76	0.15	likely_legit
TARA_SAMEA4397174_MAG_00000080	UBA4479 sp963974935	UBA4479	TOPC	Seawater	True	5	5	0.800	0.800	603	5	5	1.000	1	1	96.1	1.49	likely_legit
TARA_SAMEA4397215_MAG_00000092	JACKII01 sp963974445	JACKII01	TOPC	Seawater	True	5	5	0.800	0.600	596	5	5	1.000	4	4	93.62	1.24	likely_legit
TARA_SAMEA4397255_MAG_00000045	CAXBJY01 sp963976285	CAXBJY01	TOPC	Seawater	True	5	5	0.800	0.600	586	5	5	1.000	2	2	83.54	4.57	likely_legit
TARA_SAMEA4397255_MAG_00000055	UBA4479 sp963974935	UBA4479	TOPC	Seawater	True	5	5	0.800	0.800	603	5	5	1.000	0	0	99.0	1.49	likely_legit
TARA_SAMEA4397295_MAG_00000013	CAXBJY01 sp963976285	CAXBJY01	TOPC	Seawater	True	5	5	0.800	0.600	586	5	5	1.000	4	4	97.29	4.82	likely_legit
TARA_SAMEA4397295_MAG_00000134	UBA4479 sp963974935	UBA4479	TOPC	Seawater	True	3	5	0.800	0.800	603	5	5	1.000	0	0	97.51	1.49	likely_legit
TARA_SAMEA4397330_MAG_00000107	Sulfitobacter sp963976125	Sulfitobacter	TOPC	Seawater	True	5	5	1.000	0.800	585	5	5	1.000	3	5	98.49	0.4	likely_legit
TARA_SAMEA4397409_MAG_00000051	Sulfitobacter sp963976125	Sulfitobacter	TOPC	Seawater	True	5	5	1.000	0.800	585	5	5	1.000	1	1	96.56	0.4	likely_legit
TARA_SAMEA4397445_MAG_00000062	UBA1479 sp002325375	UBA1479	TOPC	Seawater	True	4	5	0.800	0.600	588	5	5	1.000	2	3	98.01	0.5	likely_legit
TARA_SAMEA4397920_MAG_00000002	Sphingobium sp000588875	Sphingobium	TOPC	Seawater	True	5	5	1.000	0.800	586	4	5	0.800	2	2	100.0	0.0	likely_legit
TARA_SAMEA4398027_MAG_00000025	Vreelandella glaciei	Vreelandella	TOPC	Seawater	True	5	5	0.800	0.600	576	4	5	0.800	3	4	94.18	1.87	likely_legit
TARA_SAMEA4398360_MAG_00000006	UBA4479 sp963974935	UBA4479	TOPC	Seawater	True	4	5	0.800	0.800	603	5	5	1.000	0	0	96.02	1.0	likely_legit
TARA_SAMEA4398387_MAG_00000004	JACKII01 sp963974445	JACKII01	TOPC	Seawater	True	5	5	0.600	0.400	315	5	5	1.000	4	5	80.28	2.82	likely_legit
TARA_SAMEA4398387_MAG_00000149	CAXBJY01 sp963976285	CAXBJY01	TOPC	Seawater	True	5	5	1.000	0.400	448	5	5	1.000	1	1	96.12	5.48	likely_legit
TARA_SAMEA5999861_MAG_00000317	Marinobacter manganoxydans	Marinobacter	TPAC	Seawater	True	3	5	0.600	0.600	587	5	5	1.000	1	1	91.52	1.89	likely_legit
TARA_SAMEA6001143_MAG_00000138	Marinobacter manganoxydans	Marinobacter	TPAC	Seawater	True	3	5	0.600	0.400	414	5	5	1.000	2	2	79.47	0.9	likely_legit
TARA_SAMEA6003996_MAG_00000042	Marinobacter manganoxydans	Marinobacter	TPAC	Seawater	True	3	5	0.600	0.600	587	5	5	1.000	1	1	97.09	0.76	likely_legit
TARA_SAMEA6003996_MAG_00000107	Hyphococcus sp002704915	Hyphococcus	TPAC	Seawater	True	5	5	0.400	0.400	419	5	5	1.000	3	5	87.84	2.05	uncertain
TARA_SAMEA6004017_MAG_00000183	Marinobacter manganoxydans	Marinobacter	TPAC	Seawater	True	3	5	0.600	0.400	451	5	5	1.000	1	1	92.39	1.32	likely_legit
TARA_SAMEA6004479_MAG_00000153	Marinobacter manganoxydans	Marinobacter	TPAC	Seawater	True	5	5	0.600	0.400	282	4	5	0.800	2	2	76.06	1.41	likely_legit
TARA_SAMEA6004523_MAG_00000151	Marinobacter manganoxydans	Marinobacter	TPAC	Seawater	True	3	5	0.400	0.200	384	5	5	1.000	2	2	90.37	2.98	uncertain
TARA_SAMEA6006170_MAG_00000149	Marinobacter sp002718255	Marinobacter	TPAC	Seawater	True	3	5	0.600	0.400	414	5	5	1.000	0	0	76.85	0.29	likely_legit
TARA_SAMEA6017928_MAG_00000057	Unknown JAAAPF01	JAAAPF01	TPAC	Hydrozoa tissue	True	5	5	0.800	1.000	599	5	5	1.000	5	5	96.18	0.25	likely_legit
TARA_SAMEA6018085_MAG_00000023	Marinobacter manganoxydans	Marinobacter	TPAC	Seawater	True	3	5	0.600	0.400	414	5	5	1.000	0	0	91.55	4.23	likely_legit
TARA_SAMEA6019342_MAG_00000136	CAXBJY01 sp963976285	CAXBJY01	TPAC	Seawater	True	5	5	1.000	0.400	364	5	5	1.000	5	5	95.77	2.82	likely_legit
TARA_SAMEA6044955_MAG_00000072	Marinobacter manganoxydans	Marinobacter	TPAC	Seawater	True	3	5	0.400	0.200	406	4	5	0.800	2	2	82.74	1.86	uncertain
TREM17-1_SAMN05416776_MAG_00000008	Vreelandella sp002366715	Vreelandella	TREM17-1	Seawater	True	5	5	1.000	1.000	644	5	5	1.000	2	2	99.71	1.75	likely_legit
TREM17-1_SAMN05416780_MAG_00000010	Vreelandella sp002366715	Vreelandella	TREM17-1	Seawater	True	5	5	1.000	1.000	644	5	5	1.000	0	0	100.0	0.0	likely_legit
WANG22-1_SAMN08714533-S077_MAG_00000072	Unknown Novosphingobium	Novosphingobium	WANG22-1	Marine biofilm	True	5	5	1.000	0.800	586	5	5	1.000	3	4	99.69	1.54	likely_legit
WANG22-1_SAMN08714533-S082_MAG_00000053	Unknown Novosphingobium	Novosphingobium	WANG22-1	Marine biofilm	True	5	5	1.000	0.800	586	5	5	1.000	0	0	99.7	1.88	likely_legit
WANG22-1_SAMN08714533-S083_MAG_00000056	Unknown Novosphingobium	Novosphingobium	WANG22-1	Marine biofilm	True	5	5	1.000	0.800	586	5	5	1.000	0	0	99.7	1.88	likely_legit
WANG22-1_SAMN08714533-S105_MAG_00000010	Blastomonas delafieldii_A	Blastomonas	WANG22-1	Marine biofilm	True	5	5	0.600	0.200	407	5	5	1.000	3	4	65.89	2.35	likely_legit
WANG22-1_SAMN08714533-S110_MAG_00000063	Unknown JACOMY01	Unknown JACOMY01	WANG22-1	Marine biofilm	True	5	5	0.800	0.600	600	5	5	1.000	5	5	78.41	0.47	likely_legit
WANG22-1_SAMN08714533-S113_MAG_00000047	Unknown JACOMY01	Unknown JACOMY01	WANG22-1	Marine biofilm	True	5	5	0.800	0.600	600	5	5	1.000	0	0	92.56	0.8	likely_legit
ZHAN22-5_SAMN24541642_MAG_00000011	Spectribacter hydrogenooxidans	Spectribacter	ZHAN22-5	Seawater	True	5	5	0.600	0.600	561	4	5	0.800	3	5	100.0	0.0	likely_legit
ZHEN15-1_SAMN22350792_MAG_00000039	Unknown Pseudohalocynthiibacter	Pseudohalocynthiibacter	ZHEN15-1	Estuarine sediment	True	5	5	0.600	0.400	447	5	5	1.000	3	5	94.45	2.84	likely_legit
ZHEN15-1_SAMN22350798_MAG_00000023	Unknown Rhodobacteraceae	Unknown Rhodobacteraceae	ZHEN15-1	Estuarine sediment	True	5	5	0.200	0.200	424	5	5	1.000	2	4	69.09	1.22	likely_artifact
ZHEN20-1_SAMN07748058_MAG_00000118	Modicisalibacter zincidurans	Modicisalibacter	ZHEN20-1	Seawater	True	4	5	1.000	1.000	598	4	5	0.800	2	3	98.59	0.0	likely_legit
ZHEN22-1_SAMN12826204_MAG_00000194	Unknown JACKNG01	JACKNG01	ZHEN22-1	Marine sediment	True	5	5	1.000	0.200	366	5	5	1.000	4	5	94.37	0.0	likely_legit
ACIN21-1_SAMN05422133_MAG_00000002	Qipengyuania sp950071875	Qipengyuania	ACIN21-1	Seawater	True	4	4	0.500	0.250	438	4	4	1.000	4	4	67.75	0.0	uncertain
ALNE18-1_SAMEA104408592_MAG_00000053	Unknown Flavimaricola	Flavimaricola	ALNE18-1	Seawater	True	4	4	0.750	0.250	429	4	4	1.000	2	4	90.34	6.69	likely_legit
ALNE18-1_SAMEA104408600_MAG_00000019	Reyranella sp937919085	Reyranella	ALNE18-1	Brackish sea water	True	4	4	1.000	0.250	433	4	4	1.000	4	4	93.24	1.24	likely_legit
ALNE18-1_SAMEA104408612_MAG_00000075	Reyranella sp937915145	Reyranella	ALNE18-1	Brackish sea water	True	4	4	0.750	0.250	430	4	4	1.000	4	4	79.43	2.01	likely_legit
ALNE18-1_SAMEA104408614_MAG_00000092	Reyranella sp937919085	Reyranella	ALNE18-1	Brackish sea water	True	4	4	1.000	0.250	433	4	4	1.000	3	3	92.5	2.37	likely_legit
ALNE18-1_SAMEA104408621_MAG_00000065	Reyranella sp937915145	Reyranella	ALNE18-1	Brackish sea water	True	4	4	0.750	0.000	407	4	4	1.000	2	2	77.61	2.26	likely_legit
ALNE18-1_SAMEA104408624_MAG_00000040	Reyranella sp937915145	Reyranella	ALNE18-1	Brackish sea water	True	4	4	1.000	0.250	430	4	4	1.000	1	1	95.48	1.19	likely_legit
ATLA15-1_SAMN03981634-S001_MAG_00000007	Unknown Parvibaculum	Parvibaculum	ATLA15-1	Marine sediment	True	4	4	0.750	0.500	507	4	4	1.000	4	4	68.33	2.21	likely_legit
ATLA15-1_SAMN03981634-S001_MAG_00000061	Unknown Hyphomonas	Hyphomonas	ATLA15-1	Marine sediment	True	4	4	0.750	1.000	609	4	4	1.000	3	4	95.34	2.32	likely_legit
ATLA15-1_SAMN03981636-S001_MAG_00000015	Unknown JAJPIJ01	Unknown JAJPIJ01	ATLA15-1	Marine sediment	True	4	4	0.500	0.000	356	4	4	1.000	4	4	78.33	8.55	uncertain
ATLA15-1_SAMN03981636-S001_MAG_00000079	Unknown SMXS01	Unknown SMXS01	ATLA15-1	Marine sediment	True	4	4	1.000	0.500	596	4	4	1.000	4	4	82.44	0.06	likely_legit
ATLA15-1_SAMN03981636-S001_MAG_00000160	Unknown SG8-40	SG8-40	ATLA15-1	Marine sediment	True	4	4	0.750	0.500	584	4	4	1.000	4	4	86.12	2.3	likely_legit
ATLA15-1_SAMN03981636-S001_MAG_00000199	Unknown SG8-41	SG8-41	ATLA15-1	Marine sediment	True	4	4	0.750	1.000	626	4	4	1.000	4	4	98.54	1.49	likely_legit
ATLA15-1_SAMN03981649-S001_MAG_00000014	Unknown 2-02-FULL-47-50	2-02-FULL-47-50	ATLA15-1	Marine sediment	True	4	4	1.000	0.500	566	4	4	1.000	4	4	84.29	1.7	likely_legit
ATLA15-1_SAMN03981657-S001_MAG_00000096	Unknown SG8-41	SG8-41	ATLA15-1	Marine sediment	True	4	4	0.750	1.000	626	4	4	1.000	1	1	95.83	3.18	likely_legit
ATLA15-1_SAMN03981659-S001_MAG_00000075	Unknown 2-02-FULL-47-50	2-02-FULL-47-50	ATLA15-1	Marine sediment	True	4	4	0.750	0.500	564	4	4	1.000	2	2	88.99	1.49	likely_legit
ATLA15-1_SAMN03981659-S001_MAG_00000212	Unknown WHUA01	WHUA01	ATLA15-1	Marine sediment	True	4	4	0.750	0.250	411	4	4	1.000	3	3	56.34	8.45	likely_legit
ATLA15-1_SAMN03981661-S001_MAG_00000032	Unknown 2-02-FULL-47-50	2-02-FULL-47-50	ATLA15-1	Marine sediment	True	4	4	1.000	0.750	581	4	4	1.000	4	4	97.83	1.11	likely_legit
ATLA15-1_SAMN03981662-S001_MAG_00000194	Unknown 2-02-FULL-47-50	2-02-FULL-47-50	ATLA15-1	Marine sediment	True	4	4	1.000	0.750	581	4	4	1.000	0	0	94.82	1.18	likely_legit
ATLA15-1_SAMN03981664-S001_MAG_00000078	Unknown JAABRB01	JAABRB01	ATLA15-1	Marine sediment	True	4	4	0.750	0.500	554	4	4	1.000	1	1	57.39	1.07	likely_legit
ATLA15-1_SAMN03981667-S001_MAG_00000087	Unknown Aquabacterium	Aquabacterium	ATLA15-1	Marine sediment	True	4	4	1.000	0.750	597	4	4	1.000	4	4	93.81	3.02	likely_legit
ATLA15-1_SAMN03981669-S001_MAG_00000127	Unknown CAMYKZ01	CAMYKZ01	ATLA15-1	Marine sediment	True	4	4	1.000	0.750	611	4	4	1.000	4	4	59.15	2.82	likely_legit
ATLA15-1_SAMN03981672-S001_MAG_00000136	Unknown Desulfosarcinaceae	Unknown Desulfosarcinaceae	ATLA15-1	Marine sediment	True	4	4	0.500	0.500	564	4	4	1.000	3	3	91.29	0.32	uncertain
ATLA15-1_SAMN03981676-S001_MAG_00000117	Hyphomonas sp000682735	Hyphomonas	ATLA15-1	Marine sediment	True	4	4	1.000	1.000	601	3	4	0.750	2	2	84.54	2.74	likely_legit
BAIS20-1_SAMN15458159_MAG_00000126	Marinobacter manganoxydans	Marinobacter	BAIS20-1	Seawater	True	4	4	0.750	0.500	601	4	4	1.000	3	4	89.27	2.54	likely_legit
BEMA21-1_SAMN15000293_MAG_00000032	UBA12578 sp002729195	UBA12578	BEMA21-1	Seawater	True	4	4	1.000	0.500	606	4	4	1.000	2	2	97.18	0.0	likely_legit
BILL18-1_SAMN07136617_MAG_00000001	Methylobacterium sp963990595	Methylobacterium	BILL18-1	Seawater	True	4	4	0.750	0.750	619	4	4	1.000	2	2	99.58	2.77	likely_legit
BOEU19-1_SAMN09765684_MAG_00000017	Henriciella sp013214545	Henriciella	BOEU19-1	Marine sediment	True	4	4	1.000	0.500	562	4	4	1.000	4	4	95.83	0.92	likely_legit
BPAM22-1_SAMN07482817_MAG_00000072	Unknown JABMNR01	JABMNR01	BPAM22-1	Seawater	True	4	4	1.000	0.750	612	4	4	1.000	2	2	77.98	1.74	likely_legit
BPAM22-1_SAMN07483222_MAG_00000025	Sphingobium sp001556865	Sphingobium	BPAM22-1	Seawater	True	4	4	1.000	0.250	458	4	4	1.000	4	4	78.95	0.11	likely_legit
BPAM22-1_SAMN07483222_MAG_00000033	Phenylobacterium sp013911965	Phenylobacterium	BPAM22-1	Seawater	True	4	4	0.500	0.500	596	4	4	1.000	4	4	81.69	1.41	uncertain
BPAM22-1_SAMN07483240_MAG_00000063	Unknown Ferrovibrio	Ferrovibrio	BPAM22-1	Seawater	True	4	4	0.750	0.500	595	4	4	1.000	4	4	96.67	0.65	likely_legit
BPAM22-1_SAMN07483284_MAG_00000001	Unknown JABMNR01	JABMNR01	BPAM22-1	Seawater	True	4	4	1.000	0.250	449	4	4	1.000	3	3	91.55	0.0	likely_legit
BPAM22-1_SAMN07483285_MAG_00000037	Phenylobacterium sp013911965	Phenylobacterium	BPAM22-1	Seawater	True	4	4	0.750	0.750	596	4	4	1.000	1	1	100.0	1.41	likely_legit
BPAM22-1_SAMN07483329_MAG_00000091	Phenylobacterium sp013911965	Phenylobacterium	BPAM22-1	Seawater	True	4	4	0.750	0.750	596	4	4	1.000	0	0	99.88	2.11	likely_legit
BPAM22-1_SAMN07483474_MAG_00000042	Unknown JABMNR01	JABMNR01	BPAM22-1	Seawater	True	4	4	1.000	0.750	612	4	4	1.000	0	0	87.32	0.0	likely_legit
BPAM22-1_SAMN07483486_MAG_00000031	Unknown JABMNR01	JABMNR01	BPAM22-1	Seawater	True	4	4	1.000	0.250	476	4	4	1.000	1	1	76.06	0.0	likely_legit
BPAM22-1_SAMN08953025_MAG_00000002	Cupriavidus metallidurans	Cupriavidus	BPAM22-1	Seawater	True	4	4	0.500	0.750	635	4	4	1.000	4	4	56.08	0.82	uncertain
BPAM22-1_SAMN08953027_MAG_00000029	Cupriavidus metallidurans	Cupriavidus	BPAM22-1	Seawater	True	4	4	0.500	0.750	637	4	4	1.000	4	4	67.3	3.46	uncertain
BPAM22-1_SAMN08953033_MAG_00000024	Cupriavidus metallidurans	Cupriavidus	BPAM22-1	Seawater	True	4	4	0.750	1.000	637	4	4	1.000	1	1	99.94	1.19	likely_legit
BPAM22-1_SAMN08954260_MAG_00000013	Unknown CALLCD01	CALLCD01	BPAM22-1	Seawater	True	4	4	0.750	0.500	562	2	4	0.500	4	4	56.34	7.04	uncertain
BRAK15-1_SAMN03392597_MAG_00000021	Cycloclasticus pugetii	Cycloclasticus	BRAK15-1	Synthetic	True	4	4	0.500	0.250	349	3	4	0.750	3	4	75.01	1.61	uncertain
BRAZ22-1_SAMN16557391-S006_MAG_00000104	Ralstonia sp001078575	Ralstonia	BRAZ22-1	Hydrothermal vent plume	True	4	4	0.750	0.000	452	4	4	1.000	3	4	76.95	2.51	likely_legit
BRAZ22-1_SAMN16557391-S012_MAG_00000012	UBA7957 sp003511825	UBA7957	BRAZ22-1	Hydrothermal vent plume	True	4	4	1.000	0.750	593	4	4	1.000	1	1	94.37	4.23	likely_legit
BRYA16-1_SAMN04849236-S002_MAG_00000026	Unknown Marivita	Marivita	BRYA16-1	Seawater	True	4	4	1.000	0.750	598	4	4	1.000	3	4	88.59	4.42	likely_legit
BRYA16-1_SAMN04849747-S002_MAG_00000001	Henriciella sp039033355	Henriciella	BRYA16-1	Seawater	True	4	4	1.000	0.250	411	4	4	1.000	4	4	71.05	2.27	likely_legit
BRYA16-1_SAMN04849747-S002_MAG_00000017	Unknown Pelagibius	Pelagibius	BRYA16-1	Seawater	True	4	4	0.750	0.250	443	4	4	1.000	4	4	98.7	1.3	likely_legit
CAOS20-1_SAMN13674977-S001_MAG_00000026	Hyphomonas sp963973995	Hyphomonas	CAOS20-1	Seawater	True	4	4	0.750	0.750	610	4	4	1.000	4	4	84.41	3.06	likely_legit
CAOS20-1_SAMN13674977-S001_MAG_00000078	Unknown Micavibrio_B	Micavibrio_B	CAOS20-1	Seawater	True	4	4	1.000	0.750	574	3	4	0.750	1	4	98.59	0.0	likely_legit
CAOS20-1_SAMN13674977-S002_MAG_00000011	Unknown Micavibrio_B	Micavibrio_B	CAOS20-1	Seawater	True	4	4	1.000	0.750	574	3	4	0.750	0	0	98.59	0.0	likely_legit
CAOS20-1_SAMN13674977-S002_MAG_00000053	Unknown EhC02	EhC02	CAOS20-1	Seawater	True	4	4	0.500	0.750	589	4	4	1.000	3	3	74.4	3.24	uncertain
CAOS20-1_SAMN13674977-S002_MAG_00000085	Unknown Sphingobium	Sphingobium	CAOS20-1	Seawater	True	4	4	1.000	0.500	580	4	4	1.000	0	0	88.73	8.45	likely_legit
CAOS20-1_SAMN13674977-S003_MAG_00000082	Unknown Sphingobium	Sphingobium	CAOS20-1	Seawater	True	4	4	1.000	0.500	580	4	4	1.000	0	0	95.77	0.0	likely_legit
CAOS20-1_SAMN13674977-S010_MAG_00000037	Hyphomonas sp963973995	Hyphomonas	CAOS20-1	Seawater	True	4	4	1.000	1.000	610	4	4	1.000	2	2	85.92	2.82	likely_legit
CAOS20-1_SAMN13674977-S010_MAG_00000057	Unknown JAHELH01	JAHELH01	CAOS20-1	Seawater	True	4	4	0.750	1.000	601	4	4	1.000	3	4	98.59	0.0	likely_legit
CAOS20-1_SAMN13674977-S010_MAG_00000081	Unknown EhC02	EhC02	CAOS20-1	Seawater	True	4	4	1.000	1.000	598	4	4	1.000	2	2	78.89	1.86	likely_legit
CAOS20-1_SAMN13674977-S010_MAG_00000091	Unknown Sphingobium	Sphingobium	CAOS20-1	Seawater	True	4	4	1.000	0.500	580	4	4	1.000	0	0	91.49	5.07	likely_legit
CAOS20-1_SAMN13674977-S016_MAG_00000061	Alcanivorax sp947258575	Alcanivorax	CAOS20-1	Seawater	True	4	4	0.500	0.000	382	2	4	0.500	2	2	91.55	9.86	uncertain
CAOS20-1_SAMN13674978-S002_MAG_00000038	UBA868 sp028825345	UBA868	CAOS20-1	Seawater	True	4	4	0.250	0.000	268	3	4	0.750	2	3	83.1	1.41	likely_artifact
CAOS20-1_SAMN13674978-S003_MAG_00000059	Unknown Hyphococcus	Hyphococcus	CAOS20-1	Seawater	True	4	4	1.000	0.500	580	4	4	1.000	3	4	83.79	1.23	likely_legit
CAOS20-1_SAMN13674978-S005_MAG_00000111	Unknown CANJQJ01	CANJQJ01	CAOS20-1	Seawater	True	4	4	1.000	0.250	408	4	4	1.000	4	4	95.62	0.92	likely_legit
CAOS20-1_SAMN13674978-S006_MAG_00000060	Unknown Hyphococcus	Hyphococcus	CAOS20-1	Seawater	True	4	4	0.500	0.500	617	3	4	0.750	2	3	88.2	0.8	uncertain
CAOS20-1_SAMN13674978-S008_MAG_00000064	Unknown CANJQJ01	CANJQJ01	CAOS20-1	Seawater	True	4	4	1.000	0.250	408	4	4	1.000	0	0	92.1	1.61	likely_legit
CAOS20-1_SAMN13674978-S008_MAG_00000065	EhC02 sp021021435	EhC02	CAOS20-1	Seawater	True	3	4	0.500	0.250	497	4	4	1.000	2	3	89.16	1.33	uncertain
CAOS20-1_SAMN13674978-S012_MAG_00000109	Unknown CANJQJ01	CANJQJ01	CAOS20-1	Seawater	True	4	4	1.000	0.250	408	4	4	1.000	0	0	95.79	1.28	likely_legit
CAOS20-1_SAMN13674978-S015_MAG_00000043	Unknown Hyphococcus	Hyphococcus	CAOS20-1	Seawater	True	3	4	1.000	0.750	617	3	4	0.750	3	3	78.34	1.91	likely_legit
CAOS20-1_SAMN13674978-S030_MAG_00000044	Unknown 2-12-FULL-67-15	Unknown 2-12-FULL-67-15	CAOS20-1	Seawater	True	4	4	0.750	0.750	589	4	4	1.000	3	4	99.0	0.5	likely_legit
CAOS20-1_SAMN13674978-S031_MAG_00000110	Unknown DAOMNN01	DAOMNN01	CAOS20-1	Seawater	True	4	4	0.750	1.000	608	4	4	1.000	0	0	98.59	1.41	likely_legit
CAOS20-1_SAMN13674978-S033_MAG_00000079	Unknown JAPHRK01	Unknown JAPHRK01	CAOS20-1	Seawater	True	4	4	1.000	0.500	577	4	4	1.000	4	4	100.0	0.0	likely_legit
CAOS20-1_SAMN13674978-S034_MAG_00000049	Unknown JAPHRK01	Unknown JAPHRK01	CAOS20-1	Seawater	True	4	4	1.000	0.500	577	4	4	1.000	2	2	94.37	0.0	likely_legit
CARD22-1_SAMN24292799_MAG_00000036	Unknown JANQMX01	JANQMX01	CARD22-1	Coral tissue	True	4	4	0.750	0.750	613	4	4	1.000	4	4	99.57	3.04	likely_legit
CARD22-1_SAMN24292803_MAG_00000001	JAKSBE01 sp022361275	JAKSBE01	CARD22-1	Coral tissue	True	4	4	1.000	0.500	600	4	4	1.000	2	3	100.0	2.82	likely_legit
CARD22-1_SAMN24292806_MAG_00000001	Unknown Kordiimonadaceae	Unknown Kordiimonadaceae	CARD22-1	Coral tissue	True	4	4	1.000	0.500	605	4	4	1.000	4	4	100.0	1.41	likely_legit
CARD22-1_SAMN24292806_MAG_00000003	Unknown JAKSDN01	Unknown JAKSDN01	CARD22-1	Coral tissue	True	4	4	1.000	0.500	600	4	4	1.000	4	4	91.86	3.57	likely_legit
CARD22-1_SAMN24292806_MAG_00000016	JAKSBE01 sp022361275	JAKSBE01	CARD22-1	Coral tissue	True	4	4	1.000	0.500	600	4	4	1.000	3	3	94.37	2.82	likely_legit
CARD22-1_SAMN24292808_MAG_00000004	JAKSBE01 sp022361275	JAKSBE01	CARD22-1	Coral tissue	True	4	4	1.000	0.500	600	4	4	1.000	2	2	100.0	2.82	likely_legit
CARD22-1_SAMN24292808_MAG_00000007	Unknown Kordiimonadaceae	Unknown Kordiimonadaceae	CARD22-1	Coral tissue	True	4	4	1.000	0.500	605	4	4	1.000	4	4	100.0	1.41	likely_legit
CARD22-1_SAMN24292809_MAG_00000010	Unknown Kordiimonadaceae	Unknown Kordiimonadaceae	CARD22-1	Coral tissue	True	4	4	1.000	0.500	605	4	4	1.000	0	0	100.0	1.41	likely_legit
CARD22-1_SAMN24292809_MAG_00000014	JAKSBE01 sp022361275	JAKSBE01	CARD22-1	Coral tissue	True	4	4	1.000	0.500	600	4	4	1.000	0	0	100.0	2.82	likely_legit
CARD22-1_SAMN24292812_MAG_00000022	Unknown Kordiimonadaceae	Unknown Kordiimonadaceae	CARD22-1	Coral tissue	True	4	4	1.000	0.500	605	4	4	1.000	4	4	94.37	0.0	likely_legit
CARD22-1_SAMN24292820_MAG_00000003	JAKSBE01 sp022361275	JAKSBE01	CARD22-1	Coral tissue	True	3	4	1.000	0.500	600	4	4	1.000	2	2	100.0	4.23	likely_legit
CARD22-1_SAMN24292821_MAG_00000005	JAKSBE01 sp022361275	JAKSBE01	CARD22-1	Coral tissue	True	3	4	1.000	0.500	600	4	4	1.000	0	0	100.0	2.82	likely_legit
CARD22-1_SAMN24292821_MAG_00000007	Unknown JAKSDN01	Unknown JAKSDN01	CARD22-1	Coral tissue	True	4	4	1.000	0.750	600	4	4	1.000	4	4	98.04	3.97	likely_legit
CARD22-1_SAMN24292821_MAG_00000014	Unknown Kordiimonadaceae	Unknown Kordiimonadaceae	CARD22-1	Coral tissue	True	4	4	1.000	0.500	605	4	4	1.000	3	3	100.0	0.0	likely_legit
CARD22-1_SAMN24292824_MAG_00000035	JAKSBE01 sp022361275	JAKSBE01	CARD22-1	Coral tissue	True	3	4	1.000	0.500	600	4	4	1.000	0	0	100.0	4.23	likely_legit
CARD22-1_SAMN24292826_MAG_00000022	Unknown Kordiimonadaceae	Unknown Kordiimonadaceae	CARD22-1	Coral tissue	True	4	4	1.000	0.500	605	4	4	1.000	2	2	97.18	0.0	likely_legit
CARD22-1_SAMN24292826_MAG_00000030	Unknown JANQMX01	JANQMX01	CARD22-1	Coral tissue	True	4	4	0.750	0.750	612	4	4	1.000	4	4	98.59	1.41	likely_legit
CARD22-1_SAMN24292829_MAG_00000012	Unknown JANQMX01	JANQMX01	CARD22-1	Coral tissue	True	4	4	0.500	0.500	518	4	4	1.000	4	4	73.52	3.42	uncertain
CARD22-1_SAMN24292830_MAG_00000001	Unknown Kordiimonadaceae	Unknown Kordiimonadaceae	CARD22-1	Coral tissue	True	4	4	1.000	0.500	605	4	4	1.000	0	0	100.0	0.0	likely_legit
CARD22-1_SAMN24292833_MAG_00000012	Unknown Kordiimonadaceae	Unknown Kordiimonadaceae	CARD22-1	Coral tissue	True	4	4	1.000	0.500	552	4	4	1.000	4	4	97.18	0.0	likely_legit
CARD22-1_SAMN24292833_MAG_00000013	Desulfoluna sp022360815	Desulfoluna	CARD22-1	Coral tissue	True	4	4	0.500	0.000	356	4	4	1.000	4	4	70.42	1.41	uncertain
CARD22-1_SAMN24292839_MAG_00000005	JAKSBE01 sp028282935	JAKSBE01	CARD22-1	Coral tissue	True	4	4	1.000	0.500	598	4	4	1.000	4	4	96.72	4.57	likely_legit
CARD22-1_SAMN24292840_MAG_00000017	JAKSBE01 sp028282935	JAKSBE01	CARD22-1	Coral tissue	True	4	4	0.750	0.000	425	4	4	1.000	3	3	83.52	4.65	likely_legit
CARD22-1_SAMN24292840_MAG_00000037	Unknown J153	Unknown J153	CARD22-1	Coral tissue	True	4	4	1.000	0.250	436	4	4	1.000	4	4	86.2	5.32	likely_legit
CARD22-1_SAMN24292857_MAG_00000002	JAKSBE01 sp028282935	JAKSBE01	CARD22-1	Coral tissue	True	4	4	1.000	0.250	445	4	4	1.000	3	3	93.29	4.06	likely_legit
CHAS20-1_SAMN14350112_MAG_00000022	Unknown Competibacteraceae	Unknown Competibacteraceae	CHAS20-1	Marine sediment	True	4	4	0.750	0.500	608	4	4	1.000	4	4	84.57	9.17	likely_legit
CHAS20-1_SAMN14350115_MAG_00000019	Unknown JAUXGQ01	JAUXGQ01	CHAS20-1	Marine sediment	True	4	4	0.750	0.500	619	4	4	1.000	4	4	72.32	4.36	likely_legit
CHAS20-1_SAMN14350116_MAG_00000004	Unknown Agarilytica	Agarilytica	CHAS20-1	Marine sediment	True	4	4	0.500	1.000	730	4	4	1.000	4	4	98.59	0.0	uncertain
CHAS20-1_SAMN14350121_MAG_00000032	Unknown DSM-21967	Unknown DSM-21967	CHAS20-1	Marine sediment	True	4	4	0.750	0.500	588	4	4	1.000	4	4	56.34	9.86	likely_legit
CHAS20-1_SAMN14350128_MAG_00000064	JASJDC01 sp030065235	JASJDC01	CHAS20-1	Marine sediment	True	4	4	0.750	1.000	617	4	4	1.000	3	4	99.13	0.22	likely_legit
CHAS20-1_SAMN14350203_MAG_00000003	JASJDC01 sp030065235	JASJDC01	CHAS20-1	Marine sediment	True	4	4	0.750	1.000	617	4	4	1.000	0	0	99.13	0.65	likely_legit
CHAS20-1_SAMN14350216_MAG_00000023	Unknown JAKSBE01	JAKSBE01	CHAS20-1	Marine sediment	True	4	4	0.750	0.500	645	4	4	1.000	4	4	70.85	2.99	likely_legit
CHAS20-1_SAMN14350222_MAG_00000021	Unknown JAKSDN01	Unknown JAKSDN01	CHAS20-1	Marine sediment	True	4	4	0.750	0.500	600	4	4	1.000	4	4	94.37	4.23	likely_legit
COEL20-1_SAMN07406995_MAG_00000002	Unknown Marivita	Marivita	COEL20-1	Seawater	True	4	4	0.750	0.750	598	4	4	1.000	4	4	75.59	1.66	likely_legit
COUT21-1_SAMEA5700197_MAG_00000007	Hyphomonas sp000682775	Hyphomonas	COUT21-1	Seawater	True	3	4	1.000	0.750	607	4	4	1.000	2	2	83.58	1.03	likely_legit
DONG22-1_SAMN19687751_MAG_00000002	Unknown JAHEKE01	JAHEKE01	DONG22-1	Marine sediment	True	4	4	0.750	0.750	618	4	4	1.000	4	4	93.81	2.74	likely_legit
DONG22-1_SAMN19687761_MAG_00000002	Unknown JABDQA01	JABDQA01	DONG22-1	Marine sediment	True	4	4	0.250	0.500	500	4	4	1.000	4	4	72.15	0.91	likely_artifact
DONG22-1_SAMN19687761_MAG_00000016	Unknown JAJFGK01	JAJFGK01	DONG22-1	Marine sediment	True	4	4	0.750	0.750	603	4	4	1.000	4	4	91.55	1.41	likely_legit
DRIS22-1_SAMN24661204_MAG_00000001	Unknown Henriciella	Henriciella	DRIS22-1	Marine biofilm	True	4	4	1.000	0.500	562	4	4	1.000	4	4	98.37	4.7	likely_legit
DRIS22-1_SAMN24661206_MAG_00000025	Unknown UBA5336	UBA5336	DRIS22-1	Marine biofilm	True	4	4	1.000	0.750	563	4	4	1.000	4	4	89.39	5.74	likely_legit
DRIS22-1_SAMN24661215_MAG_00000023	Unknown UBA5336	UBA5336	DRIS22-1	Marine biofilm	True	4	4	1.000	0.750	614	4	4	1.000	4	4	94.37	1.81	likely_legit
DRIS22-1_SAMN24661216_MAG_00000013	JAALLB01 sp963922405	JAALLB01	DRIS22-1	Marine biofilm	True	4	4	1.000	0.500	569	4	4	1.000	4	4	87.58	2.78	likely_legit
DRIS22-1_SAMN24661216_MAG_00000014	Henriciella sp038529885	Henriciella	DRIS22-1	Marine biofilm	True	4	4	0.750	0.500	562	4	4	1.000	4	4	96.3	2.4	likely_legit
DRIS22-1_SAMN24661225_MAG_00000015	Henriciella sp039818185	Henriciella	DRIS22-1	Marine biofilm	True	4	4	0.750	0.500	562	4	4	1.000	4	4	95.21	0.23	likely_legit
DRIS22-1_SAMN24661231_MAG_00000012	Marinobacter flavimaris	Marinobacter	DRIS22-1	Marine biofilm	True	4	4	0.750	0.500	601	4	4	1.000	2	3	99.57	1.22	likely_legit
DRIS22-1_SAMN24661235_MAG_00000002	Marinobacter flavimaris	Marinobacter	DRIS22-1	Marine biofilm	True	4	4	0.750	0.500	601	4	4	1.000	0	0	100.0	0.0	likely_legit
DRIS22-1_SAMN24661236_MAG_00000014	Marinobacter flavimaris	Marinobacter	DRIS22-1	Marine biofilm	True	4	4	0.750	0.500	601	4	4	1.000	0	0	98.59	0.0	likely_legit
DRIS22-1_SAMN24661237_MAG_00000003	Marinobacter flavimaris	Marinobacter	DRIS22-1	Marine biofilm	True	3	4	0.750	0.500	601	4	4	1.000	0	0	98.59	0.0	likely_legit
DUAR15-1_SAMN06264414_MAG_00000029	Hyphomonas sp000682775	Hyphomonas	DUAR15-1	Seawater	True	3	4	1.000	0.750	607	4	4	1.000	0	0	99.51	0.16	likely_legit
DUAR15-1_SAMN06264750_MAG_00000007	Hyphomonas sp000682775	Hyphomonas	DUAR15-1	Seawater	True	3	4	1.000	0.750	607	4	4	1.000	0	0	99.51	0.16	likely_legit
DUAR15-1_SAMN06264751_MAG_00000012	Hyphomonas sp000682775	Hyphomonas	DUAR15-1	Seawater	True	3	4	1.000	0.750	607	4	4	1.000	0	0	98.81	0.16	likely_legit
DUAR15-1_SAMN06266133_MAG_00000034	Marinobacter flavimaris	Marinobacter	DUAR15-1	Seawater	True	4	4	0.750	0.000	406	4	4	1.000	4	4	75.31	0.59	likely_legit
DUAR15-1_SAMN06266142_MAG_00000002	Modicisalibacter zincidurans	Modicisalibacter	DUAR15-1	Seawater	True	4	4	0.750	0.750	589	4	4	1.000	4	4	87.37	1.83	likely_legit
FUCH22-1_SAMN18055974_MAG_00000099	JAAESI01 sp024229515	JAAESI01	FUCH22-1	Seawater	True	4	4	0.750	0.000	350	4	4	1.000	3	4	84.27	3.32	likely_legit
FUCH22-1_SAMN18055974_MAG_00000154	UBA12578 sp002729195	UBA12578	FUCH22-1	Seawater	True	3	4	1.000	0.250	440	4	4	1.000	1	1	92.96	1.41	likely_legit
FUCH22-1_SAMN21575214_MAG_00000023	Casp-alpha2 sp036011805	Casp-alpha2	FUCH22-1	Seawater	True	4	4	1.000	0.500	600	3	4	0.750	4	4	88.72	1.49	likely_legit
HABI22-1_SAMN26919636_MAG_00000016	Unknown JACKCP01	JACKCP01	HABI22-1	Marine sediment	True	4	4	0.750	0.750	723	4	4	1.000	4	4	98.71	0.0	likely_legit
HARO16-1_SAMN03860278_MAG_00000004	Marinobacter salsuginis	Marinobacter	HARO16-1	Seawater	True	4	4	0.750	0.500	601	4	4	1.000	1	1	98.59	0.0	likely_legit
HARO16-1_SAMN03860284_MAG_00000015	Marinobacter salsuginis	Marinobacter	HARO16-1	Seawater	True	4	4	0.750	0.500	582	4	4	1.000	2	2	88.52	1.07	likely_legit
HARO16-1_SAMN03860290_MAG_00000024	Marinobacter salsuginis	Marinobacter	HARO16-1	Seawater	True	4	4	0.250	0.000	425	4	4	1.000	2	3	68.6	1.42	likely_artifact
HARO18-1_SAMN15220986_MAG_00000006	Blastomonas ursincola	Blastomonas	HARO18-1	Seawater	True	4	4	0.750	0.500	569	3	4	0.750	4	4	80.16	8.58	likely_legit
HARO18-1_SAMN15220986_MAG_00000019	Phenylobacterium sp013911965	Phenylobacterium	HARO18-1	Seawater	True	4	4	0.750	0.750	596	4	4	1.000	3	3	98.59	1.41	likely_legit
HARO18-1_SAMN15220987_MAG_00000027	Phenylobacterium sp013911965	Phenylobacterium	HARO18-1	Seawater	True	4	4	0.750	0.750	581	4	4	1.000	1	1	86.95	1.91	likely_legit
HARO18-1_SAMN15220988_MAG_00000107	Blastomonas delafieldii_A	Blastomonas	HARO18-1	Seawater	True	4	4	1.000	0.500	569	4	4	1.000	3	3	63.86	1.71	likely_legit
HARO18-1_SAMN15220988_MAG_00000152	Blastomonas ursincola	Blastomonas	HARO18-1	Seawater	True	4	4	1.000	0.500	569	4	4	1.000	3	3	80.0	8.94	likely_legit
HAWL17-1_SAMN05224534_MAG_00000057	JACNJU01 sp018662005	JACNJU01	HAWL17-1	Seawater	True	4	4	0.750	0.250	409	4	4	1.000	2	2	81.36	2.72	likely_legit
HENK22-1_SAMEA9675667_MAG_00000005	JACNJU01 sp014382375	JACNJU01	HENK22-1	Seawater	True	4	4	1.000	0.500	594	4	4	1.000	4	4	97.18	0.0	likely_legit
KATO19-1_SAMD00110615_MAG_00000001	Unknown CAMYKD01	CAMYKD01	KATO19-1	Marine sediment	True	4	4	1.000	0.750	609	4	4	1.000	4	4	81.74	3.7	likely_legit
KELL22-1_SAMN22237332_MAG_00000021	Unknown JASJEC01	JASJEC01	KELL22-1	Marine sponge tissue	True	4	4	0.000	0.667	724	4	4	1.000	4	4	53.52	2.82	likely_artifact
KOPF15-1_SAMEA7392478_MAG_00000081	Unknown Antarctobacter	Antarctobacter	KOPF15-1	Seawater	True	4	4	0.750	0.500	570	4	4	1.000	4	4	90.72	2.53	likely_legit
KRUG19-1_SAMN06265043_MAG_00000082	Yoonia sp002378665	Yoonia	KRUG19-1	Seawater	True	4	4	1.000	0.750	584	4	4	1.000	1	1	93.81	0.94	likely_legit
KRUG19-1_SAMN06265151_MAG_00000070	Sulfitobacter sp017854675	Sulfitobacter	KRUG19-1	Seawater	True	4	4	0.500	0.500	570	3	4	0.750	3	4	97.18	1.41	uncertain
KRUG19-1_SAMN06266122_MAG_00000023	Sulfitobacter sp017854675	Sulfitobacter	KRUG19-1	Seawater	True	4	4	0.500	0.500	570	3	4	0.750	1	1	100.0	0.0	uncertain
KRUG19-2_SAMN08777874_MAG_00000202	Unknown Salinisphaera	Salinisphaera	KRUG19-2	Seawater	True	4	4	0.750	0.500	576	4	4	1.000	4	4	96.19	8.61	likely_legit
LARK21-1_SAMN15783094_MAG_00000002	Alloalcanivorax xenomutans	Alloalcanivorax	LARK21-1	Seawater	True	4	4	0.500	0.000	365	3	4	0.750	1	2	59.15	1.41	uncertain
LUOE20-1_SAMN05991733-S001_MAG_00000070	Unknown Chachezhania	Chachezhania	LUOE20-1	Seawater	True	4	4	0.500	0.750	609	4	4	1.000	3	4	100.0	1.41	uncertain
LUOE22-1_SAMN18233097_MAG_00000009	Marinobacter salsuginis	Marinobacter	LUOE22-1	Seawater	True	4	4	0.750	0.500	601	4	4	1.000	3	4	100.0	0.0	likely_legit
MARK18-1_SAMN08606329_MAG_00000004	Unknown Limnobacter	Limnobacter	MARK18-1	Seawater	True	4	4	0.750	0.500	563	4	4	1.000	4	4	98.79	0.59	likely_legit
MARK18-1_SAMN08606330_MAG_00000027	Unknown Limnobacter	Limnobacter	MARK18-1	Seawater	True	4	4	0.750	0.500	563	4	4	1.000	0	0	97.96	0.62	likely_legit
MARK18-1_SAMN08606331_MAG_00000029	Unknown Limnobacter	Limnobacter	MARK18-1	Seawater	True	4	4	0.750	0.500	563	4	4	1.000	0	0	97.96	0.14	likely_legit
MARK18-1_SAMN08606332_MAG_00000016	Unknown Limnobacter	Limnobacter	MARK18-1	Seawater	True	4	4	0.750	0.500	563	4	4	1.000	0	0	97.96	0.0	likely_legit
MARK18-1_SAMN08606333_MAG_00000028	Unknown Limnobacter	Limnobacter	MARK18-1	Seawater	True	4	4	0.750	0.500	563	4	4	1.000	0	0	96.5	1.31	likely_legit
MCIN21-1_SAMEA7319898_MAG_00000022	Unknown Thiodictyon	Thiodictyon	MCIN21-1	Freshwater lake water	True	4	4	1.000	0.750	627	4	4	1.000	4	4	88.82	3.25	likely_legit
MCIN21-1_SAMEA7319906_MAG_00000001	Unknown Azonexus	Azonexus	MCIN21-1	Freshwater aquaculture sediment	True	4	4	0.750	0.750	583	4	4	1.000	4	4	94.15	2.19	likely_legit
MCIN21-1_SAMEA7319911_MAG_00000003	Unknown Azonexus	Azonexus	MCIN21-1	Freshwater aquaculture sediment	True	4	4	0.750	1.000	612	4	4	1.000	2	2	87.5	1.84	likely_legit
MCIN21-1_SAMEA7319912_MAG_00000007	Unknown Rubrivivax	Rubrivivax	MCIN21-1	Freshwater aquaculture sediment	True	4	4	0.750	0.750	583	4	4	1.000	4	4	59.15	0.0	likely_legit
MCIN21-1_SAMEA7319915_MAG_00000001	Unknown Azonexus	Azonexus	MCIN21-1	Freshwater aquaculture sediment	True	4	4	0.750	1.000	612	4	4	1.000	0	0	93.76	1.24	likely_legit
MCIN21-1_SAMEA7319916_MAG_00000002	Unknown Azonexus	Azonexus	MCIN21-1	Freshwater aquaculture sediment	True	4	4	0.750	1.000	612	4	4	1.000	2	2	89.29	1.67	likely_legit
MCIN21-1_SAMEA7319926_MAG_00000001	Unknown Azonexus	Azonexus	MCIN21-1	Freshwater pond sediment	True	3	4	0.750	0.750	577	4	4	1.000	2	2	77.0	1.11	likely_legit
MEYE16-2_SAMN03458688_MAG_00000021	Cupriavidus metallidurans	Cupriavidus	MEYE16-2	Seawater	True	4	4	0.500	0.750	637	4	4	1.000	2	2	97.88	4.78	uncertain
MEYE16-2_SAMN03458688_MAG_00000051	Ralstonia insidiosa	Ralstonia	MEYE16-2	Seawater	True	4	4	1.000	0.750	599	4	4	1.000	4	4	74.59	1.36	likely_legit
MUDA16-1_SAMN06140900_MAG_00000120	Unknown Azonexus	Azonexus	MUDA16-1	Marine sediment	True	4	4	0.750	0.500	577	4	4	1.000	4	4	62.91	0.74	likely_legit
MUDA16-1_SAMN06140902_MAG_00000061	Unknown Azonexus	Azonexus	MUDA16-1	Marine sediment	True	4	4	0.750	1.000	612	4	4	1.000	4	4	88.6	2.17	likely_legit
NGUY21-1_SAMN17524318_MAG_00000075	Unknown WTGU01	WTGU01	NGUY21-1	Marine sponge tissue	True	4	4	0.750	0.500	598	2	4	0.500	4	4	63.38	8.45	uncertain
NOWI19-1_SAMN09201853_MAG_00000050	Pseudomonas_E alcaliphila_B	Pseudomonas_E	NOWI19-1	Seawater	True	4	4	0.500	0.500	560	3	4	0.750	1	4	88.94	0.71	uncertain
OBRI24-1_SAMEA115094356_MAG_00000140	Agrobacterium oryzihabitans	Agrobacterium	OBRI24-1	Seawater	True	4	4	0.500	0.000	292	3	4	0.750	3	4	70.42	1.41	uncertain
OBRI24-1_SAMEA115094358_MAG_00000002	Abyssibacter profundi	Abyssibacter	OBRI24-1	Seawater	True	4	4	0.000	0.000	153	2	4	0.500	2	4	56.3	0.0	likely_artifact
OBRI24-1_SAMEA115094362_MAG_00000101	Parasphingopyxis sp937129435	Parasphingopyxis	OBRI24-1	Seawater	True	4	4	1.000	0.500	564	4	4	1.000	4	4	94.94	1.57	likely_legit
OBRI24-1_SAMEA115094366_MAG_00000141	Marinobacter adhaerens	Marinobacter	OBRI24-1	Seawater	True	4	4	0.750	0.500	601	4	4	1.000	3	4	92.83	0.43	likely_legit
OBRI24-1_SAMEA115094368_MAG_00000098	Parasphingopyxis sp937129435	Parasphingopyxis	OBRI24-1	Seawater	True	4	4	1.000	0.500	564	4	4	1.000	2	2	95.62	1.18	likely_legit
PRIE21-1_SAMEA7670911_MAG_00000020	Unknown Loktanella	Loktanella	PRIE21-1	Seawater	True	4	4	1.000	0.750	598	4	4	1.000	3	4	97.91	0.44	likely_legit
PRIE21-1_SAMEA7670914_MAG_00000081	Blastomonas ursincola	Blastomonas	PRIE21-1	Seawater	True	4	4	1.000	0.500	569	4	4	1.000	2	2	100.0	1.41	likely_legit
PRIE21-1_SAMEA7670914_MAG_00000181	Unknown Loktanella	Loktanella	PRIE21-1	Seawater	True	4	4	1.000	0.750	598	4	4	1.000	1	1	99.29	0.34	likely_legit
PUEN22-1_SAMN25861442_MAG_00000014	Neptunomonas sp034110685	Neptunomonas	PUEN22-1	Seawater	True	4	4	1.000	0.750	524	4	4	1.000	4	4	98.55	1.84	likely_legit
RAGG21-1_SAMN14329493_MAG_00000007	Unknown Ruegeria	Ruegeria	RAGG21-1	Seawater	True	4	4	1.000	0.750	601	4	4	1.000	4	4	92.51	0.85	likely_legit
RAGG21-1_SAMN14329493_MAG_00000009	Seohaeicola zhoushanensis	Seohaeicola	RAGG21-1	Seawater	True	4	4	0.750	0.500	591	4	4	1.000	3	4	98.94	1.5	likely_legit
REYS20-1_SAMN12239301_MAG_00000118	JALSRW01 sp027045875	JALSRW01	REYS20-1	Hydrothermal vent sediment	True	4	4	0.750	1.000	600	4	4	1.000	4	4	76.06	2.82	likely_legit
ROTH18-1_SAMN05730147-S001_MAG_00000014	Unknown JAHDDY01	JAHDDY01	ROTH18-1	Marine algae thallus	True	4	4	0.250	0.250	134	4	4	1.000	2	4	95.68	1.13	likely_artifact
RSGB23-1_GCA-006969625-V1_GENO_10000001	Algihabitans sp006969625	Algihabitans	RSGB23-1	NA	False	4	4	1.000	0.500	613	4	4	1.000	1	4	98.59	0.0	likely_legit
RSGB23-1_GCA-007163885-V2_GENO_10000001	Vreelandella aquamarina	Vreelandella	RSGB23-1	NA	False	4	4	0.000	0.000	386	3	4	0.750	1	4	88.19	0.47	likely_artifact
RSGB23-1_GCA-013128495-V1_GENO_10000001	Alloalcanivorax profundimaris	Alloalcanivorax	RSGB23-1	NA	False	4	4	0.000	0.000	237	2	4	0.500	1	4	81.01	0.5	likely_artifact
RSGB23-1_GCF-000019785-V1_GENO_10000001	Sphaerotilus cholodnii	Sphaerotilus	RSGB23-1	NA	False	4	4	0.500	0.750	606	4	4	1.000	1	4	100.0	0.0	uncertain
RSGB23-1_GCF-000143145-V1_GENO_10000001	Hyphomicrobium_B denitrificans	Hyphomicrobium_B	RSGB23-1	NA	False	4	4	0.750	0.750	605	4	4	1.000	1	4	98.59	0.0	likely_legit
RSGB23-1_GCF-000166295-V1_GENO_10000001	Marinobacter adhaerens	Marinobacter	RSGB23-1	NA	False	4	4	0.750	0.500	601	4	4	1.000	1	4	99.53	0.11	likely_legit
RSGB23-1_GCF-000179015-V2_GENO_10000001	Alicycliphilus denitrificans	Alicycliphilus	RSGB23-1	NA	False	4	4	0.750	1.000	586	4	4	1.000	1	4	99.54	0.77	likely_legit
RSGB23-1_GCF-000236035-V1_GENO_10000001	Vreelandella boliviensis	Vreelandella	RSGB23-1	NA	False	4	4	1.000	1.000	652	4	4	1.000	2	4	100.0	1.45	likely_legit
RSGB23-1_GCF-000253255-V1_GENO_10000001	Novosphingobium sp000253255	Novosphingobium	RSGB23-1	NA	False	4	4	0.750	0.500	540	4	4	1.000	1	4	99.93	0.0	likely_legit
RSGB23-1_GCF-000299875-V1_GENO_10000001	Celeribacter baekdonensis_A	Celeribacter	RSGB23-1	NA	False	4	4	1.000	0.750	624	4	4	1.000	3	4	99.24	0.0	likely_legit
RSGB23-1_GCF-000306035-V1_GENO_10000001	Acidocella facilis	Acidocella	RSGB23-1	NA	False	4	4	1.000	0.500	568	4	4	1.000	2	4	97.18	0.0	likely_legit
RSGB23-1_GCF-000423305-V1_GENO_10000001	Legionella moravica	Legionella	RSGB23-1	NA	False	4	4	1.000	1.000	585	4	4	1.000	4	4	100.0	0.95	likely_legit
RSGB23-1_GCF-000429385-V1_GENO_10000001	Alcaligenes phenolicus	Alcaligenes	RSGB23-1	NA	False	4	4	0.500	1.000	754	4	4	1.000	3	4	100.0	0.0	uncertain
RSGB23-1_GCF-000484635-V1_GENO_10000001	Comamonas_C badia	Comamonas_C	RSGB23-1	NA	False	4	4	0.750	0.750	586	4	4	1.000	3	3	100.0	0.0	likely_legit
RSGB23-1_GCF-000559025-V1_GENO_10000001	Luteimonas huabeiensis	Luteimonas	RSGB23-1	NA	False	4	4	1.000	0.500	570	4	4	1.000	2	4	100.0	0.0	likely_legit
RSGB23-1_GCF-000685155-V1_GENO_10000001	Methanoperedens nitroreducens	Methanoperedens	RSGB23-1	NA	False	4	4	1.000	0.000	380	2	4	0.500	4	4	99.67	1.31	uncertain
RSGB23-1_GCF-000715175-V2_GENO_10000001	Rhizorhabdus wittichii	Rhizorhabdus	RSGB23-1	NA	False	4	4	1.000	0.500	585	4	4	1.000	2	2	98.58	2.26	likely_legit
RSGB23-1_GCF-000759435-V1_GENO_10000001	Hoeflea sp000759435	Hoeflea	RSGB23-1	NA	False	4	4	0.750	0.750	601	4	4	1.000	4	4	99.42	1.14	likely_legit
RSGB23-1_GCF-000786215-V1_GENO_10000001	Blastomonas sp000786215	Blastomonas	RSGB23-1	NA	False	4	4	1.000	0.500	569	4	4	1.000	2	4	98.59	0.0	likely_legit
RSGB23-1_GCF-000803065-V1_GENO_10000001	Sphingomonas sp000803065	Sphingomonas	RSGB23-1	NA	False	4	4	1.000	0.500	573	4	4	1.000	3	4	100.0	0.0	likely_legit
RSGB23-1_GCF-000829825-V1_GENO_10000001	Paramagnetospirillum magnetotacticum	Paramagnetospirillum	RSGB23-1	NA	False	4	4	1.000	0.250	471	4	4	1.000	3	4	100.0	0.0	likely_legit
RSGB23-1_GCF-000830495-V1_GENO_10000001	Vreelandella titanicae	Vreelandella	RSGB23-1	NA	False	4	4	1.000	1.000	764	4	4	1.000	4	4	95.77	0.0	likely_legit
RSGB23-1_GCF-000832305-V1_GENO_10000001	Cupriavidus basilensis_F	Cupriavidus	RSGB23-1	NA	False	4	4	1.000	1.000	598	4	4	1.000	2	4	99.94	0.47	likely_legit
RSGB23-1_GCF-000981565-V1_GENO_10000001	Filomicrobium insigne	Filomicrobium	RSGB23-1	NA	False	4	4	0.750	0.750	624	4	4	1.000	1	4	98.25	0.65	likely_legit
RSGB23-1_GCF-001008165-V2_GENO_10000001	Croceibacterium atlanticum	Croceibacterium	RSGB23-1	NA	False	4	4	0.750	0.500	585	4	4	1.000	1	4	99.48	0.55	likely_legit
RSGB23-1_GCF-001266795-V1_GENO_10000001	Marinobacter flavimaris	Marinobacter	RSGB23-1	NA	False	4	4	0.750	0.500	601	4	4	1.000	1	3	100.0	0.46	likely_legit
RSGB23-1_GCF-001305295-V1_GENO_10000001	Neptunomonas antarctica	Neptunomonas	RSGB23-1	NA	False	4	4	0.750	0.750	599	4	4	1.000	4	4	100.0	1.5	likely_legit
RSGB23-1_GCF-001467865-V1_GENO_10000001	Legionella moravica	Legionella	RSGB23-1	NA	False	4	4	1.000	1.000	585	4	4	1.000	0	0	100.0	0.95	likely_legit
RSGB23-1_GCF-001482405-V1_GENO_10000001	Pseudoponticoccus marisrubri	Pseudoponticoccus	RSGB23-1	NA	False	4	4	0.750	0.750	601	4	4	1.000	3	4	99.1	0.38	likely_legit
RSGB23-1_GCF-001507545-V1_GENO_10000001	Ruegeria profundi	Ruegeria	RSGB23-1	NA	False	4	4	0.750	0.750	599	4	4	1.000	2	4	99.47	0.0	likely_legit
RSGB23-1_GCF-001548075-V1_GENO_10000001	Rhodovulum sulfidophilum	Rhodovulum	RSGB23-1	NA	False	4	4	0.750	0.750	600	4	4	1.000	1	4	99.22	1.21	likely_legit
RSGB23-1_GCF-001854125-V1_GENO_10000001	Marinobacter salinus	Marinobacter	RSGB23-1	NA	False	4	4	0.500	0.500	601	4	4	1.000	1	4	100.0	0.52	uncertain
RSGB23-1_GCF-001854405-V1_GENO_10000001	Henriciella sp001854405	Henriciella	RSGB23-1	NA	False	4	4	1.000	0.750	601	4	4	1.000	1	4	100.0	0.0	likely_legit
RSGB23-1_GCF-002073975-V1_GENO_10000001	Rhodovulum sp002073975	Rhodovulum	RSGB23-1	NA	False	4	4	0.750	0.750	600	4	4	1.000	1	4	99.29	0.91	likely_legit
RSGB23-1_GCF-002079305-V1_GENO_10000001	Rhodovulum sp002079305	Rhodovulum	RSGB23-1	NA	False	4	4	0.500	1.000	773	4	4	1.000	1	4	99.7	1.01	uncertain
RSGB23-1_GCF-002099195-V1_GENO_10000001	Burkholderia puraquae	Burkholderia	RSGB23-1	NA	False	4	4	0.750	0.750	628	4	4	1.000	4	4	100.0	0.2	likely_legit
RSGB23-1_GCF-002162375-V1_GENO_10000001	Oleiphilus messinensis	Oleiphilus	RSGB23-1	NA	False	4	4	0.750	0.500	580	4	4	1.000	1	4	99.25	1.47	likely_legit
RSGB23-1_GCF-002215215-V1_GENO_10000001	Granulosicoccus antarcticus	Granulosicoccus	RSGB23-1	NA	False	4	4	1.000	1.000	604	4	4	1.000	1	4	100.0	5.63	likely_legit
RSGB23-1_GCF-002325965-V1_GENO_10000001	Pseudomonas aeruginosa	Pseudomonas	RSGB23-1	NA	False	4	4	0.750	1.000	567	4	4	1.000	2	3	99.68	0.27	likely_legit
RSGB23-1_GCF-002374855-V1_GENO_10000001	Sphingomonas adhaesiva	Sphingomonas	RSGB23-1	NA	False	4	4	1.000	0.500	566	4	4	1.000	3	3	99.66	0.51	likely_legit
RSGB23-1_GCF-002708645-V1_GENO_10000001	Sphingobium yanoikuyae	Sphingobium	RSGB23-1	NA	False	4	4	0.750	0.750	586	4	4	1.000	4	4	99.42	4.05	likely_legit
RSGB23-1_GCF-002744735-V1_GENO_10000001	Marinobacter guineae	Marinobacter	RSGB23-1	NA	False	4	4	0.500	0.500	601	4	4	1.000	3	4	100.0	0.0	uncertain
RSGB23-1_GCF-002836035-V1_GENO_10000001	Vreelandella sp000235725	Vreelandella	RSGB23-1	NA	False	4	4	1.000	1.000	764	4	4	1.000	4	4	100.0	0.0	likely_legit
RSGB23-1_GCF-002847305-V1_GENO_10000001	Paracoccus tegillarcae	Paracoccus	RSGB23-1	NA	False	4	4	1.000	0.750	585	4	4	1.000	2	4	100.0	0.0	likely_legit
RSGB23-1_GCF-002882095-V1_GENO_10000001	Pseudomonas_E mandelii	Pseudomonas_E	RSGB23-1	NA	False	4	4	0.750	1.000	568	4	4	1.000	0	0	100.0	0.0	likely_legit
RSGB23-1_GCF-002882115-V1_GENO_10000001	Pseudomonas_E mandelii	Pseudomonas_E	RSGB23-1	NA	False	4	4	0.750	1.000	568	4	4	1.000	0	0	99.89	0.63	likely_legit
RSGB23-1_GCF-002882155-V1_GENO_10000001	Pseudomonas_E mandelii	Pseudomonas_E	RSGB23-1	NA	False	4	4	0.750	1.000	568	4	4	1.000	0	0	100.0	0.0	likely_legit
RSGB23-1_GCF-002882175-V1_GENO_10000001	Pseudomonas_E mandelii	Pseudomonas_E	RSGB23-1	NA	False	3	4	0.750	1.000	568	4	4	1.000	0	0	100.0	0.0	likely_legit
RSGB23-1_GCF-002883595-V1_GENO_10000001	Pseudomonas_E helvetica	Pseudomonas_E	RSGB23-1	NA	False	4	4	0.750	1.000	568	4	4	1.000	2	4	99.5	1.13	likely_legit
RSGB23-1_GCF-002883635-V1_GENO_10000001	Pseudomonas_E helvetica	Pseudomonas_E	RSGB23-1	NA	False	4	4	0.750	1.000	568	4	4	1.000	0	0	99.52	0.81	likely_legit
RSGB23-1_GCF-002883655-V1_GENO_10000001	Pseudomonas_E helvetica	Pseudomonas_E	RSGB23-1	NA	False	4	4	0.750	1.000	568	4	4	1.000	0	0	99.52	0.81	likely_legit
RSGB23-1_GCF-002883675-V1_GENO_10000001	Pseudomonas_E helvetica	Pseudomonas_E	RSGB23-1	NA	False	4	4	0.750	1.000	568	4	4	1.000	0	0	99.52	0.86	likely_legit
RSGB23-1_GCF-002883695-V1_GENO_10000001	Pseudomonas_E helvetica	Pseudomonas_E	RSGB23-1	NA	False	4	4	0.750	1.000	568	4	4	1.000	0	0	99.52	0.97	likely_legit
RSGB23-1_GCF-002895035-V1_GENO_10000001	Rhodopseudomonas palustris_C	Rhodopseudomonas	RSGB23-1	NA	False	4	4	0.500	0.500	595	4	4	1.000	2	4	93.1	0.57	uncertain
RSGB23-1_GCF-002901545-V1_GENO_10000001	Pseudomonas_E helvetica	Pseudomonas_E	RSGB23-1	NA	False	4	4	0.750	1.000	568	4	4	1.000	2	4	100.0	0.0	likely_legit
RSGB23-1_GCF-002933295-V1_GENO_10000001	Marinobacter flavimaris	Marinobacter	RSGB23-1	NA	False	3	4	0.750	0.500	601	4	4	1.000	1	2	100.0	0.0	likely_legit
RSGB23-1_GCF-002934345-V1_GENO_10000001	Pseudomonas_E soli	Pseudomonas_E	RSGB23-1	NA	False	4	4	0.750	1.000	605	4	4	1.000	1	3	100.0	0.14	likely_legit
RSGB23-1_GCF-002937135-V1_GENO_10000001	Rhodoblastus acidophilus	Rhodoblastus	RSGB23-1	NA	False	4	4	0.750	0.750	611	4	4	1.000	3	4	100.0	0.0	likely_legit
RSGB23-1_GCF-003008555-V2_GENO_10000001	Pukyongiella litopenaei	Pukyongiella	RSGB23-1	NA	False	4	4	1.000	1.000	603	4	4	1.000	2	4	99.57	0.8	likely_legit
RSGB23-1_GCF-003024385-V1_GENO_10000001	Pseudomonas_E sp003024385	Pseudomonas_E	RSGB23-1	NA	False	4	4	0.750	1.000	568	4	4	1.000	2	4	100.0	0.0	likely_legit
RSGB23-1_GCF-003030465-V1_GENO_10000001	Thauera aromatica	Thauera	RSGB23-1	NA	False	4	4	1.000	1.000	608	4	4	1.000	1	3	99.59	0.06	likely_legit
RSGB23-1_GCF-003075075-V1_GENO_10000001	Roseibium sp003075075	Roseibium	RSGB23-1	NA	False	4	4	0.750	0.750	604	4	4	1.000	4	4	99.68	0.11	likely_legit
RSGB23-1_GCF-003112695-V1_GENO_10000001	Azospira sp003112695	Azospira	RSGB23-1	NA	False	4	4	1.000	1.000	595	4	4	1.000	3	4	100.0	0.47	likely_legit
RSGB23-1_GCF-003263295-V1_GENO_10000001	Hyphomonas pacifica	Hyphomonas	RSGB23-1	NA	False	4	4	1.000	0.750	607	4	4	1.000	2	2	99.19	1.3	likely_legit
RSGB23-1_GCF-003284725-V1_GENO_10000001	Paramagnetospirillum kuznetsovii	Paramagnetospirillum	RSGB23-1	NA	False	4	4	1.000	0.750	642	4	4	1.000	4	4	100.0	0.0	likely_legit
RSGB23-1_GCF-003325475-V1_GENO_10000001	Chromobacterium phragmitis	Chromobacterium	RSGB23-1	NA	False	4	4	0.500	1.000	748	4	4	1.000	1	4	99.04	0.88	uncertain
RSGB23-1_GCF-003325495-V1_GENO_10000001	Chromobacterium phragmitis	Chromobacterium	RSGB23-1	NA	False	4	4	0.500	1.000	748	4	4	1.000	1	3	99.04	0.88	uncertain
RSGB23-1_GCF-003345135-V1_GENO_10000001	Acidovorax defluvii	Acidovorax	RSGB23-1	NA	False	4	4	0.750	1.000	605	4	4	1.000	4	4	100.0	0.0	likely_legit
RSGB23-1_GCF-003352165-V1_GENO_10000001	Acidibrevibacterium fodinaquatile	Acidibrevibacterium	RSGB23-1	NA	False	4	4	1.000	0.500	592	4	4	1.000	1	4	100.0	0.0	likely_legit
RSGB23-1_GCF-003415675-V1_GENO_10000001	Rhodoferax_C lacus	Rhodoferax_C	RSGB23-1	NA	False	4	4	0.500	0.750	582	4	4	1.000	4	4	100.0	1.41	uncertain
RSGB23-1_GCF-003441595-V1_GENO_10000001	Marinobacter sp003441595	Marinobacter	RSGB23-1	NA	False	4	4	0.500	0.750	601	4	4	1.000	1	4	100.0	0.93	uncertain
RSGB23-1_GCF-003570715-V1_GENO_10000001	Gemmobacter lutimaris	Gemmobacter	RSGB23-1	NA	False	4	4	0.750	0.750	598	4	4	1.000	2	3	99.7	0.0	likely_legit
RSGB23-1_GCF-003590945-V1_GENO_10000001	Zavarzinia cavernae	Zavarzinia	RSGB23-1	NA	False	4	4	1.000	0.750	569	4	4	1.000	1	4	95.43	1.16	likely_legit
RSGB23-1_GCF-003602175-V1_GENO_10000001	Legionella_C taurinensis	Legionella_C	RSGB23-1	NA	False	4	4	0.750	0.500	595	3	4	0.750	2	2	100.0	0.78	likely_legit
RSGB23-1_GCF-003609795-V1_GENO_10000001	Sphingobium limneticum	Sphingobium	RSGB23-1	NA	False	4	4	1.000	0.500	580	4	4	1.000	1	3	100.0	0.0	likely_legit
RSGB23-1_GCF-003628555-V1_GENO_10000001	Aromatoleum sp003628555	Aromatoleum	RSGB23-1	NA	False	4	4	1.000	1.000	608	4	4	1.000	1	4	100.0	1.04	likely_legit
RSGB23-1_GCF-003966715-V1_GENO_10000001	Blastochloris tepida	Blastochloris	RSGB23-1	NA	False	4	4	0.750	0.750	781	4	4	1.000	1	4	100.0	0.0	likely_legit
RSGB23-1_GCF-003990115-V1_GENO_10000001	Legionella_A septentrionalis	Legionella_A	RSGB23-1	NA	False	4	4	1.000	0.750	599	4	4	1.000	3	4	97.18	0.0	likely_legit
RSGB23-1_GCF-004005855-V1_GENO_10000001	Rhodovarius crocodyli	Rhodovarius	RSGB23-1	NA	False	4	4	0.750	0.500	592	4	4	1.000	3	4	100.0	0.0	likely_legit
RSGB23-1_GCF-004358185-V1_GENO_10000001	Antarcticimicrobium luteum	Antarcticimicrobium	RSGB23-1	NA	False	4	4	1.000	1.000	602	4	4	1.000	3	3	99.57	0.43	likely_legit
RSGB23-1_GCF-004681125-V1_GENO_10000001	Polymorphobacter_A arshaanensis	Polymorphobacter_A	RSGB23-1	NA	False	4	4	1.000	0.667	564	4	4	1.000	1	4	100.0	0.0	likely_legit
RSGB23-1_GCF-004745575-V1_GENO_10000001	Pseudotabrizicola sediminis	Pseudotabrizicola	RSGB23-1	NA	False	4	4	1.000	0.500	599	4	4	1.000	2	4	99.7	0.3	likely_legit
RSGB23-1_GCF-004761865-V1_GENO_10000001	Crenalkalicoccus roseus	Crenalkalicoccus	RSGB23-1	NA	False	4	4	0.500	0.500	601	4	4	1.000	4	4	98.59	0.0	uncertain
RSGB23-1_GCF-004765575-V1_GENO_10000001	Pseudotabrizicola sediminis	Pseudotabrizicola	RSGB23-1	NA	False	4	4	1.000	0.500	599	4	4	1.000	2	4	99.7	0.61	likely_legit
RSGB23-1_GCF-005502595-V1_GENO_10000001	Blastomonas ursincola	Blastomonas	RSGB23-1	NA	False	4	4	1.000	0.500	569	4	4	1.000	1	1	100.0	0.0	likely_legit
RSGB23-1_GCF-005502655-V1_GENO_10000001	Burkholderia contaminans	Burkholderia	RSGB23-1	NA	False	4	4	0.750	1.000	622	4	4	1.000	4	4	100.0	0.38	likely_legit
RSGB23-1_GCF-005502665-V1_GENO_10000001	Burkholderia contaminans	Burkholderia	RSGB23-1	NA	False	4	4	0.750	1.000	622	4	4	1.000	0	0	100.0	0.35	likely_legit
RSGB23-1_GCF-005503135-V1_GENO_10000001	Burkholderia contaminans	Burkholderia	RSGB23-1	NA	False	4	4	0.750	1.000	622	4	4	1.000	0	0	99.46	1.03	likely_legit
RSGB23-1_GCF-005503405-V1_GENO_10000001	Blastomonas ursincola	Blastomonas	RSGB23-1	NA	False	4	4	1.000	0.500	569	4	4	1.000	0	0	100.0	0.0	likely_legit
RSGB23-1_GCF-005503435-V1_GENO_10000001	Burkholderia contaminans	Burkholderia	RSGB23-1	NA	False	4	4	0.750	1.000	622	4	4	1.000	0	0	100.0	0.95	likely_legit
RSGB23-1_GCF-005849285-V1_GENO_10000001	Luteithermobacter gelatinilyticus	Luteithermobacter	RSGB23-1	NA	False	4	4	1.000	0.500	599	4	4	1.000	1	4	100.0	0.0	likely_legit
RSGB23-1_GCF-006385875-V1_GENO_10000001	Sandaracinobacteroides neustonicus	Sandaracinobacteroides	RSGB23-1	NA	False	4	4	1.000	0.750	585	4	4	1.000	4	4	100.0	0.87	likely_legit
RSGB23-1_GCF-006496635-V1_GENO_10000001	Azoarcus sp006496635	Azoarcus	RSGB23-1	NA	False	4	4	0.750	1.000	608	4	4	1.000	1	4	99.17	1.04	likely_legit
RSGB23-1_GCF-006542315-V2_GENO_10000001	Vreelandella titanicae	Vreelandella	RSGB23-1	NA	False	4	4	1.000	1.000	764	4	4	1.000	1	3	100.0	0.0	likely_legit
RSGB23-1_GCF-006704265-V1_GENO_10000001	Elioraea sp006704265	Elioraea	RSGB23-1	NA	False	4	4	0.500	0.750	582	4	4	1.000	4	4	98.21	0.78	uncertain
RSGB23-1_GCF-007049795-V1_GENO_10000001	Pseudomonas_E mendocina_D	Pseudomonas_E	RSGB23-1	NA	False	4	4	0.750	1.000	569	4	4	1.000	1	2	99.84	0.61	likely_legit
RSGB23-1_GCF-007049885-V1_GENO_10000001	Pseudomonas_E mendocina_D	Pseudomonas_E	RSGB23-1	NA	False	4	4	0.750	1.000	569	4	4	1.000	0	0	99.84	0.96	likely_legit
RSGB23-1_GCF-007858265-V1_GENO_10000001	Pseudomonas_E mandelii	Pseudomonas_E	RSGB23-1	NA	False	3	4	0.750	1.000	568	4	4	1.000	1	2	100.0	0.0	likely_legit
RSGB23-1_GCF-008041835-V1_GENO_10000001	Pseudomonas_E sp002282595	Pseudomonas_E	RSGB23-1	NA	False	4	4	0.750	1.000	569	4	4	1.000	2	3	99.51	2.06	likely_legit
RSGB23-1_GCF-008107625-V1_GENO_10000001	Zoogloea oleivorans	Zoogloea	RSGB23-1	NA	False	4	4	1.000	1.000	594	3	4	0.750	4	4	98.29	0.62	likely_legit
RSGB23-1_GCF-008692605-V1_GENO_10000001	Sphingobium estronivorans	Sphingobium	RSGB23-1	NA	False	4	4	1.000	0.500	580	4	4	1.000	3	3	99.89	2.68	likely_legit
RSGB23-1_GCF-008710155-V1_GENO_10000001	Sphingobium limneticum	Sphingobium	RSGB23-1	NA	False	4	4	1.000	0.500	580	4	4	1.000	0	0	100.0	0.0	likely_legit
RSGB23-1_GCF-009363755-V1_GENO_10000001	Halomonas sp009363755	Halomonas	RSGB23-1	NA	False	4	4	1.000	1.000	609	4	4	1.000	1	4	100.0	0.0	likely_legit
RSGB23-1_GCF-009617755-V1_GENO_10000001	Marinobacter salsuginis	Marinobacter	RSGB23-1	NA	False	4	4	0.750	0.500	601	4	4	1.000	1	3	100.0	0.0	likely_legit
RSGB23-1_GCF-009905525-V1_GENO_10000001	Sphingobium yanoikuyae	Sphingobium	RSGB23-1	NA	False	3	4	0.750	0.750	584	4	4	1.000	3	3	99.48	0.52	likely_legit
RSGB23-1_GCF-009910705-V1_GENO_10000001	Microvirga arsenatis	Microvirga	RSGB23-1	NA	False	4	4	1.000	1.000	624	3	4	0.750	4	4	99.06	0.63	likely_legit
RSGB23-1_GCF-011040495-V1_GENO_10000001	Roseovarius pelagicus	Roseovarius	RSGB23-1	NA	False	4	4	1.000	0.750	585	4	4	1.000	2	4	100.0	0.0	likely_legit
RSGB23-1_GCF-011250475-V1_GENO_10000001	Azonexus fungiphilus	Azonexus	RSGB23-1	NA	False	4	4	1.000	1.000	595	4	4	1.000	4	4	99.37	0.0	likely_legit
RSGB23-1_GCF-011492945-V1_GENO_10000001	Rubrobacter_D tropicus	Rubrobacter_D	RSGB23-1	NA	False	4	4	0.750	0.250	404	4	4	1.000	1	4	95.77	1.41	likely_legit
RSGB23-1_GCF-011492965-V1_GENO_10000001	Rubrobacter_F marinus	Rubrobacter_F	RSGB23-1	NA	False	4	4	0.750	0.000	359	4	4	1.000	1	4	95.34	2.63	likely_legit
RSGB23-1_GCF-011601345-V1_GENO_10000001	Roseovarius gahaiensis	Roseovarius	RSGB23-1	NA	False	4	4	1.000	0.750	606	4	4	1.000	3	4	99.55	0.3	likely_legit
RSGB23-1_GCF-012044895-V1_GENO_10000001	Aquisalimonas sp012044895	Aquisalimonas	RSGB23-1	NA	False	4	4	1.000	0.750	598	4	4	1.000	1	4	100.0	0.0	likely_legit
RSGB23-1_GCF-012932215-V1_GENO_10000001	Roseobacter ponti	Roseobacter	RSGB23-1	NA	False	4	4	1.000	0.500	599	4	4	1.000	1	4	99.25	0.48	likely_legit
RSGB23-1_GCF-013378055-V1_GENO_10000001	Parasphingopyxis sp013378055	Parasphingopyxis	RSGB23-1	NA	False	4	4	1.000	0.500	563	4	4	1.000	1	4	100.0	0.0	likely_legit
RSGB23-1_GCF-014109825-V1_GENO_10000001	Legionella sp014109825	Legionella	RSGB23-1	NA	False	4	4	1.000	1.000	598	4	4	1.000	1	4	100.0	1.15	likely_legit
RSGB23-1_GCF-015679265-V1_GENO_10000001	Pontivivens ytuae	Pontivivens	RSGB23-1	NA	False	4	4	0.750	0.750	604	4	4	1.000	1	4	100.0	0.0	likely_legit
RSGB23-1_GCF-016592015-V1_GENO_10000001	Alicycliphilus denitrificans	Alicycliphilus	RSGB23-1	NA	False	4	4	0.750	1.000	586	4	4	1.000	1	3	100.0	0.21	likely_legit
RSGB23-1_GCF-017894385-V1_GENO_10000001	Aromatoleum petrolei	Aromatoleum	RSGB23-1	NA	False	4	4	1.000	1.000	608	4	4	1.000	1	4	99.9	0.99	likely_legit
RSGB23-1_GCF-018889915-V1_GENO_10000001	Sphingobium xenophagum	Sphingobium	RSGB23-1	NA	False	3	4	1.000	0.750	586	4	4	1.000	2	3	100.0	0.0	likely_legit
RSGB23-1_GCF-900184945-V1_GENO_10000001	Antarctobacter aquimaris	Antarctobacter	RSGB23-1	NA	False	4	4	0.750	0.500	601	4	4	1.000	3	4	99.7	2.61	likely_legit
RSGB23-1_GCF-900185055-V1_GENO_10000001	Pelagimonas varians	Pelagimonas	RSGB23-1	NA	False	4	4	0.750	0.750	602	4	4	1.000	3	4	99.7	1.58	likely_legit
RSGB23-1_GCF-900187095-V1_GENO_10000001	Legionella waltersii	Legionella	RSGB23-1	NA	False	4	4	1.000	1.000	595	4	4	1.000	1	4	100.0	0.86	likely_legit
RSGB23-1_GCF-900188315-V1_GENO_10000001	Marinobacter sp900188315	Marinobacter	RSGB23-1	NA	False	4	4	0.750	0.500	601	4	4	1.000	1	3	100.0	0.0	likely_legit
RSGB23-1_GCF-900302505-V1_GENO_10000001	Pseudoprimorskyibacter insulae	Pseudoprimorskyibacter	RSGB23-1	NA	False	4	4	1.000	0.750	585	4	4	1.000	2	4	98.69	1.81	likely_legit
RSGB23-1_GCF-902859845-V1_GENO_10000001	Burkholderia puraquae	Burkholderia	RSGB23-1	NA	False	4	4	0.750	0.750	628	4	4	1.000	0	0	100.0	0.2	likely_legit
RSGB23-2_GCF-947331475-V1_GENO_10000001	Vreelandella glaciei	Vreelandella	RSGB23-2	NA	False	4	4	1.000	1.000	764	4	4	1.000	3	3	100.0	0.0	likely_legit
SANC23-1_SAMEA110646478_MAG_00000114	Sphingobium soli	Sphingobium	SANC23-1	Seawater	True	3	4	0.750	0.250	408	3	4	0.750	2	2	88.6	1.32	likely_legit
SANC23-1_SAMEA110646488_MAG_00000023	Unknown JAYZVO01	JAYZVO01	SANC23-1	Seawater	True	4	4	0.750	0.250	411	4	4	1.000	3	4	96.13	5.0	likely_legit
SANC23-1_SAMEA110646509_MAG_00000072	Marinobacter flavimaris	Marinobacter	SANC23-1	Seawater	True	4	4	0.750	0.500	601	4	4	1.000	1	1	55.17	0.0	likely_legit
SANC23-1_SAMEA110646509_MAG_00000123	Antarctobacter sp019392335	Antarctobacter	SANC23-1	Seawater	True	4	4	0.750	0.500	570	4	4	1.000	0	0	99.1	1.05	likely_legit
SANC23-1_SAMEA110646509_MAG_00000151	Roseovarius indicus	Roseovarius	SANC23-1	Seawater	True	4	4	0.750	0.250	434	3	4	0.750	2	3	92.08	2.99	likely_legit
SANC23-1_SAMEA110646510_MAG_00000108	Antarctobacter sp019392335	Antarctobacter	SANC23-1	Seawater	True	3	4	0.000	0.000	267	4	4	1.000	2	2	78.8	0.86	likely_artifact
SANC23-1_SAMEA110646515_MAG_00000058	Pseudonocardia alni	Pseudonocardia	SANC23-1	Seawater	True	4	4	0.500	0.500	582	4	4	1.000	3	4	79.92	2.98	uncertain
SANC23-1_SAMEA110646516_MAG_00000119	Unknown JAYZVO01	JAYZVO01	SANC23-1	Seawater	True	4	4	0.750	0.250	411	4	4	1.000	1	1	98.59	8.45	likely_legit
SANC23-1_SAMEA110646519_MAG_00000049	Unknown JAYZVO01	JAYZVO01	SANC23-1	Seawater	True	4	4	0.500	0.000	343	4	4	1.000	2	2	80.57	4.57	uncertain
SANC23-1_SAMEA110646520_MAG_00000012	Unknown JAYZVO01	JAYZVO01	SANC23-1	Seawater	True	4	4	0.750	0.250	411	4	4	1.000	0	0	97.18	4.23	likely_legit
SANT17-1_SAMN02924044_MAG_00000128	Unknown PALSA-1004	PALSA-1004	SANT17-1	Freshwater lake water	True	4	4	0.750	1.000	602	4	4	1.000	4	4	90.14	2.82	likely_legit
SATI15-1_SAMN03252808_MAG_00000014	Reyranella sp963923875	Reyranella	SATI15-1	Freshwater river water	True	4	4	0.750	0.250	408	3	4	0.750	4	4	63.38	1.41	likely_legit
SATI15-1_SAMN03252818_MAG_00000001	Reyranella sp963923875	Reyranella	SATI15-1	Freshwater river water	True	4	4	1.000	0.250	423	4	4	1.000	4	4	54.93	2.82	likely_legit
SATO17-1_SAMN04961670_MAG_00000033	Unknown JABSSB01	JABSSB01	SATO17-1	Coral tissue	True	4	4	0.500	0.250	423	4	4	1.000	3	4	90.31	2.22	uncertain
SCHO22-1_SAMN24006287_MAG_00000007	Unknown JARRKU01	JARRKU01	SCHO22-1	Marine sediment	True	4	4	1.000	0.250	486	4	4	1.000	4	4	94.37	2.82	likely_legit
SCHO22-1_SAMN24006287_MAG_00000011	Unknown JAHQVI01	JAHQVI01	SCHO22-1	Marine sediment	True	4	4	0.750	0.750	607	4	4	1.000	4	4	96.77	4.11	likely_legit
SCHO22-1_SAMN24006290_MAG_00000004	Unknown JARRKU01	JARRKU01	SCHO22-1	Marine sediment	True	4	4	0.000	0.000	189	3	4	0.750	3	4	81.32	2.58	likely_artifact
SCHR19-1_SAMN09405884_MAG_00000012	Marinobacter sp002718255	Marinobacter	SCHR19-1	Seawater	True	3	4	0.750	0.500	601	4	4	1.000	1	1	99.57	0.65	likely_legit
SCHR19-1_SAMN09405887_MAG_00000010	Pontivivens nitratireducens	Pontivivens	SCHR19-1	Seawater	True	4	4	0.750	0.750	572	4	4	1.000	3	3	100.0	0.0	likely_legit
SCHR19-1_SAMN09405896_MAG_00000020	Marinobacter sp018066865	Marinobacter	SCHR19-1	Seawater	True	4	4	0.500	0.750	600	4	4	1.000	4	4	100.0	0.48	uncertain
SCHR19-1_SAMN09405898_MAG_00000007	Marinobacter flavimaris	Marinobacter	SCHR19-1	Seawater	True	4	4	0.750	0.500	601	4	4	1.000	1	1	97.41	0.2	likely_legit
SCHR19-1_SAMN09405904_MAG_00000033	Hyphomonas sp036964145	Hyphomonas	SCHR19-1	Seawater	True	4	4	1.000	0.750	610	4	4	1.000	3	4	100.0	0.0	likely_legit
SCHR19-1_SAMN09405909_MAG_00000014	Marinobacter sp002718255	Marinobacter	SCHR19-1	Seawater	True	3	4	0.750	0.500	601	4	4	1.000	0	0	99.14	0.22	likely_legit
SCHR19-1_SAMN09405918_MAG_00000002	Hyphomonas sp036964145	Hyphomonas	SCHR19-1	Seawater	True	4	4	1.000	0.750	610	4	4	1.000	0	0	97.18	0.0	likely_legit
SCHR19-1_SAMN09405918_MAG_00000025	Marinobacter sp018066865	Marinobacter	SCHR19-1	Seawater	True	4	4	0.500	0.500	598	4	4	1.000	2	3	62.07	0.0	uncertain
SCHR19-1_SAMN09405928_MAG_00000001	Sulfitobacter sp947497275	Sulfitobacter	SCHR19-1	Seawater	True	4	4	0.750	1.000	597	4	4	1.000	1	1	84.53	1.17	likely_legit
SCHR19-1_SAMN09405934_MAG_00000002	Marinobacter flavimaris	Marinobacter	SCHR19-1	Seawater	True	4	4	0.750	0.500	601	4	4	1.000	2	3	99.05	0.3	likely_legit
SCHR19-1_SAMN09405945_MAG_00000002	Pontivivens nitratireducens	Pontivivens	SCHR19-1	Seawater	True	4	4	0.750	0.750	572	4	4	1.000	0	0	99.8	0.0	likely_legit
SCHR19-1_SAMN09405945_MAG_00000016	Marinobacter flavimaris	Marinobacter	SCHR19-1	Seawater	True	3	4	0.750	0.500	601	4	4	1.000	0	0	100.0	0.97	likely_legit
SCHR19-1_SAMN09405956_MAG_00000020	Unknown Pseudorhodobacter	Pseudorhodobacter	SCHR19-1	Seawater	True	4	4	1.000	0.750	601	4	4	1.000	3	4	97.53	2.51	likely_legit
SCHR19-1_SAMN09405964_MAG_00000022	Hyphomonas sp036964145	Hyphomonas	SCHR19-1	Seawater	True	4	4	1.000	0.750	610	4	4	1.000	1	1	91.75	2.13	likely_legit
SCHR19-1_SAMN09405992_MAG_00000013	Marinobacter flavimaris	Marinobacter	SCHR19-1	Seawater	True	4	4	0.750	0.500	601	4	4	1.000	0	0	100.0	0.0	likely_legit
SCHR19-1_SAMN09406020_MAG_00000031	Sulfitobacter sp017854855	Sulfitobacter	SCHR19-1	Seawater	True	4	4	0.500	0.500	601	4	4	1.000	3	4	87.11	2.66	uncertain
SCHR19-1_SAMN09406022_MAG_00000019	Marinobacter flavimaris	Marinobacter	SCHR19-1	Seawater	True	4	4	0.750	0.500	601	4	4	1.000	0	0	100.0	0.0	likely_legit
SCHR19-1_SAMN09406033_MAG_00000003	Marinobacter manganoxydans	Marinobacter	SCHR19-1	Seawater	True	3	4	0.500	0.500	587	4	4	1.000	2	2	96.59	1.08	uncertain
SCHR19-1_SAMN09406041_MAG_00000003	Hyphomonas sp036964145	Hyphomonas	SCHR19-1	Seawater	True	4	4	1.000	0.750	610	4	4	1.000	0	0	99.35	0.49	likely_legit
SCHR19-1_SAMN09406048_MAG_00000005	Unknown Pseudorhodobacter	Pseudorhodobacter	SCHR19-1	Seawater	True	4	4	1.000	0.750	601	4	4	1.000	3	4	95.13	0.82	likely_legit
SCHR19-1_SAMN09406066_MAG_00000009	Marinobacter flavimaris	Marinobacter	SCHR19-1	Seawater	True	4	4	0.500	0.250	414	4	4	1.000	2	2	55.94	0.74	uncertain
SCHR19-1_SAMN09406073_MAG_00000002	Marinobacter sp018066865	Marinobacter	SCHR19-1	Seawater	True	4	4	0.000	0.000	291	4	4	1.000	2	3	50.86	0.0	likely_artifact
SCHR19-1_SAMN09406083_MAG_00000003	Marinobacter flavimaris	Marinobacter	SCHR19-1	Seawater	True	3	4	0.750	0.500	601	4	4	1.000	0	0	100.0	0.0	likely_legit
SCHR19-1_SAMN09406085_MAG_00000010	Hyphomonas sp036964145	Hyphomonas	SCHR19-1	Seawater	True	4	4	1.000	0.750	610	4	4	1.000	0	0	98.59	0.0	likely_legit
SCHR19-1_SAMN09406087_MAG_00000012	Unknown Marinobacter	Marinobacter	SCHR19-1	Seawater	True	4	4	0.750	0.500	599	4	4	1.000	3	4	97.74	0.3	likely_legit
SCHR19-1_SAMN09406088_MAG_00000016	Marinobacter sp018066865	Marinobacter	SCHR19-1	Seawater	True	4	4	0.500	0.750	600	4	4	1.000	0	0	72.41	1.72	uncertain
SCHR19-1_SAMN09406088_MAG_00000020	Unknown Rhodobacteraceae	Unknown Rhodobacteraceae	SCHR19-1	Seawater	True	4	4	0.750	0.750	598	4	4	1.000	3	4	80.06	0.5	likely_legit
SCHR19-1_SAMN09406099_MAG_00000012	Marinobacter sp018066865	Marinobacter	SCHR19-1	Seawater	True	4	4	0.500	0.750	600	4	4	1.000	0	0	92.06	0.16	uncertain
SCHR19-1_SAMN09406100_MAG_00000002	Marinobacter manganoxydans	Marinobacter	SCHR19-1	Seawater	True	3	4	0.750	0.500	601	4	4	1.000	2	2	71.55	0.0	likely_legit
SCHR19-1_SAMN09406122_MAG_00000004	Marinobacter sp018066865	Marinobacter	SCHR19-1	Seawater	True	4	4	0.500	0.750	600	4	4	1.000	0	0	99.95	0.16	uncertain
SCHR19-1_SAMN09406134_MAG_00000012	Neptuniibacter pectenicola	Neptuniibacter	SCHR19-1	Seawater	True	4	4	0.500	0.250	456	3	4	0.750	3	4	64.14	0.86	uncertain
SCRA20-1_SAMN11854481_MAG_00000060	Unknown GCA-2731375	GCA-2731375	SCRA20-1	Seawater	True	4	4	0.750	0.250	411	4	4	1.000	4	4	97.69	1.56	likely_legit
SCRA20-1_SAMN11854485_MAG_00000076	Unknown GCA-2731375	GCA-2731375	SCRA20-1	Seawater	True	4	4	0.750	0.250	407	3	4	0.750	1	2	94.37	0.0	likely_legit
SCRA20-1_SAMN11854485_MAG_00000222	Unknown GCA-2731375	GCA-2731375	SCRA20-1	Seawater	True	4	4	0.750	0.250	411	4	4	1.000	0	0	98.17	1.96	likely_legit
SCRA20-1_SAMN11854486_MAG_00000054	Unknown GCA-2731375	GCA-2731375	SCRA20-1	Seawater	True	4	4	0.750	0.250	411	4	4	1.000	0	0	97.18	0.0	likely_legit
SCRA20-1_SAMN11854489_MAG_00000015	Unknown GCA-2731375	GCA-2731375	SCRA20-1	Seawater	True	4	4	0.750	0.250	411	4	4	1.000	1	1	94.37	4.23	likely_legit
SHAF22-1_SAMEA7723479_MAG_00000019	Roseovarius mucosus_A	Roseovarius	SHAF22-1	Marine sediment	True	4	4	0.500	0.250	365	3	4	0.750	3	4	65.31	1.72	uncertain
SHAF22-1_SAMEA7723485_MAG_00000002	Roseovarius nubinhibens	Roseovarius	SHAF22-1	Marine sediment	True	4	4	0.500	0.250	432	4	4	1.000	2	4	98.57	0.68	uncertain
SHAF22-1_SAMEA7723488_MAG_00000003	Unknown Pseudonocardia	Pseudonocardia	SHAF22-1	Marine sediment	True	4	4	0.750	0.500	567	4	4	1.000	2	4	99.35	3.37	likely_legit
SHAF22-1_SAMEA7723682_MAG_00000002	Marinobacter flavimaris	Marinobacter	SHAF22-1	Marine sediment	True	4	4	0.750	0.500	601	4	4	1.000	0	0	98.76	0.0	likely_legit
SHIN18-1_SAMEA104707366_MAG_00000055	Roseobacter sp041557855	Roseobacter	SHIN18-1	Marine sediment	True	4	4	1.000	0.500	602	4	4	1.000	3	4	91.07	1.25	likely_legit
SHIN18-1_SAMEA104707367_MAG_00000021	Unknown Thiosocius	Thiosocius	SHIN18-1	Marine sediment	True	4	4	1.000	0.750	625	4	4	1.000	4	4	89.17	3.35	likely_legit
SHIN18-1_SAMEA104707368_MAG_00000131	Roseobacter sp041557855	Roseobacter	SHIN18-1	Marine sediment	True	4	4	1.000	0.750	602	4	4	1.000	3	3	96.48	0.65	likely_legit
SHIN18-1_SAMEA104707368_MAG_00000211	Unknown Kiloniellales	Unknown Kiloniellales	SHIN18-1	Marine sediment	True	4	4	1.000	0.250	366	4	4	1.000	4	4	75.94	3.61	likely_legit
SHIN18-1_SAMEA104707371_MAG_00000053	Unknown Roseobacter	Roseobacter	SHIN18-1	Marine sediment	True	4	4	1.000	0.750	599	4	4	1.000	3	4	91.69	1.72	likely_legit
SHIN18-1_SAMEA104707372_MAG_00000050	Unknown Kiloniellales	Unknown Kiloniellales	SHIN18-1	Marine sediment	True	4	4	1.000	0.750	623	4	4	1.000	3	4	98.7	0.87	likely_legit
SHIN18-1_SAMEA104707372_MAG_00000066	Roseobacter sp041557855	Roseobacter	SHIN18-1	Marine sediment	True	4	4	1.000	0.750	602	4	4	1.000	3	4	86.15	1.23	likely_legit
SHIN18-1_SAMEA104707373_MAG_00000056	Roseobacter sp041557855	Roseobacter	SHIN18-1	Marine sediment	True	4	4	1.000	0.500	602	4	4	1.000	2	2	84.48	1.67	likely_legit
SHIN18-1_SAMEA104707373_MAG_00000068	QNFN01 sp009937385	QNFN01	SHIN18-1	Marine sediment	True	4	4	0.250	0.250	188	4	4	1.000	3	4	53.24	3.22	likely_artifact
SHIN18-1_SAMEA104707374_MAG_00000046	Roseobacter sp041557855	Roseobacter	SHIN18-1	Marine sediment	True	4	4	1.000	0.750	602	4	4	1.000	2	2	93.2	1.06	likely_legit
SHIN18-1_SAMEA104707374_MAG_00000049	Unknown Roseobacter	Roseobacter	SHIN18-1	Marine sediment	True	4	4	1.000	0.500	594	4	4	1.000	3	4	79.11	2.86	likely_legit
SHIN18-1_SAMEA104707375_MAG_00000038	Unknown Thiosocius	Thiosocius	SHIN18-1	Marine sediment	True	4	4	0.750	0.500	580	4	4	1.000	4	4	51.28	3.01	likely_legit
SHIN18-1_SAMEA104707376_MAG_00000065	Roseobacter sp041557855	Roseobacter	SHIN18-1	Marine sediment	True	4	4	1.000	0.500	602	4	4	1.000	2	2	84.03	1.9	likely_legit
SILV23-1_SAMEA6872380_MAG_00000018	Sphingorhabdus_B sp038217195	Sphingorhabdus_B	SILV23-1	Freshwater lake sediment	True	4	4	0.500	0.250	427	3	4	0.750	3	4	57.75	2.82	uncertain
SILV23-1_SAMEA6872381_MAG_00000028	Sphingorhabdus_B sp038217195	Sphingorhabdus_B	SILV23-1	Freshwater lake sediment	True	4	4	1.000	0.500	575	3	4	0.750	3	3	76.06	9.86	likely_legit
SILV23-1_SAMEA8700009_MAG_00000019	Unknown HK1	Unknown HK1	SILV23-1	Freshwater lake sediment	True	4	4	0.250	0.000	265	3	4	0.750	3	4	75.86	0.0	likely_artifact
SILV23-1_SAMEA8700010_MAG_00000022	Unknown JBFHNV01	JBFHNV01	SILV23-1	Freshwater lake sediment	True	4	4	0.750	0.250	425	4	4	1.000	3	4	85.29	5.31	likely_legit
SILV23-1_SAMEA8700011_MAG_00000016	Unknown HK1	Unknown HK1	SILV23-1	Freshwater lake sediment	True	4	4	0.500	0.500	506	4	4	1.000	4	4	71.55	0.0	uncertain
SILV23-1_SAMEA8700011_MAG_00000017	J085 sp041153465	J085	SILV23-1	Freshwater lake sediment	True	4	4	0.500	0.250	395	4	4	1.000	3	4	94.37	4.23	uncertain
SILV23-1_SAMEA8700012_MAG_00000006	Unknown HK1	Unknown HK1	SILV23-1	Freshwater lake sediment	True	4	4	1.000	0.750	574	4	4	1.000	3	3	91.21	5.17	likely_legit
SOGI22-1_SAMEA6126160_MAG_00000028	Unknown HK1	Unknown HK1	SOGI22-1	Marine sediment	True	4	4	0.250	0.500	506	4	4	1.000	3	4	73.24	0.0	likely_artifact
SOGI22-1_SAMEA6126163_MAG_00000036	Unknown HK1	Unknown HK1	SOGI22-1	Marine sediment	True	4	4	0.750	0.750	600	4	4	1.000	2	3	94.37	5.63	likely_legit
SOLA22-1_SAMEA7060527_MAG_00000165	Pseudomonas_E oleovorans	Pseudomonas_E	SOLA22-1	Seawater	True	4	4	0.500	0.000	310	3	4	0.750	1	4	95.77	1.41	uncertain
SOLA22-1_SAMEA7060535_MAG_00000084	Pseudomonas_E oleovorans	Pseudomonas_E	SOLA22-1	Seawater	True	4	4	0.500	0.000	310	3	4	0.750	0	0	97.96	1.11	uncertain
SOLA22-1_SAMEA7060535_MAG_00000143	Microbaculum sp905479765	Microbaculum	SOLA22-1	Seawater	True	4	4	0.750	0.500	517	4	4	1.000	3	4	88.73	1.41	likely_legit
SOME21-1_SAMN12878115_MAG_00000038	Unknown Nitrococcaceae	Unknown Nitrococcaceae	SOME21-1	Marine sediment	True	4	4	1.000	0.500	535	4	4	1.000	4	4	59.51	8.23	likely_legit
SPET22-1_SAMN18353077_MAG_00000121	Vreelandella alkaliphila	Vreelandella	SPET22-1	Hydrothermal vent sediment	True	4	4	0.500	0.500	617	4	4	1.000	2	3	53.45	0.0	uncertain
SUHA22-1_SAMN20336521_MAG_00000057	Cognatishimia activa_A	Cognatishimia	SUHA22-1	Seawater	True	4	4	1.000	0.500	598	3	4	0.750	3	4	78.45	0.0	likely_legit
SUHA22-1_SAMN20336535_MAG_00000072	Algiphilus sp022763315	Algiphilus	SUHA22-1	Seawater	True	4	4	0.750	0.250	397	4	4	1.000	3	3	95.77	0.0	likely_legit
SUHA22-1_SAMN20336539_MAG_00000056	Unknown Parasphingopyxis	Parasphingopyxis	SUHA22-1	Seawater	True	4	4	1.000	0.500	563	4	4	1.000	4	4	66.2	0.0	likely_legit
SUHA22-1_SAMN20336539_MAG_00000068	Unknown Rickettsiales	Unknown Rickettsiales	SUHA22-1	Seawater	True	4	4	1.000	0.750	592	4	4	1.000	2	4	100.0	1.41	likely_legit
SUMM22-1_SAMN21164802_MAG_00000001	Unknown Actibacterium_B	Actibacterium_B	SUMM22-1	Animal bone biofilm	True	4	4	1.000	0.750	584	4	4	1.000	4	4	85.51	1.73	likely_legit
SUMM22-1_SAMN21164803_MAG_00000010	Unknown Actibacterium_B	Actibacterium_B	SUMM22-1	Animal bone biofilm	True	4	4	1.000	0.750	584	4	4	1.000	0	0	95.77	1.41	likely_legit
SUMM22-1_SAMN21164806_MAG_00000003	Unknown Actibacterium_B	Actibacterium_B	SUMM22-1	Animal bone biofilm	True	4	4	1.000	0.750	584	4	4	1.000	0	0	98.74	2.42	likely_legit
SUMM22-1_SAMN21164807_MAG_00000004	Unknown Actibacterium_B	Actibacterium_B	SUMM22-1	Animal bone biofilm	True	4	4	1.000	0.750	584	4	4	1.000	0	0	99.44	1.21	likely_legit
SUMM22-1_SAMN21164810_MAG_00000001	Unknown Actibacterium_B	Actibacterium_B	SUMM22-1	Animal bone biofilm	True	4	4	1.000	0.750	584	4	4	1.000	0	0	95.09	2.42	likely_legit
SUNY21-1_SAMEA6942735_MAG_00000323	TMED2 sp002168225	TMED2	SUNY21-1	Seawater	True	4	4	1.000	0.250	431	4	4	1.000	4	4	91.8	0.22	likely_legit
SUNY21-1_SAMEA6942736_MAG_00000028	Bordetella_B ansorpii_A	Bordetella_B	SUNY21-1	Seawater	True	4	4	1.000	0.750	547	4	4	1.000	3	4	97.18	1.41	likely_legit
SUTE22-1_SAMN10231894_MAG_00000019	Unknown JAAESI01	JAAESI01	SUTE22-1	Seawater	True	4	4	0.500	0.000	313	4	4	1.000	4	4	53.44	1.61	uncertain
SUTE22-1_SAMN10231911_MAG_00000044	Unknown JAAESI01	JAAESI01	SUTE22-1	Seawater	True	4	4	0.500	0.000	373	4	4	1.000	2	2	91.55	5.63	uncertain
SUTE22-1_SAMN10231911_MAG_00000101	Unknown UBA796	Unknown UBA796	SUTE22-1	Seawater	True	4	4	0.750	0.000	375	4	4	1.000	3	4	89.35	4.03	likely_legit
SUTE22-1_SAMN10231912_MAG_00000227	Unknown UBA796	Unknown UBA796	SUTE22-1	Seawater	True	4	4	0.750	0.000	375	4	4	1.000	1	1	90.32	4.25	likely_legit
SUTE22-1_SAMN10231912_MAG_00000271	Unknown JAAESI01	JAAESI01	SUTE22-1	Seawater	True	4	4	0.500	0.000	428	4	4	1.000	2	2	90.81	3.93	uncertain
SUTE22-1_SAMN10231913_MAG_00000132	Unknown JAAESI01	JAAESI01	SUTE22-1	Seawater	True	4	4	0.500	0.000	428	4	4	1.000	1	1	97.18	4.23	uncertain
SUTE22-1_SAMN10231914_MAG_00000154	Unknown JAAESI01	JAAESI01	SUTE22-1	Seawater	True	4	4	0.500	0.000	428	4	4	1.000	1	1	95.11	4.55	uncertain
TANS21-1_SAMN12687857-S001_MAG_00000209	Unknown Desulfosarcina	Desulfosarcina	TANS21-1	Marine sediment	True	4	4	0.500	0.500	730	3	4	0.750	4	4	69.01	5.63	uncertain
TAOJ22-1_SAMN27365854_MAG_00000007	WKFI01 sp022763485	WKFI01	TAOJ22-1	Seawater	True	4	4	1.000	0.750	579	4	4	1.000	3	4	96.72	1.65	likely_legit
TAOJ22-1_SAMN27365860_MAG_00000023	Unknown Sulfitobacter	Sulfitobacter	TAOJ22-1	Seawater	True	4	4	0.750	0.750	602	4	4	1.000	3	4	77.23	1.72	likely_legit
TAOJ22-1_SAMN27365860_MAG_00000039	Unknown Glaciecola	Glaciecola	TAOJ22-1	Seawater	True	4	4	0.500	0.500	577	4	4	1.000	3	4	79.31	0.0	uncertain
TAOJ22-1_SAMN27365861_MAG_00000018	Yoonia sp002378665	Yoonia	TAOJ22-1	Seawater	True	3	4	1.000	0.500	584	4	4	1.000	3	3	85.92	9.86	likely_legit
TAOJ22-1_SAMN27365862_MAG_00000037	Unknown Ascidiaceihabitans	Ascidiaceihabitans	TAOJ22-1	Seawater	True	4	4	1.000	1.000	585	4	4	1.000	1	1	98.68	0.66	likely_legit
TAOJ22-1_SAMN27365862_MAG_00000055	Sulfitobacter sp017854675	Sulfitobacter	TAOJ22-1	Seawater	True	4	4	1.000	1.000	587	4	4	1.000	4	4	68.16	0.61	likely_legit
TAOJ22-1_SAMN27365862_MAG_00000112	Unknown Glaciecola	Glaciecola	TAOJ22-1	Seawater	True	4	4	0.500	0.500	577	4	4	1.000	1	1	64.11	1.72	uncertain
TAOJ22-1_SAMN27365862_MAG_00000231	Yoonia sp017854415	Yoonia	TAOJ22-1	Seawater	True	4	4	1.000	0.750	630	3	4	0.750	3	4	53.52	7.04	likely_legit
TARA_SAMEA2619376_MAG_00000170	TMED2 sp002168225	TMED2	TOPC	Seawater	True	4	4	1.000	0.500	609	4	4	1.000	2	3	99.13	0.0	likely_legit
TARA_SAMEA2619399_MAG_00000152	TMED2 sp002168225	TMED2	TOPC	Seawater	True	4	4	1.000	0.500	609	4	4	1.000	1	1	99.13	0.0	likely_legit
TARA_SAMEA2619531_MAG_00000171	TMED2 sp002168225	TMED2	TOPC	Seawater	True	4	4	1.000	0.500	609	4	4	1.000	0	0	99.13	0.0	likely_legit
TARA_SAMEA2619548_MAG_00000046	TMED2 sp002168225	TMED2	TOPC	Seawater	True	4	4	1.000	0.500	609	4	4	1.000	0	0	96.96	0.0	likely_legit
TARA_SAMEA2619667_MAG_00000184	TMED2 sp002168225	TMED2	TOPC	Seawater	True	3	4	1.000	0.500	609	4	4	1.000	0	0	99.13	0.0	likely_legit
TARA_SAMEA2619917_MAG_00000023	Sphingobium sp001829085	Sphingobium	TOPC	Seawater	True	3	4	1.000	0.750	584	3	4	0.750	3	3	100.0	0.0	likely_legit
TARA_SAMEA2619943_MAG_00000021	Blastomonas ursincola	Blastomonas	TOPC	Seawater	True	3	4	1.000	0.500	569	4	4	1.000	1	1	100.0	0.0	likely_legit
TARA_SAMEA2620039_MAG_00000027	Blastomonas delafieldii_A	Blastomonas	TOPC	Seawater	True	4	4	1.000	0.500	569	4	4	1.000	1	1	94.37	0.0	likely_legit
TARA_SAMEA2620039_MAG_00000049	UBA2705 sp002690045	UBA2705	TOPC	Seawater	True	4	4	0.750	0.750	611	4	4	1.000	1	2	100.0	1.41	likely_legit
TARA_SAMEA2620128_MAG_00000007	Unknown JAYZVO01	JAYZVO01	TOPC	Seawater	True	4	4	0.500	0.250	408	4	4	1.000	3	3	94.37	5.63	uncertain
TARA_SAMEA2620204_MAG_00000043	Marinobacter sp002707215	Marinobacter	TOPC	Seawater	True	4	4	0.500	0.750	601	4	4	1.000	4	4	84.62	0.0	uncertain
TARA_SAMEA2620396_MAG_00000032	Marinobacter sp002718255	Marinobacter	TOPC	Seawater	True	4	4	0.500	0.250	414	4	4	1.000	2	2	73.04	1.02	uncertain
TARA_SAMEA2620418_MAG_00000016	Marinobacter sp002707215	Marinobacter	TOPC	Seawater	True	4	4	0.500	0.500	601	4	4	1.000	1	1	78.24	0.86	uncertain
TARA_SAMEA2620457_MAG_00000014	Marinobacter sp002707215	Marinobacter	TOPC	Seawater	True	4	4	0.500	0.750	601	4	4	1.000	0	0	82.76	1.72	uncertain
TARA_SAMEA2620503_MAG_00000032	Marinobacter sp002707215	Marinobacter	TOPC	Seawater	True	4	4	0.500	0.750	601	4	4	1.000	1	1	79.25	0.0	uncertain
TARA_SAMEA2620570_MAG_00000072	Marinobacter salsuginis	Marinobacter	TOPC	Seawater	True	4	4	0.750	0.500	601	4	4	1.000	1	2	96.11	1.43	likely_legit
TARA_SAMEA2620638_MAG_00000007	Marinobacter salsuginis	Marinobacter	TOPC	Seawater	True	4	4	0.750	0.250	406	4	4	1.000	1	1	92.96	0.0	likely_legit
TARA_SAMEA2620812_MAG_00000011	Hyphomonas sp000682775	Hyphomonas	TOPC	Seawater	True	3	4	1.000	0.750	606	4	4	1.000	1	1	98.59	0.0	likely_legit
TARA_SAMEA2620812_MAG_00000026	UBA1479 sp002706405	UBA1479	TOPC	Seawater	True	4	4	1.000	0.750	617	4	4	1.000	4	4	96.02	0.51	likely_legit
TARA_SAMEA2620824_MAG_00000007	UBA4479 sp040218645	UBA4479	TOPC	Seawater	True	4	4	0.250	0.000	350	4	4	1.000	3	4	79.99	1.43	likely_artifact
TARA_SAMEA2620828_MAG_00000076	UBA1479 sp002696205	UBA1479	TOPC	Seawater	True	4	4	1.000	0.750	611	4	4	1.000	4	4	97.18	1.41	likely_legit
TARA_SAMEA2620947_MAG_00000034	Hyphomonas sp000682775	Hyphomonas	TOPC	Seawater	True	3	4	1.000	0.750	606	4	4	1.000	0	0	97.24	0.49	likely_legit
TARA_SAMEA2621126_MAG_00000031	Marinobacter salsuginis	Marinobacter	TOPC	Seawater	True	4	4	0.750	0.250	406	4	4	1.000	3	3	52.07	0.0	likely_legit
TARA_SAMEA2621147_MAG_00000032	Marinobacter sp002718255	Marinobacter	TOPC	Seawater	True	3	4	0.000	0.250	414	4	4	1.000	1	1	88.88	2.96	likely_artifact
TARA_SAMEA2621191_MAG_00000011	Hyphomonas sp002414505	Hyphomonas	TOPC	Seawater	True	4	4	0.750	0.500	563	4	4	1.000	4	4	70.22	3.25	likely_legit
TARA_SAMEA2621242_MAG_00000143	Hyphomonas sp002414505	Hyphomonas	TOPC	Seawater	True	4	4	1.000	0.500	563	4	4	1.000	1	1	89.16	2.84	likely_legit
TARA_SAMEA2621247_MAG_00000041	Hyphomonas sp002414505	Hyphomonas	TOPC	Seawater	True	4	4	1.000	0.750	610	4	4	1.000	3	3	83.86	7.52	likely_legit
TARA_SAMEA2621298_MAG_00000067	Novosphingobium indicum	Novosphingobium	TOPC	Seawater	True	3	4	0.750	0.250	415	4	4	1.000	2	2	58.33	2.13	likely_legit
TARA_SAMEA2621299_MAG_00000002	Hyphomonas adhaerens	Hyphomonas	TOPC	Seawater	True	4	4	1.000	1.000	600	4	4	1.000	4	4	83.49	1.49	likely_legit
TARA_SAMEA2621299_MAG_00000017	Marinobacter sp002707215	Marinobacter	TOPC	Seawater	True	4	4	0.500	0.750	601	4	4	1.000	1	1	56.9	0.0	uncertain
TARA_SAMEA2621299_MAG_00000027	Hyphomonas sp017792385	Hyphomonas	TOPC	Seawater	True	4	4	1.000	0.750	564	4	4	1.000	4	4	94.55	1.41	likely_legit
TARA_SAMEA2621300_MAG_00000042	Neopusillimonas maritima	Neopusillimonas	TOPC	Seawater	True	4	4	0.250	0.250	317	3	4	0.750	2	3	100.0	0.47	likely_artifact
TARA_SAMEA2621423_MAG_00000052	Hyphomonas adhaerens	Hyphomonas	TOPC	Seawater	True	4	4	1.000	1.000	600	4	4	1.000	1	1	99.13	1.82	likely_legit
TARA_SAMEA2621470_MAG_00000016	Marinobacter manganoxydans	Marinobacter	TOPC	Seawater	True	3	4	0.750	0.250	414	4	4	1.000	3	3	95.77	2.82	likely_legit
TARA_SAMEA2621528_MAG_00000023	Roseovarius mucosus	Roseovarius	TOPC	Seawater	True	3	4	0.750	0.500	537	2	4	0.500	2	3	75.72	1.15	uncertain
TARA_SAMEA2621564_MAG_00000010	Hyphomonas sp036964145	Hyphomonas	TOPC	Seawater	True	4	4	1.000	0.750	610	4	4	1.000	1	1	95.35	0.32	likely_legit
TARA_SAMEA2621839_MAG_00000202	Marinobacter flavimaris	Marinobacter	TOPC	Seawater	True	3	4	0.750	0.500	601	4	4	1.000	1	1	80.52	0.0	likely_legit
TARA_SAMEA2621920_MAG_00000067	UBA1479 sp913030825	UBA1479	TOPC	Seawater	True	4	4	1.000	0.250	499	4	4	1.000	4	4	81.93	1.27	likely_legit
TARA_SAMEA2621920_MAG_00000092	Roseovarius sp002720475	Roseovarius	TOPC	Seawater	True	4	4	0.250	0.750	601	4	4	1.000	4	4	73.39	2.16	likely_artifact
TARA_SAMEA2622084_MAG_00000006	Unknown Parvibaculaceae	Unknown Parvibaculaceae	TOPC	Seawater	True	4	4	0.750	1.000	609	4	4	1.000	4	4	91.34	1.25	likely_legit
TARA_SAMEA2622158_MAG_00000006	Marinobacter flavimaris	Marinobacter	TOPC	Seawater	True	3	4	0.750	0.500	601	4	4	1.000	0	0	95.5	0.86	likely_legit
TARA_SAMEA2622276_MAG_00000005	Hyphomonas adhaerens	Hyphomonas	TOPC	Seawater	True	4	4	1.000	1.000	600	4	4	1.000	0	0	97.89	1.38	likely_legit
TARA_SAMEA2622325_MAG_00000040	Stappia sp002722295	Stappia	TOPC	Seawater	True	4	4	0.750	1.000	636	4	4	1.000	3	3	100.0	0.0	likely_legit
TARA_SAMEA2622325_MAG_00000075	GCA-2683405 sp002683405	GCA-2683405	TOPC	Seawater	True	4	4	1.000	0.750	586	4	4	1.000	4	4	98.59	0.0	likely_legit
TARA_SAMEA2622391_MAG_00000005	Stappia sp002722295	Stappia	TOPC	Seawater	True	4	4	0.750	0.750	630	4	4	1.000	1	1	100.0	0.0	likely_legit
TARA_SAMEA2622417_MAG_00000018	Hyphomonas adhaerens	Hyphomonas	TOPC	Seawater	True	3	4	0.750	0.750	600	4	4	1.000	1	1	69.88	2.27	likely_legit
TARA_SAMEA2622517_MAG_00000028	Roseovarius mucosus	Roseovarius	TOPC	Seawater	True	4	4	0.250	0.000	340	2	4	0.500	2	4	52.11	0.0	likely_artifact
TARA_SAMEA2622517_MAG_00000029	Marinobacter flavimaris	Marinobacter	TOPC	Seawater	True	3	4	0.250	0.000	453	4	4	1.000	2	3	51.72	0.0	likely_artifact
TARA_SAMEA2622614_MAG_00000055	Unknown JAVJON01	JAVJON01	TOPC	Seawater	True	4	4	1.000	0.500	652	4	4	1.000	4	4	77.82	1.59	likely_legit
TARA_SAMEA2622624_MAG_00000081	Unknown JAVJON01	JAVJON01	TOPC	Seawater	True	4	4	1.000	0.500	652	4	4	1.000	0	0	91.9	1.87	likely_legit
TARA_SAMEA2622628_MAG_00000083	Unknown JAVJON01	JAVJON01	TOPC	Seawater	True	4	4	1.000	0.500	652	4	4	1.000	1	1	87.33	1.37	likely_legit
TARA_SAMEA2622632_MAG_00000089	Unknown JAVJON01	JAVJON01	TOPC	Seawater	True	4	4	1.000	0.500	652	4	4	1.000	0	0	86.39	0.92	likely_legit
TARA_SAMEA2622744_MAG_00000026	Onishia taeanensis	Onishia	TOPC	Seawater	True	4	4	0.750	1.000	610	4	4	1.000	4	4	99.19	1.27	likely_legit
TARA_SAMEA2622765_MAG_00000016	Roseovarius sp002720475	Roseovarius	TOPC	Seawater	True	4	4	0.500	1.000	804	4	4	1.000	0	0	99.17	0.44	uncertain
TARA_SAMEA2622769_MAG_00000059	Stappia sp002722295	Stappia	TOPC	Seawater	True	3	4	0.750	0.750	598	4	4	1.000	1	1	74.65	0.0	likely_legit
TARA_SAMEA2622770_MAG_00000074	Roseovarius sp002720475	Roseovarius	TOPC	Seawater	True	3	4	0.500	1.000	804	4	4	1.000	0	0	85.42	2.61	uncertain
TARA_SAMEA2622770_MAG_00000076	Stappia sp002722295	Stappia	TOPC	Seawater	True	3	4	0.750	1.000	636	4	4	1.000	0	0	97.18	0.0	likely_legit
TARA_SAMEA2622893_MAG_00000020	Hyphomonas adhaerens	Hyphomonas	TOPC	Seawater	True	3	4	1.000	1.000	600	4	4	1.000	0	0	100.0	1.4	likely_legit
TARA_SAMEA2622901_MAG_00000053	Parvibaculum sp002480495	Parvibaculum	TOPC	Seawater	True	4	4	0.750	1.000	608	4	4	1.000	0	0	95.51	2.19	likely_legit
TARA_SAMEA2623155_MAG_00000085	Reyranella sp945957355	Reyranella	TOPC	Seawater	True	4	4	0.750	0.500	598	4	4	1.000	4	4	78.87	8.45	likely_legit
TARA_SAMEA2623266_MAG_00000006	GCA-2700365 sp002700365	GCA-2700365	TOPC	Seawater	True	4	4	1.000	0.500	605	4	4	1.000	1	1	90.23	0.8	likely_legit
TARA_SAMEA2623321_MAG_00000102	Marinobacter salsuginis	Marinobacter	TOPC	Seawater	True	4	4	0.500	0.500	601	4	4	1.000	2	3	51.72	0.0	uncertain
TARA_SAMEA2623357_MAG_00000017	Luteithermobacter gelatinilyticus	Luteithermobacter	TOPC	Seawater	True	4	4	1.000	0.500	599	4	4	1.000	4	4	78.74	2.17	likely_legit
TARA_SAMEA2623357_MAG_00000036	GCA-2700365 sp002700365	GCA-2700365	TOPC	Seawater	True	4	4	1.000	0.250	476	4	4	1.000	2	2	77.07	1.74	likely_legit
TARA_SAMEA2623377_MAG_00000036	GCA-2700365 sp002700365	GCA-2700365	TOPC	Seawater	True	4	4	1.000	0.500	605	4	4	1.000	0	0	100.0	0.0	likely_legit
TARA_SAMEA2623397_MAG_00000061	Marinobacter flavimaris	Marinobacter	TOPC	Seawater	True	3	4	0.750	0.500	601	4	4	1.000	1	1	81.21	0.05	likely_legit
TARA_SAMEA2623446_MAG_00000174	Luteithermobacter gelatinilyticus	Luteithermobacter	TOPC	Seawater	True	4	4	1.000	0.500	599	4	4	1.000	0	0	100.0	0.0	likely_legit
TARA_SAMEA2623459_MAG_00000066	Luteithermobacter gelatinilyticus	Luteithermobacter	TOPC	Seawater	True	4	4	1.000	0.500	599	4	4	1.000	0	0	100.0	0.0	likely_legit
TARA_SAMEA2623463_MAG_00000116	Parvibaculum sp002480495	Parvibaculum	TOPC	Seawater	True	3	4	0.750	1.000	608	4	4	1.000	1	1	98.59	0.0	likely_legit
TARA_SAMEA2623477_MAG_00000030	Luteithermobacter gelatinilyticus	Luteithermobacter	TOPC	Seawater	True	4	4	1.000	0.500	599	4	4	1.000	0	0	99.5	0.96	likely_legit
TARA_SAMEA2623479_MAG_00000009	Xanthobacter autotrophicus	Xanthobacter	TOPC	Seawater	True	4	4	0.500	1.000	660	4	4	1.000	4	4	97.8	2.06	uncertain
TARA_SAMEA2623601_MAG_00000010	GCA-2700365 sp002700365	GCA-2700365	TOPC	Seawater	True	4	4	1.000	0.500	605	4	4	1.000	0	0	100.0	0.0	likely_legit
TARA_SAMEA2623673_MAG_00000038	GCA-2700365 sp002700365	GCA-2700365	TOPC	Seawater	True	3	4	1.000	0.500	605	4	4	1.000	0	0	97.33	0.0	likely_legit
TARA_SAMEA2623741_MAG_00000086	Unknown Oricola	Oricola	TOPC	Seawater	True	4	4	0.750	0.750	596	4	4	1.000	1	1	97.41	1.21	likely_legit
TARA_SAMEA2730749_MAG_00000057	Unknown Hirschia	Hirschia	TOPC	Seawater	True	4	4	0.750	0.750	606	4	4	1.000	4	4	100.0	1.41	likely_legit
TARA_SAMEA4396489_MAG_00000092	Hyphomonas sp002414505	Hyphomonas	TOPC	Seawater	True	4	4	1.000	0.750	610	4	4	1.000	0	0	100.0	0.0	likely_legit
TARA_SAMEA4396515_MAG_00000046	Hyphomonas sp002414505	Hyphomonas	TOPC	Seawater	True	4	4	1.000	0.750	610	4	4	1.000	0	0	95.77	0.0	likely_legit
TARA_SAMEA4396941_MAG_00000048	Porticoccus sp963974675	Porticoccus	TOPC	Seawater	True	4	4	1.000	1.000	604	4	4	1.000	4	4	98.53	0.86	likely_legit
TARA_SAMEA4396988_MAG_00000101	UBA4479 sp963974935	UBA4479	TOPC	Seawater	True	4	4	0.750	0.750	603	4	4	1.000	4	4	98.01	1.0	likely_legit
TARA_SAMEA4396988_MAG_00000106	Sulfitobacter sp013139555	Sulfitobacter	TOPC	Seawater	True	4	4	1.000	0.500	602	4	4	1.000	3	4	97.87	7.5	likely_legit
TARA_SAMEA4397023_MAG_00000020	Halopseudomonas pelagia	Halopseudomonas	TOPC	Seawater	True	4	4	0.750	1.000	579	4	4	1.000	2	3	96.43	0.92	likely_legit
TARA_SAMEA4397023_MAG_00000028	Hyphomonas sp002414505	Hyphomonas	TOPC	Seawater	True	3	4	1.000	0.750	610	4	4	1.000	3	3	91.7	1.24	likely_legit
TARA_SAMEA4397023_MAG_00000063	Vreelandella glaciei	Vreelandella	TOPC	Seawater	True	4	4	1.000	1.000	764	4	4	1.000	0	0	93.45	2.9	likely_legit
TARA_SAMEA4397023_MAG_00000107	UBA4479 sp963974935	UBA4479	TOPC	Seawater	True	4	4	0.750	0.250	441	4	4	1.000	3	3	77.79	1.82	likely_legit
TARA_SAMEA4397118_MAG_00000022	Unknown Sulfitobacter	Sulfitobacter	TOPC	Seawater	True	4	4	0.750	1.000	606	4	4	1.000	4	4	96.37	0.7	likely_legit
TARA_SAMEA4397118_MAG_00000032	Marinobacter sp002707215	Marinobacter	TOPC	Seawater	True	4	4	0.500	0.750	601	4	4	1.000	2	2	84.48	0.0	uncertain
TARA_SAMEA4397118_MAG_00000038	GCA-2746425 sp963974065	GCA-2746425	TOPC	Seawater	True	4	4	0.250	0.500	608	3	4	0.750	2	3	98.59	0.0	likely_artifact
TARA_SAMEA4397118_MAG_00000039	CAXBMB01 sp963976695	CAXBMB01	TOPC	Seawater	True	4	4	1.000	0.750	618	4	4	1.000	4	4	100.0	0.0	likely_legit
TARA_SAMEA4397118_MAG_00000059	UBA4479 sp963974935	UBA4479	TOPC	Seawater	True	4	4	0.750	0.750	603	4	4	1.000	1	1	88.18	0.5	likely_legit
TARA_SAMEA4397174_MAG_00000022	Unknown Hyphomonas	Hyphomonas	TOPC	Seawater	True	4	4	1.000	1.000	610	4	4	1.000	1	1	98.59	0.0	likely_legit
TARA_SAMEA4397174_MAG_00000038	JACKII01 sp963974445	JACKII01	TOPC	Seawater	True	4	4	0.500	1.000	598	4	4	1.000	3	4	94.36	1.79	uncertain
TARA_SAMEA4397174_MAG_00000052	Unknown Sulfitobacter	Sulfitobacter	TOPC	Seawater	True	4	4	0.750	1.000	606	4	4	1.000	3	3	93.45	0.97	likely_legit
TARA_SAMEA4397174_MAG_00000096	CAXBJY01 sp963976285	CAXBJY01	TOPC	Seawater	True	4	4	0.750	0.500	586	4	4	1.000	4	4	88.73	4.23	likely_legit
TARA_SAMEA4397174_MAG_00000108	Sulfitobacter sp963976125	Sulfitobacter	TOPC	Seawater	True	4	4	1.000	0.750	602	4	4	1.000	4	4	50.49	0.0	likely_legit
TARA_SAMEA4397174_MAG_00000111	CAXBMB01 sp963976695	CAXBMB01	TOPC	Seawater	True	4	4	1.000	0.750	519	4	4	1.000	3	3	79.15	0.52	likely_legit
TARA_SAMEA4397215_MAG_00000024	UBA4479 sp963974935	UBA4479	TOPC	Seawater	True	4	4	0.750	0.750	603	4	4	1.000	3	3	96.52	1.0	likely_legit
TARA_SAMEA4397215_MAG_00000033	Marinobacter sp002707215	Marinobacter	TOPC	Seawater	True	3	4	0.500	0.750	601	4	4	1.000	0	0	84.48	0.0	uncertain
TARA_SAMEA4397215_MAG_00000150	Unknown Sulfitobacter	Sulfitobacter	TOPC	Seawater	True	4	4	0.750	1.000	606	4	4	1.000	3	3	96.3	0.64	likely_legit
TARA_SAMEA4397255_MAG_00000003	Unknown Pseudorhodobacter	Pseudorhodobacter	TOPC	Seawater	True	4	4	0.750	0.500	598	3	4	0.750	1	2	78.35	0.86	likely_legit
TARA_SAMEA4397255_MAG_00000030	Motiliproteus sp963974645	Motiliproteus	TOPC	Seawater	True	4	4	1.000	0.750	575	4	4	1.000	4	4	100.0	0.0	likely_legit
TARA_SAMEA4397295_MAG_00000028	Marinobacter sp002707215	Marinobacter	TOPC	Seawater	True	3	4	0.500	0.750	601	4	4	1.000	0	0	83.79	0.0	uncertain
TARA_SAMEA4397295_MAG_00000114	Porticoccus sp963974675	Porticoccus	TOPC	Seawater	True	4	4	1.000	1.000	604	4	4	1.000	0	0	90.14	0.0	likely_legit
TARA_SAMEA4397295_MAG_00000119	JACKII01 sp963974445	JACKII01	TOPC	Seawater	True	4	4	0.750	1.000	598	4	4	1.000	0	0	93.12	1.24	likely_legit
TARA_SAMEA4397330_MAG_00000004	Porticoccus sp963974675	Porticoccus	TOPC	Seawater	True	4	4	1.000	1.000	604	4	4	1.000	0	0	100.0	0.0	likely_legit
TARA_SAMEA4397330_MAG_00000032	Panacagrimonas sp963975245	Panacagrimonas	TOPC	Seawater	True	4	4	0.000	0.000	237	2	4	0.500	2	4	80.34	1.68	likely_artifact
TARA_SAMEA4397330_MAG_00000060	Unknown Sulfitobacter	Sulfitobacter	TOPC	Seawater	True	4	4	0.750	1.000	606	4	4	1.000	0	0	98.4	0.64	likely_legit
TARA_SAMEA4397330_MAG_00000062	Sulfitobacter sp011050655	Sulfitobacter	TOPC	Seawater	True	3	4	0.750	0.250	484	3	4	0.750	1	1	66.2	8.45	likely_legit
TARA_SAMEA4397330_MAG_00000067	JACKII01 sp963974445	JACKII01	TOPC	Seawater	True	4	4	0.750	0.750	596	4	4	1.000	2	2	92.45	0.75	likely_legit
TARA_SAMEA4397330_MAG_00000116	Unknown JAJFHR01	JAJFHR01	TOPC	Seawater	True	4	4	0.500	0.750	604	4	4	1.000	4	4	87.95	1.1	uncertain
TARA_SAMEA4397363_MAG_00000010	Hyphomonas sp963973995	Hyphomonas	TOPC	Seawater	True	4	4	0.500	0.500	610	3	4	0.750	2	3	78.85	1.3	uncertain
TARA_SAMEA4397363_MAG_00000029	Porticoccus sp963974675	Porticoccus	TOPC	Seawater	True	4	4	1.000	1.000	604	4	4	1.000	2	2	99.48	1.23	likely_legit
TARA_SAMEA4397363_MAG_00000096	CAXBJY01 sp963976285	CAXBJY01	TOPC	Seawater	True	4	4	0.750	0.750	592	4	4	1.000	0	0	87.32	7.04	likely_legit
TARA_SAMEA4397409_MAG_00000014	Unknown Sulfitobacter	Sulfitobacter	TOPC	Seawater	True	4	4	0.750	1.000	606	4	4	1.000	4	4	96.63	2.14	likely_legit
TARA_SAMEA4397409_MAG_00000021	Porticoccus sp963974675	Porticoccus	TOPC	Seawater	True	3	4	1.000	1.000	604	4	4	1.000	2	2	92.59	5.47	likely_legit
TARA_SAMEA4397409_MAG_00000032	Motiliproteus sp963974645	Motiliproteus	TOPC	Seawater	True	4	4	1.000	0.750	575	4	4	1.000	4	4	87.32	2.82	likely_legit
TARA_SAMEA4397445_MAG_00000061	Hyphomonas sp002414505	Hyphomonas	TOPC	Seawater	True	3	4	1.000	0.750	610	4	4	1.000	0	0	97.18	0.0	likely_legit
TARA_SAMEA4397489_MAG_00000101	Marinobacter sp018066865	Marinobacter	TOPC	Seawater	True	3	4	0.500	0.750	600	4	4	1.000	3	3	94.56	0.37	uncertain
TARA_SAMEA4397489_MAG_00000139	Hyphomonas sp002414505	Hyphomonas	TOPC	Seawater	True	3	4	1.000	0.750	610	4	4	1.000	0	0	100.0	0.0	likely_legit
TARA_SAMEA4397489_MAG_00000164	UBA1479 sp963976055	UBA1479	TOPC	Seawater	True	4	4	1.000	0.500	604	4	4	1.000	4	4	60.14	1.72	likely_legit
TARA_SAMEA4397489_MAG_00000178	CAXBJY01 sp963976285	CAXBJY01	TOPC	Seawater	True	4	4	0.750	0.500	575	4	4	1.000	2	2	73.78	4.04	likely_legit
TARA_SAMEA4397536_MAG_00000039	Sulfitobacter sp013139555	Sulfitobacter	TOPC	Seawater	True	4	4	1.000	0.500	602	4	4	1.000	1	1	98.4	0.48	likely_legit
TARA_SAMEA4397586_MAG_00000026	Hyphomonas sp002414505	Hyphomonas	TOPC	Seawater	True	3	4	1.000	0.750	610	4	4	1.000	0	0	90.8	0.32	likely_legit
TARA_SAMEA4397586_MAG_00000055	Unknown Parvibaculum	Parvibaculum	TOPC	Seawater	True	4	4	0.500	0.250	468	4	4	1.000	3	4	83.73	1.3	uncertain
TARA_SAMEA4397627_MAG_00000063	Sulfitobacter sp011050655	Sulfitobacter	TOPC	Seawater	True	3	4	0.750	0.250	484	3	4	0.750	0	0	88.42	5.28	likely_legit
TARA_SAMEA4397666_MAG_00000034	Marinobacter sp002707215	Marinobacter	TOPC	Seawater	True	3	4	0.250	0.500	597	4	4	1.000	3	3	93.36	0.66	likely_artifact
TARA_SAMEA4397722_MAG_00000015	Sulfitobacter sp011050655	Sulfitobacter	TOPC	Seawater	True	3	4	0.500	0.500	581	4	4	1.000	2	2	76.71	1.6	uncertain
TARA_SAMEA4397747_MAG_00000066	UBA1479 sp963976055	UBA1479	TOPC	Seawater	True	4	4	1.000	0.500	604	4	4	1.000	0	0	69.83	0.0	likely_legit
TARA_SAMEA4397747_MAG_00000086	Unknown Parvibaculum	Parvibaculum	TOPC	Seawater	True	4	4	0.750	0.750	581	4	4	1.000	2	2	73.02	0.87	likely_legit
TARA_SAMEA4397772_MAG_00000025	Marinobacter sp018066865	Marinobacter	TOPC	Seawater	True	3	4	0.500	0.750	600	4	4	1.000	2	2	82.76	0.0	uncertain
TARA_SAMEA4397815_MAG_00000035	Hyphomonas sp002414505	Hyphomonas	TOPC	Seawater	True	3	4	1.000	0.750	610	4	4	1.000	0	0	81.38	0.0	likely_legit
TARA_SAMEA4397920_MAG_00000030	Unknown Pseudorhodobacter	Pseudorhodobacter	TOPC	Seawater	True	4	4	0.750	0.500	572	3	4	0.750	3	4	83.75	0.88	likely_legit
TARA_SAMEA4397920_MAG_00000065	CAXBJY01 sp963976285	CAXBJY01	TOPC	Seawater	True	4	4	0.250	0.000	286	4	4	1.000	4	4	57.3	1.97	likely_artifact
TARA_SAMEA4398027_MAG_00000072	Hoeflea_A sp029212415	Hoeflea_A	TOPC	Seawater	True	4	4	0.500	0.500	608	4	4	1.000	2	3	97.03	0.58	uncertain
TARA_SAMEA4398238_MAG_00000050	Vreelandella glaciei	Vreelandella	TOPC	Seawater	True	4	4	1.000	1.000	764	4	4	1.000	0	0	98.59	0.0	likely_legit
TARA_SAMEA4398238_MAG_00000055	Parazoarcus communis_A	Parazoarcus	TOPC	Seawater	True	4	4	1.000	1.000	595	4	4	1.000	4	4	91.93	1.69	likely_legit
TARA_SAMEA4398266_MAG_00000039	Sulfitobacter sp011050655	Sulfitobacter	TOPC	Seawater	True	3	4	0.500	0.250	484	4	4	1.000	2	3	94.39	1.22	uncertain
TARA_SAMEA4398315_MAG_00000030	Hyphomonas sp963973995	Hyphomonas	TOPC	Seawater	True	3	4	0.750	0.750	610	3	4	0.750	3	3	56.38	0.86	likely_legit
TARA_SAMEA4398360_MAG_00000032	Halopseudomonas pelagia	Halopseudomonas	TOPC	Seawater	True	4	4	0.750	1.000	579	4	4	1.000	0	0	95.38	7.45	likely_legit
TARA_SAMEA4398360_MAG_00000135	CAISIP01 sp963974265	CAISIP01	TOPC	Seawater	True	4	4	0.250	0.250	474	4	4	1.000	3	4	100.0	1.41	likely_artifact
TARA_SAMEA4398387_MAG_00000074	Marinobacter flavimaris	Marinobacter	TOPC	Seawater	True	3	4	0.750	0.500	511	4	4	1.000	3	3	91.74	0.8	likely_legit
TARA_SAMEA4398387_MAG_00000086	GCA-2746425 sp963974065	GCA-2746425	TOPC	Seawater	True	3	4	0.500	0.500	595	3	4	0.750	2	3	100.0	0.0	uncertain
TARA_SAMEA4398432_MAG_00000074	Parazoarcus communis_A	Parazoarcus	TOPC	Seawater	True	4	4	1.000	1.000	600	4	4	1.000	1	1	100.0	1.97	likely_legit
TARA_SAMEA4398432_MAG_00000081	Vreelandella glaciei	Vreelandella	TOPC	Seawater	True	4	4	1.000	1.000	766	4	4	1.000	4	4	70.17	0.0	likely_legit
TARA_SAMEA6001594_MAG_00000099	UBA868 sp002477475	UBA868	TPAC	Seawater	True	4	4	0.000	0.000	186	3	4	0.750	2	3	78.04	3.05	likely_artifact
TARA_SAMEA6003377_MAG_00000014	Unknown JAKSDN01	Unknown JAKSDN01	TPAC	Hydrozoa tissue	True	4	4	0.750	0.500	599	4	4	1.000	4	4	98.59	4.23	likely_legit
TARA_SAMEA6003996_MAG_00000175	UBA1479 sp913030825	UBA1479	TPAC	Seawater	True	4	4	0.500	0.250	480	4	4	1.000	1	2	95.54	1.74	uncertain
TARA_SAMEA6004291_MAG_00000030	Unknown JAKSDN01	Unknown JAKSDN01	TPAC	Hydrozoa tissue	True	4	4	1.000	0.750	600	4	4	1.000	2	2	97.18	4.23	likely_legit
TARA_SAMEA6004291_MAG_00000037	Unknown JANQMX01	JANQMX01	TPAC	Hydrozoa tissue	True	4	4	0.750	0.750	613	4	4	1.000	4	4	99.35	1.74	likely_legit
TARA_SAMEA6004500_MAG_00000031	Pseudooceanicola_C lipolyticus	Pseudooceanicola_C	TPAC	Seawater	True	4	4	0.250	0.500	588	3	4	0.750	2	3	85.37	1.28	likely_artifact
TARA_SAMEA6004635_MAG_00000323	Hyphococcus sp002704915	Hyphococcus	TPAC	Seawater	True	4	4	1.000	1.000	627	4	4	1.000	0	0	97.5	1.7	likely_legit
TARA_SAMEA6004930_MAG_00000038	Unknown JAKSDN01	Unknown JAKSDN01	TPAC	Hydrozoa tissue	True	4	4	1.000	0.750	600	4	4	1.000	4	4	96.52	3.04	likely_legit
TARA_SAMEA6004930_MAG_00000046	Unknown Kordiimonadaceae	Unknown Kordiimonadaceae	TPAC	Hydrozoa tissue	True	4	4	1.000	0.500	605	4	4	1.000	4	4	90.62	1.84	likely_legit
TARA_SAMEA6005143_MAG_00000180	Hyphococcus sp002704915	Hyphococcus	TPAC	Seawater	True	4	4	1.000	1.000	627	4	4	1.000	2	2	84.51	2.82	likely_legit
TARA_SAMEA6006193_MAG_00000068	Pseudophaeobacter sp000152965	Pseudophaeobacter	TPAC	Seawater	True	4	4	0.250	0.250	434	4	4	1.000	2	3	79.8	1.24	likely_artifact
TARA_SAMEA6006566_MAG_00000017	Unknown Algihabitans	Algihabitans	TPAC	Hydrozoa tissue	True	4	4	1.000	0.250	424	4	4	1.000	4	4	98.59	0.0	likely_legit
TARA_SAMEA6006732_MAG_00000028	Marinobacter sp002707215	Marinobacter	TPAC	Seawater	True	4	4	0.500	0.750	601	4	4	1.000	2	2	85.94	0.11	uncertain
TARA_SAMEA6006976_MAG_00000022	Unknown JANQMX01	JANQMX01	TPAC	Hydrozoa tissue	True	4	4	0.750	0.750	612	4	4	1.000	4	4	96.3	1.74	likely_legit
TARA_SAMEA6008964_MAG_00000188	Marinobacter sp002707215	Marinobacter	TPAC	Seawater	True	4	4	0.500	0.250	402	4	4	1.000	3	3	81.43	1.08	uncertain
TARA_SAMEA6009112_MAG_00000114	Unknown JAKAXS01	JAKAXS01	TPAC	Seawater	True	3	4	0.750	0.750	596	4	4	1.000	2	2	100.0	0.0	likely_legit
TARA_SAMEA6011564_MAG_00000016	Unknown Algihabitans	Algihabitans	TPAC	Hydrozoa tissue	True	4	4	1.000	0.500	611	4	4	1.000	4	4	82.23	3.58	likely_legit
TARA_SAMEA6012067_MAG_00000044	Marinobacter sp002707215	Marinobacter	TPAC	Seawater	True	3	4	0.500	0.750	601	4	4	1.000	1	1	94.89	2.0	uncertain
TARA_SAMEA6012531_MAG_00000049	Marinobacter sp002707215	Marinobacter	TPAC	Seawater	True	3	4	0.500	0.500	587	4	4	1.000	2	2	93.79	1.8	uncertain
TARA_SAMEA6012550_MAG_00000037	Marinobacter sp002707215	Marinobacter	TPAC	Seawater	True	3	4	0.250	0.500	587	4	4	1.000	2	2	89.56	0.36	likely_artifact
TARA_SAMEA6015403_MAG_00000010	Unknown JANQMX01	JANQMX01	TPAC	Hydrozoa tissue	True	4	4	0.750	0.500	609	4	4	1.000	4	4	73.81	1.96	likely_legit
TARA_SAMEA6015556_MAG_00000080	Marinobacter sp002707215	Marinobacter	TPAC	Seawater	True	3	4	0.500	0.500	587	4	4	1.000	2	2	91.63	0.09	uncertain
TARA_SAMEA6017611_MAG_00000002	Algihabitans sp028285215	Algihabitans	TPAC	Hydrozoa tissue	True	4	4	1.000	0.500	611	4	4	1.000	3	3	94.57	2.77	likely_legit
TARA_SAMEA6017928_MAG_00000014	Algihabitans sp028285215	Algihabitans	TPAC	Hydrozoa tissue	True	4	4	1.000	0.500	611	4	4	1.000	4	4	95.77	1.41	likely_legit
TARA_SAMEA6017928_MAG_00000015	Unknown Hyphococcus	Hyphococcus	TPAC	Hydrozoa tissue	True	4	4	1.000	0.750	627	4	4	1.000	4	4	94.9	0.41	likely_legit
TARA_SAMEA6017928_MAG_00000022	JANQMX01 sp028279885	JANQMX01	TPAC	Hydrozoa tissue	True	4	4	0.000	0.250	264	4	4	1.000	4	4	92.72	7.47	likely_artifact
TARA_SAMEA6017928_MAG_00000052	Unknown JBCBSP01	JBCBSP01	TPAC	Hydrozoa tissue	True	4	4	1.000	0.750	628	4	4	1.000	4	4	92.39	4.29	likely_legit
TARA_SAMEA6017985_MAG_00000014	Unknown JBCDCP01	JBCDCP01	TPAC	Hydrozoa tissue	True	4	4	0.500	0.500	592	3	4	0.750	3	4	94.37	0.0	uncertain
TARA_SAMEA6018052_MAG_00000154	Hyphomonas sp000682775	Hyphomonas	TPAC	Seawater	True	3	4	1.000	0.750	607	4	4	1.000	2	2	84.13	1.76	likely_legit
TARA_SAMEA6020395_MAG_00000011	JANQMX01 sp028279885	JANQMX01	TPAC	Coral tissue	True	4	4	0.500	0.250	424	4	4	1.000	4	4	96.57	2.99	uncertain
TARA_SAMEA6022156_MAG_00000032	Unknown Denitrobaculum	Denitrobaculum	TPAC	Hydrozoa tissue	True	4	4	1.000	0.750	604	4	4	1.000	3	4	97.18	0.0	likely_legit
TARA_SAMEA6022543_MAG_00000036	Unknown Hyphococcus	Hyphococcus	TPAC	Hydrozoa tissue	True	4	4	1.000	0.500	531	4	4	1.000	4	4	70.42	0.0	likely_legit
TARA_SAMEA6023419_MAG_00000028	Unknown Inquilinaceae	Unknown Inquilinaceae	TPAC	Hydrozoa tissue	True	4	4	0.750	0.500	602	4	4	1.000	4	4	79.29	4.53	likely_legit
TARA_SAMEA6024824_MAG_00000009	Hyphomonas sp000682775	Hyphomonas	TPAC	Seawater	True	3	4	1.000	0.500	607	4	4	1.000	3	3	69.38	0.76	likely_legit
TARA_SAMEA6027401_MAG_00000025	Unknown JAKSDN01	Unknown JAKSDN01	TPAC	Hydrozoa tissue	True	4	4	1.000	0.750	584	4	4	1.000	4	4	90.05	3.7	likely_legit
TARA_SAMEA6030492_MAG_00000016	Unknown Algihabitans	Algihabitans	TPAC	Hydrozoa tissue	True	4	4	0.750	0.250	424	4	4	1.000	3	3	91.55	0.0	likely_legit
TARA_SAMEA6031051_MAG_00000017	Algihabitans sp028285215	Algihabitans	TPAC	Hydrozoa tissue	True	4	4	1.000	0.500	594	4	4	1.000	3	3	93.41	3.06	likely_legit
TARA_SAMEA6031743_MAG_00000019	Algihabitans sp028285215	Algihabitans	TPAC	Hydrozoa tissue	True	4	4	1.000	0.500	611	4	4	1.000	4	4	100.0	0.0	likely_legit
TARA_SAMEA6033090_MAG_00000006	Algihabitans sp028285215	Algihabitans	TPAC	Hydrozoa tissue	True	4	4	1.000	0.500	611	4	4	1.000	2	2	100.0	0.0	likely_legit
TARA_SAMEA6033126_MAG_00000013	Unknown JBCBSP01	JBCBSP01	TPAC	Hydrozoa tissue	True	4	4	1.000	0.750	628	4	4	1.000	4	4	90.75	1.16	likely_legit
TARA_SAMEA6033188_MAG_00000091	Marinobacter sp002718255	Marinobacter	TPAC	Seawater	True	3	4	0.500	0.250	455	4	4	1.000	1	1	68.84	0.85	uncertain
TARA_SAMEA6033188_MAG_00000247	Unknown Pseudooceanicola_C	Pseudooceanicola_C	TPAC	Seawater	True	4	4	0.500	0.500	569	4	4	1.000	4	4	79.99	4.0	uncertain
TARA_SAMEA6034818_MAG_00000029	Unknown JANQMX01	JANQMX01	TPAC	Hydrozoa tissue	True	4	4	0.750	0.750	612	4	4	1.000	2	3	95.77	2.82	likely_legit
TARA_SAMEA6034818_MAG_00000042	Unknown JAKSDN01	Unknown JAKSDN01	TPAC	Hydrozoa tissue	True	4	4	1.000	0.750	600	4	4	1.000	4	4	99.35	2.17	likely_legit
TARA_SAMEA6034873_MAG_00000002	Unknown JANQMX01	JANQMX01	TPAC	Hydrozoa tissue	True	4	4	0.750	0.750	609	4	4	1.000	4	4	98.66	5.04	likely_legit
TARA_SAMEA6035044_MAG_00000006	Hyphomonas sp017792385	Hyphomonas	TPAC	Seawater	True	4	4	1.000	0.750	610	4	4	1.000	3	4	96.58	0.76	likely_legit
TARA_SAMEA6035044_MAG_00000051	Unknown Allosediminivita	Allosediminivita	TPAC	Seawater	True	4	4	0.750	0.500	594	4	4	1.000	1	1	92.48	2.56	likely_legit
TARA_SAMEA6035087_MAG_00000088	Unknown Pseudooceanicola_C	Pseudooceanicola_C	TPAC	Seawater	True	4	4	0.250	0.250	296	3	4	0.750	3	3	50.85	2.06	likely_artifact
TARA_SAMEA6035309_MAG_00000024	Unknown JANQMX01	JANQMX01	TPAC	Hydrozoa tissue	True	4	4	0.750	0.750	612	4	4	1.000	4	4	92.96	1.41	likely_legit
TARA_SAMEA6035309_MAG_00000030	Unknown Kordiimonadaceae	Unknown Kordiimonadaceae	TPAC	Hydrozoa tissue	True	4	4	1.000	0.500	605	4	4	1.000	4	4	97.18	1.41	likely_legit
TARA_SAMEA6035341_MAG_00000009	Unknown JAKSDN01	Unknown JAKSDN01	TPAC	Hydrozoa tissue	True	4	4	1.000	0.750	600	4	4	1.000	2	2	98.59	2.82	likely_legit
TARA_SAMEA6035544_MAG_00000155	Shimia marinus	Shimia	TPAC	Seawater	True	4	4	0.750	0.500	597	4	4	1.000	2	2	87.12	1.26	likely_legit
TARA_SAMEA6035634_MAG_00000013	JAKSBE01 sp022361275	JAKSBE01	TPAC	Coral tissue	True	4	4	1.000	0.500	600	4	4	1.000	3	3	95.77	5.63	likely_legit
TARA_SAMEA6035844_MAG_00000002	Unknown Denitrobaculum	Denitrobaculum	TPAC	Hydrozoa tissue	True	4	4	1.000	0.750	604	4	4	1.000	2	4	91.55	0.0	likely_legit
TARA_SAMEA6035844_MAG_00000015	Unknown Algihabitans	Algihabitans	TPAC	Hydrozoa tissue	True	4	4	1.000	0.500	611	4	4	1.000	4	4	100.0	0.0	likely_legit
TARA_SAMEA6036341_MAG_00000022	Unknown JANQMX01	JANQMX01	TPAC	Hydrozoa tissue	True	4	4	0.750	0.750	612	4	4	1.000	4	4	90.12	3.04	likely_legit
TARA_SAMEA6036876_MAG_00000005	Algihabitans sp028285215	Algihabitans	TPAC	Hydrozoa tissue	True	4	4	1.000	0.500	611	4	4	1.000	3	3	98.59	2.82	likely_legit
TARA_SAMEA6036885_MAG_00000015	Unknown Inquilinaceae	Unknown Inquilinaceae	TPAC	Hydrozoa tissue	True	4	4	0.750	0.750	602	4	4	1.000	4	4	66.96	0.87	likely_legit
TARA_SAMEA6036885_MAG_00000023	Algihabitans sp028285215	Algihabitans	TPAC	Hydrozoa tissue	True	3	4	0.750	0.250	429	4	4	1.000	1	1	87.95	2.03	likely_legit
TARA_SAMEA6037098_MAG_00000052	Marinobacter salsuginis	Marinobacter	TPAC	Seawater	True	4	4	0.750	0.500	601	4	4	1.000	3	4	98.9	0.11	likely_legit
TARA_SAMEA6037123_MAG_00000171	Marinobacter salsuginis	Marinobacter	TPAC	Seawater	True	4	4	0.750	0.500	601	4	4	1.000	0	0	95.8	0.11	likely_legit
TARA_SAMEA6037727_MAG_00000011	Algihabitans sp028285215	Algihabitans	TPAC	Hydrozoa tissue	True	3	4	1.000	0.250	443	4	4	1.000	1	1	85.92	0.0	likely_legit
TARA_SAMEA6037920_MAG_00000020	Hyphomonas sp017792385	Hyphomonas	TPAC	Seawater	True	4	4	0.500	0.250	434	4	4	1.000	3	3	72.35	2.45	uncertain
TARA_SAMEA6037944_MAG_00000160	Hyphomonas sp017792385	Hyphomonas	TPAC	Seawater	True	4	4	1.000	0.750	610	4	4	1.000	1	1	98.56	0.77	likely_legit
TARA_SAMEA6038205_MAG_00000014	Unknown JANQMX01	JANQMX01	TPAC	Hydrozoa tissue	True	4	4	0.750	0.750	609	4	4	1.000	4	4	88.66	3.48	likely_legit
TARA_SAMEA6038428_MAG_00000096	Hyphomonas sp017792385	Hyphomonas	TPAC	Seawater	True	4	4	1.000	0.750	610	4	4	1.000	0	0	93.8	0.76	likely_legit
TARA_SAMEA6038471_MAG_00000175	Hyphomonas sp017792385	Hyphomonas	TPAC	Seawater	True	3	4	1.000	0.750	610	4	4	1.000	0	0	98.47	0.51	likely_legit
TARA_SAMEA6040238_MAG_00000006	Marinobacter salsuginis	Marinobacter	TPAC	Seawater	True	4	4	0.750	0.250	406	4	4	1.000	4	4	57.76	3.45	likely_legit
TARA_SAMEA6041198_MAG_00000015	Unknown JAKSDN01	Unknown JAKSDN01	TPAC	Hydrozoa tissue	True	4	4	1.000	0.750	600	4	4	1.000	4	4	97.17	3.06	likely_legit
TARA_SAMEA6042056_MAG_00000100	Unknown Yoonia	Yoonia	TPAC	Seawater	True	4	4	0.250	0.250	389	4	4	1.000	4	4	88.73	0.0	likely_artifact
TARA_SAMEA6042074_MAG_00000048	Unknown Yoonia	Yoonia	TPAC	Seawater	True	4	4	0.750	0.750	598	4	4	1.000	3	4	98.88	0.25	likely_legit
TARA_SAMEA6042506_MAG_00000225	Unknown Yoonia	Yoonia	TPAC	Seawater	True	4	4	0.750	0.750	598	4	4	1.000	0	0	97.2	0.25	likely_legit
TARA_SAMEA6042536_MAG_00000104	Marinobacter salsuginis	Marinobacter	TPAC	Seawater	True	4	4	0.750	0.500	601	4	4	1.000	1	1	97.72	0.83	likely_legit
TARA_SAMEA6042536_MAG_00000129	Unknown Yoonia	Yoonia	TPAC	Seawater	True	4	4	0.750	0.750	598	4	4	1.000	0	0	100.0	1.41	likely_legit
TARA_SAMEA6043103_MAG_00000024	Unknown Yoonia	Yoonia	TPAC	Seawater	True	4	4	0.750	0.500	590	4	4	1.000	1	1	76.61	2.22	likely_legit
TARA_SAMEA6043136_MAG_00000209	Unknown Yoonia	Yoonia	TPAC	Seawater	True	3	4	0.750	0.750	598	4	4	1.000	0	0	99.03	0.35	likely_legit
TARA_SAMEA6043188_MAG_00000004	Unknown JANQMX01	JANQMX01	TPAC	Hydrozoa tissue	True	4	4	0.750	0.250	445	4	4	1.000	4	4	80.02	2.17	likely_legit
TARA_SAMEA6043220_MAG_00000038	Unknown Algihabitans	Algihabitans	TPAC	Hydrozoa tissue	True	4	4	1.000	0.500	611	4	4	1.000	4	4	95.77	1.41	likely_legit
TARA_SAMEA6044968_MAG_00000046	Roseovarius indicus	Roseovarius	TPAC	Seawater	True	4	4	0.750	0.500	601	4	4	1.000	3	4	98.19	2.58	likely_legit
TARA_SAMEA6045687_MAG_00000005	Algihabitans sp028285215	Algihabitans	TPAC	Hydrozoa tissue	True	3	4	1.000	0.500	611	4	4	1.000	3	3	100.0	0.0	likely_legit
TARA_SAMEA6045687_MAG_00000011	Unknown JANQMX01	JANQMX01	TPAC	Hydrozoa tissue	True	4	4	0.750	0.750	615	4	4	1.000	4	4	93.66	2.62	likely_legit
TARA_SAMEA6046747_MAG_00000005	Unknown Hyphococcus	Hyphococcus	TPAC	Hydrozoa tissue	True	4	4	1.000	0.750	603	4	4	1.000	4	4	96.31	1.24	likely_legit
TARA_SAMEA6046747_MAG_00000016	Unknown JANQMX01	JANQMX01	TPAC	Hydrozoa tissue	True	4	4	0.750	0.500	516	4	4	1.000	4	4	91.55	1.41	likely_legit
TARA_SAMEA6046747_MAG_00000025	Algihabitans sp028285215	Algihabitans	TPAC	Hydrozoa tissue	True	3	4	1.000	0.500	611	4	4	1.000	1	1	95.77	0.0	likely_legit
TARA_SAMEA6050421_MAG_00000087	Unknown TMED2	TMED2	TPAC	Seawater	True	4	4	1.000	0.250	431	4	4	1.000	4	4	86.18	0.44	likely_legit
TARA_SAMEA6051768_MAG_00000039	Marinobacter salsuginis	Marinobacter	TPAC	Seawater	True	4	4	0.750	0.500	601	4	4	1.000	0	0	95.82	1.16	likely_legit
TARA_SAMEA6051849_MAG_00000077	Marinobacter salsuginis	Marinobacter	TPAC	Seawater	True	3	4	0.750	0.500	601	4	4	1.000	0	0	96.11	0.57	likely_legit
THRA17-1_SAMN05791319_MAG_00000063	Unknown JASMHC01	JASMHC01	THRA17-1	Seawater	True	4	4	1.000	0.750	573	4	4	1.000	3	4	87.74	1.73	likely_legit
TREM17-1_SAMN05416830_MAG_00000008	Hyphomonas sp913057945	Hyphomonas	TREM17-1	Seawater	True	4	4	0.750	0.750	610	4	4	1.000	3	4	100.0	0.0	likely_legit
TREM17-1_SAMN05416831_MAG_00000004	Hyphomonas sp913057945	Hyphomonas	TREM17-1	Seawater	True	4	4	0.750	0.750	610	4	4	1.000	0	0	97.18	0.0	likely_legit
TREM17-1_SAMN05416832_MAG_00000016	Hyphomonas sp913057945	Hyphomonas	TREM17-1	Seawater	True	4	4	0.750	0.750	610	4	4	1.000	0	0	97.18	0.0	likely_legit
TREM17-1_SAMN05416833_MAG_00000012	Neptuniibacter pectenicola	Neptuniibacter	TREM17-1	Seawater	True	4	4	1.000	0.750	637	4	4	1.000	2	2	100.0	0.0	likely_legit
TREM17-1_SAMN05416837_MAG_00000017	Hyphomonas sp913057945	Hyphomonas	TREM17-1	Seawater	True	4	4	0.750	0.500	609	4	4	1.000	2	2	92.04	2.75	likely_legit
TREM17-1_SAMN05416840_MAG_00000019	Vreelandella sp002366715	Vreelandella	TREM17-1	Seawater	True	4	4	1.000	1.000	644	4	4	1.000	2	2	100.0	0.0	likely_legit
TREM17-1_SAMN05416848_MAG_00000008	Hyphomonas sp913057945	Hyphomonas	TREM17-1	Seawater	True	4	4	0.750	0.750	610	4	4	1.000	0	0	100.0	1.41	likely_legit
TREM19-1_SAMN09060591_MAG_00000010	Unknown Hyphomicrobium_A	Hyphomicrobium_A	TREM19-1	Hydrothermal vent plume	True	4	4	1.000	1.000	609	4	4	1.000	3	4	94.83	2.78	likely_legit
TULL18-1_SAMN07571242_MAG_00000040	Marinobacter flavimaris	Marinobacter	TULL18-1	Aquifer water	True	3	4	0.750	0.500	601	4	4	1.000	2	2	98.44	0.22	likely_legit
TULL18-1_SAMN07571246_MAG_00000049	Sphingobium sp000508185	Sphingobium	TULL18-1	Seawater	True	4	4	0.750	0.500	580	4	4	1.000	1	1	96.79	3.42	likely_legit
WANG22-1_SAMN08714533-S072_MAG_00000066	Unknown Pontivivens	Pontivivens	WANG22-1	Marine biofilm	True	4	4	1.000	0.500	600	4	4	1.000	3	4	56.38	8.62	likely_legit
WANG22-1_SAMN08714533-S077_MAG_00000011	Unknown JAUIAS01	JAUIAS01	WANG22-1	Marine biofilm	True	4	4	1.000	0.750	608	4	4	1.000	3	4	93.32	1.84	likely_legit
WANG22-1_SAMN08714533-S077_MAG_00000061	Unknown Roseovarius	Roseovarius	WANG22-1	Marine biofilm	True	4	4	1.000	0.750	585	4	4	1.000	3	4	90.51	2.88	likely_legit
WANG22-1_SAMN08714533-S079_MAG_00000034	Unknown Tectiglobus	Tectiglobus	WANG22-1	Marine biofilm	True	4	4	0.750	0.250	467	4	4	1.000	3	4	90.77	3.56	likely_legit
WANG22-1_SAMN08714533-S082_MAG_00000008	Unknown Tateyamaria	Tateyamaria	WANG22-1	Marine biofilm	True	4	4	0.250	0.250	364	3	4	0.750	2	3	64.79	2.82	likely_artifact
WANG22-1_SAMN08714533-S084_MAG_00000053	Unknown Roseovarius	Roseovarius	WANG22-1	Marine biofilm	True	4	4	1.000	0.750	585	4	4	1.000	2	3	78.87	1.41	likely_legit
WANG22-1_SAMN08714533-S085_MAG_00000073	Unknown JAMWZF01	JAMWZF01	WANG22-1	Marine biofilm	True	4	4	0.750	0.750	596	4	4	1.000	3	4	95.26	0.78	likely_legit
WANG22-1_SAMN08714533-S086_MAG_00000024	Unknown Roseovarius	Roseovarius	WANG22-1	Marine biofilm	True	4	4	1.000	0.750	585	4	4	1.000	1	1	94.37	0.0	likely_legit
WANG22-1_SAMN08714533-S088_MAG_00000022	Unknown JAMWZF01	JAMWZF01	WANG22-1	Marine biofilm	True	4	4	0.500	0.500	593	4	4	1.000	3	3	85.91	0.63	uncertain
WANG22-1_SAMN08714533-S092_MAG_00000084	Sulfitobacter sp025143825	Sulfitobacter	WANG22-1	Marine biofilm	True	4	4	1.000	0.750	592	4	4	1.000	3	4	95.82	1.46	likely_legit
WANG22-1_SAMN08714533-S096_MAG_00000104	Qipengyuania psychrotolerans	Qipengyuania	WANG22-1	Marine biofilm	True	4	4	1.000	1.000	626	3	4	0.750	3	3	51.58	4.11	likely_legit
WANG22-1_SAMN08714533-S096_MAG_00000107	Unknown TYQ2	TYQ2	WANG22-1	Marine biofilm	True	4	4	0.500	0.250	419	4	4	1.000	4	4	87.78	0.52	uncertain
WANG22-1_SAMN08714533-S097_MAG_00000050	Unknown TYQ2	TYQ2	WANG22-1	Marine biofilm	True	4	4	0.500	0.250	419	4	4	1.000	3	3	60.23	0.98	uncertain
WANG22-1_SAMN08714533-S111_MAG_00000064	Unknown Acuticoccus	Acuticoccus	WANG22-1	Marine biofilm	True	4	4	0.500	1.000	609	4	4	1.000	0	0	98.59	4.23	uncertain
WANG22-1_SAMN08714535-S006_MAG_00000106	Sphingobium limneticum	Sphingobium	WANG22-1	Marine biofilm	True	4	4	1.000	0.500	580	4	4	1.000	0	0	88.73	0.0	likely_legit
WANG22-1_SAMN08714535-S008_MAG_00000014	Sphingobium limneticum	Sphingobium	WANG22-1	Marine biofilm	True	4	4	1.000	0.500	580	4	4	1.000	0	0	98.5	1.67	likely_legit
WANG22-1_SAMN08714535-S011_MAG_00000002	Unknown HIMB30	HIMB30	WANG22-1	Marine biofilm	True	3	4	1.000	0.500	533	3	4	0.750	3	3	58.93	8.62	likely_legit
WIND23-1_Gp0561260-S001_MAG_00000278	Unknown Rhodobacteraceae	Unknown Rhodobacteraceae	WIND23-1	Sea ice	True	4	4	0.500	0.500	516	3	4	0.750	3	4	53.79	0.0	uncertain
WIND23-1_Gp0561261-S001_MAG_00000133	Sulfitobacter sp013139555	Sulfitobacter	WIND23-1	Sea ice	True	4	4	1.000	0.750	612	4	4	1.000	0	0	100.0	7.04	likely_legit
WIND23-1_Gp0561263-S001_MAG_00000053	Marinobacter psychrophilus	Marinobacter	WIND23-1	Sea ice	True	4	4	0.500	0.250	406	3	4	0.750	2	2	96.98	0.24	uncertain
WIND23-1_Gp0561263-S001_MAG_00000095	Unknown Pseudorhodobacter	Pseudorhodobacter	WIND23-1	Sea ice	True	4	4	1.000	0.750	596	4	4	1.000	3	4	98.49	1.14	likely_legit
WIND23-1_Gp0561267-S001_MAG_00000027	UBA4479 sp963926035	UBA4479	WIND23-1	Seawater	True	4	4	0.500	0.250	482	4	4	1.000	3	4	70.43	1.66	uncertain
XUSH22-1_SAMN16869643_MAG_00000030	Salinisphaera sp017744135	Salinisphaera	XUSH22-1	Seawater	True	4	4	0.500	0.250	383	3	4	0.750	4	4	100.0	0.0	uncertain
XUSH22-1_SAMN16869647_MAG_00000039	Salinisphaera orenii	Salinisphaera	XUSH22-1	Seawater	True	4	4	1.000	0.750	575	4	4	1.000	4	4	98.59	0.0	likely_legit
XUSH22-1_SAMN16869649_MAG_00000021	Psychrobacter sanguinis	Psychrobacter	XUSH22-1	Seawater	True	4	4	0.500	1.000	855	2	4	0.500	2	4	92.96	0.0	uncertain
XUSH22-1_SAMN16869651_MAG_00000001	Psychrobacter sanguinis	Psychrobacter	XUSH22-1	Seawater	True	4	4	0.500	1.000	855	2	4	0.500	1	2	85.44	0.56	uncertain
XUSH22-1_SAMN16869655_MAG_00000061	Salinisphaera sp017744135	Salinisphaera	XUSH22-1	Seawater	True	4	4	0.500	0.250	383	3	4	0.750	2	2	92.96	1.41	uncertain
XUSH22-1_SAMN16869662_MAG_00000016	Salinisphaera sp017744135	Salinisphaera	XUSH22-1	Seawater	True	4	4	0.500	0.250	383	3	4	0.750	2	2	100.0	1.41	uncertain
YANW21-1_SAMN17278184_MAG_00000024	Qipengyuania sp001542855	Qipengyuania	YANW21-1	Seawater	True	4	4	1.000	0.750	620	4	4	1.000	4	4	100.0	0.0	likely_legit
YANW21-1_SAMN17278185_MAG_00000006	Qipengyuania sp001542855	Qipengyuania	YANW21-1	Seawater	True	4	4	1.000	0.750	620	4	4	1.000	1	1	100.0	0.0	likely_legit
YANW21-1_SAMN17278190_MAG_00000013	Marinobacter salsuginis	Marinobacter	YANW21-1	Seawater	True	3	4	0.750	0.500	601	4	4	1.000	2	2	99.52	0.97	likely_legit
YANW21-1_SAMN17278191_MAG_00000003	Sneathiella sp017643685	Sneathiella	YANW21-1	Seawater	True	4	4	0.750	0.250	412	4	4	1.000	3	4	100.0	0.0	likely_legit
ZHAN22-2_SAMN18200488_MAG_00000017	UBA4479 sp023145215	UBA4479	ZHAN22-2	Seawater	True	4	4	0.750	0.750	599	4	4	1.000	3	4	98.01	0.5	likely_legit
ZHAN22-3_SAMN22787258_MAG_00000110	Amylibacter sp037625035	Amylibacter	ZHAN22-3	Marine sediment	True	4	4	0.500	0.250	423	4	4	1.000	2	4	81.69	1.41	uncertain
ZHAN22-3_SAMN22787331_MAG_00000079	Hyphomonas sp000682775	Hyphomonas	ZHAN22-3	Marine sediment	True	3	4	1.000	0.750	610	4	4	1.000	2	2	98.92	1.36	likely_legit
ZHAN22-5_SAMN24535023_MAG_00000013	Pseudomonas_E mandelii	Pseudomonas_E	ZHAN22-5	Glacier-fed stream water	True	3	4	0.750	1.000	568	4	4	1.000	3	3	60.13	1.75	likely_legit
ZHAN22-5_SAMN24541584_MAG_00000069	Unknown Sulfitobacter	Sulfitobacter	ZHAN22-5	Seawater	True	4	4	0.750	0.750	602	4	4	1.000	2	4	100.0	0.0	likely_legit
ZHAN22-5_SAMN24541586_MAG_00000028	Unknown Sulfitobacter	Sulfitobacter	ZHAN22-5	Seawater	True	4	4	0.500	0.750	551	4	4	1.000	3	3	84.51	0.0	uncertain
ZHAN22-5_SAMN24541644_MAG_00000013	Spectribacter hydrogenooxidans	Spectribacter	ZHAN22-5	Seawater	True	4	4	0.750	0.750	571	4	4	1.000	0	0	100.0	1.41	likely_legit
ZHAO22-1_SAMN29179945_MAG_00000024	Marinobacter sp018066865	Marinobacter	ZHAO22-1	Marine sediment	True	4	4	0.500	0.500	587	4	4	1.000	3	4	95.77	0.57	uncertain
ZHEN15-1_SAMN22350761_MAG_00000003	Unknown CAJQQK01	CAJQQK01	ZHEN15-1	Estuarine sediment	True	4	4	0.750	0.250	424	4	4	1.000	4	4	83.36	2.89	likely_legit
ZHEN15-1_SAMN22350763_MAG_00000001	JADJWR01 sp020355165	JADJWR01	ZHEN15-1	Estuarine sediment	True	4	4	1.000	0.500	614	4	4	1.000	4	4	61.05	0.65	likely_legit
ZHEN15-1_SAMN22350763_MAG_00000008	G020354665 sp020354665	G020354665	ZHEN15-1	Estuarine sediment	True	4	4	1.000	1.000	625	4	4	1.000	4	4	94.92	1.61	likely_legit
ZHEN15-1_SAMN22350766_MAG_00000023	G020354665 sp020354665	G020354665	ZHEN15-1	Estuarine sediment	True	4	4	0.750	0.500	569	4	4	1.000	4	4	97.32	1.17	likely_legit
ZHEN15-1_SAMN22350782_MAG_00000008	G020354665 sp020354665	G020354665	ZHEN15-1	Estuarine sediment	True	4	4	0.750	0.750	582	4	4	1.000	4	4	84.19	1.79	likely_legit
ZHEN15-1_SAMN22350783_MAG_00000016	JADJWR01 sp020355165	JADJWR01	ZHEN15-1	Estuarine sediment	True	4	4	0.750	0.500	614	4	4	1.000	4	4	91.55	2.82	likely_legit
ZHEN15-1_SAMN22350786_MAG_00000013	Unknown Neptunomonas	Neptunomonas	ZHEN15-1	Estuarine sediment	True	4	4	1.000	0.500	581	4	4	1.000	4	4	74.42	6.47	likely_legit
ZHEN15-1_SAMN22350787_MAG_00000032	Unknown Pseudorhodobacter	Pseudorhodobacter	ZHEN15-1	Estuarine sediment	True	4	4	1.000	0.750	602	4	4	1.000	3	4	98.36	2.37	likely_legit
ZHEN15-1_SAMN22350789_MAG_00000018	Unknown Yoonia	Yoonia	ZHEN15-1	Estuarine sediment	True	4	4	1.000	0.750	599	4	4	1.000	3	4	87.84	1.93	likely_legit
ZHEN15-1_SAMN22350794_MAG_00000004	Unknown JAEUMD01	JAEUMD01	ZHEN15-1	Estuarine sediment	True	4	4	0.750	0.500	605	4	4	1.000	4	4	70.89	3.83	likely_legit
ZHEN15-1_SAMN22350796_MAG_00000009	Azonexus sp016790885	Azonexus	ZHEN15-1	Estuarine sediment	True	4	4	0.500	0.250	383	4	4	1.000	4	4	72.4	0.53	uncertain
ZHEN20-1_SAMN07748056_MAG_00000078	TMED2 sp002168225	TMED2	ZHEN20-1	Seawater	True	3	4	1.000	0.500	609	4	4	1.000	0	0	93.99	1.01	likely_legit
ZHEN20-1_SAMN07748056_MAG_00000096	Unknown Zavarzinia	Zavarzinia	ZHEN20-1	Seawater	True	4	4	1.000	0.750	578	4	4	1.000	4	4	99.13	0.0	likely_legit
ZHEN20-1_SAMN07748057_MAG_00000081	Unknown Hyphococcus	Hyphococcus	ZHEN20-1	Seawater	True	4	4	0.750	0.750	627	4	4	1.000	2	2	91.55	1.41	likely_legit
ZHEN20-1_SAMN07748058_MAG_00000156	Neptunomonas phycophila	Neptunomonas	ZHEN20-1	Seawater	True	4	4	1.000	0.750	582	4	4	1.000	4	4	98.59	1.41	likely_legit
ZHEN20-1_SAMN07748061_MAG_00000075	Paraburkholderia fungorum	Paraburkholderia	ZHEN20-1	Seawater	True	4	4	0.750	0.750	596	4	4	1.000	3	4	98.25	4.45	likely_legit
ZORZ22-1_SAMN30647025_MAG_00000038	SPGG2 sp964194625	SPGG2	ZORZ22-1	Marine sediment	True	4	4	0.750	0.250	374	4	4	1.000	3	4	91.55	0.0	likely_legit
ZORZ22-1_SAMN30647027_MAG_00000082	CAKZLS01 sp030622775	CAKZLS01	ZORZ22-1	Marine sediment	True	4	4	0.750	1.000	630	4	4	1.000	4	4	86.02	1.0	likely_legit
ZORZ22-1_SAMN30647030_MAG_00000074	CAKZLS01 sp030622775	CAKZLS01	ZORZ22-1	Marine sediment	True	4	4	0.750	1.000	630	4	4	1.000	3	3	84.69	2.16	likely_legit
ACIN21-1_SAMN05421660_MAG_00000037	Thalassolituus sp002724925	Thalassolituus	ACIN21-1	Seawater	True	3	3	0.333	0.000	279	2	3	0.667	2	3	83.9	0.88	uncertain
ACIN21-1_SAMN05421699_MAG_00000014	Maritimibacter alkaliphilus	Maritimibacter	ACIN21-1	Seawater	True	3	3	0.667	0.667	589	3	3	1.000	2	3	69.85	0.96	likely_legit
ACIN21-1_SAMN05421699_MAG_00000037	Hyphomonas sp000682775	Hyphomonas	ACIN21-1	Seawater	True	3	3	1.000	0.667	563	3	3	1.000	3	3	92.81	1.52	likely_legit
ACIN21-1_SAMN05421706_MAG_00000036	Maritimibacter alkaliphilus	Maritimibacter	ACIN21-1	Seawater	True	3	3	0.667	0.667	589	3	3	1.000	1	1	88.92	1.7	likely_legit
ACIN21-1_SAMN05421706_MAG_00000045	Hyphomonas sp000682775	Hyphomonas	ACIN21-1	Seawater	True	3	3	1.000	0.667	563	3	3	1.000	2	2	94.71	0.93	likely_legit
ACIN21-1_SAMN05422108_MAG_00000002	Hyphomonas sp000682775	Hyphomonas	ACIN21-1	Seawater	True	3	3	1.000	0.667	548	3	3	1.000	3	3	82.57	1.27	likely_legit
ACIN21-1_SAMN05422110_MAG_00000014	Unknown JAYZVO01	JAYZVO01	ACIN21-1	Seawater	True	3	3	0.667	0.333	408	3	3	1.000	2	3	96.77	6.17	likely_legit
ACIN21-1_SAMN05422120_MAG_00000011	Unknown Qipengyuania	Qipengyuania	ACIN21-1	Seawater	True	3	3	1.000	0.667	563	3	3	1.000	3	3	87.18	0.37	likely_legit
ACIN21-1_SAMN05422120_MAG_00000012	Alteromonas sp950073835	Alteromonas	ACIN21-1	Seawater	True	3	3	1.000	0.667	579	3	3	1.000	2	3	98.78	1.85	likely_legit
ACIN21-1_SAMN05422120_MAG_00000014	Oricola sp002706335	Oricola	ACIN21-1	Seawater	True	3	3	0.667	0.667	596	3	3	1.000	3	3	98.41	1.55	likely_legit
ACIN21-1_SAMN05422123_MAG_00000010	Sphingobium soli	Sphingobium	ACIN21-1	Seawater	True	3	3	0.667	0.333	408	3	3	1.000	3	3	98.06	1.05	likely_legit
ACIN21-1_SAMN05422133_MAG_00000019	Salipiger thiooxidans	Salipiger	ACIN21-1	Seawater	True	3	3	1.000	0.667	586	3	3	1.000	2	3	99.1	0.93	likely_legit
ACIN21-1_SAMN05422136_MAG_00000013	Hyphomonas sp000682775	Hyphomonas	ACIN21-1	Seawater	True	3	3	1.000	0.667	563	3	3	1.000	2	2	97.18	0.0	likely_legit
ACIN21-1_SAMN05422140_MAG_00000018	Oricola sp002706335	Oricola	ACIN21-1	Seawater	True	3	3	0.667	0.667	596	3	3	1.000	0	0	96.59	2.76	likely_legit
ACIN21-1_SAMN05422149_MAG_00000011	Qipengyuania pelagi	Qipengyuania	ACIN21-1	Seawater	True	3	3	1.000	0.333	407	3	3	1.000	3	3	94.32	2.18	likely_legit
ACIN21-1_SAMN05422149_MAG_00000018	Alteriqipengyuania_A marina	Alteriqipengyuania_A	ACIN21-1	Seawater	True	3	3	1.000	0.667	562	3	3	1.000	3	3	65.34	0.63	likely_legit
ACIN21-1_SAMN05422149_MAG_00000023	Oricola sp002706335	Oricola	ACIN21-1	Seawater	True	3	3	0.667	0.667	596	3	3	1.000	0	0	98.41	1.81	likely_legit
ACIN21-1_SAMN05422166_MAG_00000012	Sphingobium naphthae	Sphingobium	ACIN21-1	Seawater	True	3	3	1.000	0.667	580	3	3	1.000	2	2	86.22	0.74	likely_legit
ACIN21-1_SAMN05422175_MAG_00000006	Oricola sp002706335	Oricola	ACIN21-1	Seawater	True	3	3	0.333	0.000	357	2	3	0.667	1	2	85.07	2.16	uncertain
ACIN21-1_SAMN05422189_MAG_00000015	Hyphomonas sp000682775	Hyphomonas	ACIN21-1	Seawater	True	3	3	0.667	0.667	563	3	3	1.000	3	3	52.45	0.67	likely_legit
ACIN21-1_SAMN05422191_MAG_00000013	Novosphingobium decolorationis	Novosphingobium	ACIN21-1	Seawater	True	3	3	0.667	0.667	594	3	3	1.000	3	3	94.37	2.82	likely_legit
ACIN21-1_SAMN05422194_MAG_00000010	Sulfitobacter pontiacus	Sulfitobacter	ACIN21-1	Seawater	True	3	3	0.000	0.000	195	2	3	0.667	1	3	58.95	0.99	likely_artifact
AGAR17-1_SAMN04939377_MAG_00000015	Unknown JBCCVT01	JBCCVT01	AGAR17-1	Marine sponge tissue	True	3	3	0.667	0.333	421	3	3	1.000	2	3	95.77	1.41	likely_legit
ALNE18-1_SAMEA104408592_MAG_00000035	Unknown CALGTJ01	CALGTJ01	ALNE18-1	Seawater	True	3	3	0.333	0.667	524	3	3	1.000	3	3	93.81	6.33	uncertain
ALNE18-1_SAMEA104408597_MAG_00000013	Unknown JAJFIE01	JAJFIE01	ALNE18-1	Brackish sea water	True	3	3	0.667	0.333	420	3	3	1.000	3	3	82.88	1.24	likely_legit
ALNE18-1_SAMEA104408597_MAG_00000032	UBA9042 sp937910235	UBA9042	ALNE18-1	Brackish sea water	True	3	3	1.000	0.000	360	3	3	1.000	2	3	91.48	3.58	likely_legit
ALNE18-1_SAMEA104408597_MAG_00000034	Unknown Casp-alpha2	Unknown Casp-alpha2	ALNE18-1	Brackish sea water	True	3	3	1.000	0.667	600	3	3	1.000	3	3	95.77	1.41	likely_legit
ALNE18-1_SAMEA104408597_MAG_00000041	Unknown JABHCV01	Unknown JABHCV01	ALNE18-1	Brackish sea water	True	3	3	1.000	0.333	417	3	3	1.000	3	3	96.27	3.23	likely_legit
ALNE18-1_SAMEA104408599_MAG_00000057	Reyranella sp937919085	Reyranella	ALNE18-1	Brackish sea water	True	3	3	1.000	0.333	433	3	3	1.000	3	3	94.73	1.27	likely_legit
ALNE18-1_SAMEA104408600_MAG_00000004	Unknown UBA5216	UBA5216	ALNE18-1	Brackish sea water	True	3	3	0.333	1.000	599	3	3	1.000	1	1	91.55	1.41	uncertain
ALNE18-1_SAMEA104408604_MAG_00000033	UBA4479 sp017857825	UBA4479	ALNE18-1	Brackish sea water	True	3	3	1.000	0.667	601	3	3	1.000	1	1	95.77	8.9	likely_legit
ALNE18-1_SAMEA104408605_MAG_00000038	Unknown Flavimaricola	Flavimaricola	ALNE18-1	Brackish sea water	True	3	3	1.000	0.667	606	3	3	1.000	0	0	98.59	0.0	likely_legit
ALNE18-1_SAMEA104408612_MAG_00000001	Unknown CAJQPC01	Unknown CAJQPC01	ALNE18-1	Brackish sea water	True	3	3	0.667	0.000	328	3	3	1.000	2	3	84.43	4.73	likely_legit
ALNE18-1_SAMEA104408612_MAG_00000051	UBA9042 sp937910235	UBA9042	ALNE18-1	Brackish sea water	True	3	3	1.000	0.000	360	3	3	1.000	1	1	92.13	1.29	likely_legit
ALNE18-1_SAMEA104408617_MAG_00000008	CALGGB01 sp937880925	CALGGB01	ALNE18-1	Brackish sea water	True	3	3	0.667	0.333	285	2	3	0.667	2	3	95.77	1.41	likely_legit
ALNE18-1_SAMEA104408618_MAG_00000053	UBA9042 sp937910235	UBA9042	ALNE18-1	Brackish sea water	True	3	3	1.000	0.000	360	3	3	1.000	1	1	91.7	2.58	likely_legit
ALNE18-1_SAMEA104408620_MAG_00000059	Reyranella sp937915145	Reyranella	ALNE18-1	Brackish sea water	True	3	3	0.333	0.000	227	3	3	1.000	2	2	74.22	2.49	uncertain
ALNE18-1_SAMEA104408620_MAG_00000060	UBA9042 sp937910235	UBA9042	ALNE18-1	Brackish sea water	True	3	3	1.000	0.000	344	3	3	1.000	1	1	70.76	5.2	likely_legit
ALNE18-1_SAMEA104408621_MAG_00000063	UBA9042 sp937910235	UBA9042	ALNE18-1	Brackish sea water	True	3	3	0.333	0.000	213	3	3	1.000	2	2	74.44	3.75	uncertain
ALNE18-1_SAMEA104408696_MAG_00000001	Reyranella sp937915145	Reyranella	ALNE18-1	Brackish sea water	True	3	3	1.000	0.333	430	3	3	1.000	2	2	52.02	1.43	likely_legit
ALNE20-1_SAMEA6236681_MAG_00000133	HIMB30 sp018401755	HIMB30	ALNE20-1	Brackish sea water	True	3	3	0.333	0.000	228	2	3	0.667	3	3	84.51	1.41	uncertain
ALNE20-1_SAMEA6236682_MAG_00000032	HIMB30 sp018401755	HIMB30	ALNE20-1	Brackish sea water	True	3	3	0.000	0.000	258	2	3	0.667	2	3	70.42	1.41	likely_artifact
ALNE20-1_SAMEA6236682_MAG_00000081	Unknown Rubrivivax	Rubrivivax	ALNE20-1	Brackish sea water	True	3	3	1.000	0.667	570	3	3	1.000	3	3	97.24	1.11	likely_legit
ALNE20-1_SAMEA6236683_MAG_00000092	Unknown Rubrivivax	Rubrivivax	ALNE20-1	Brackish sea water	True	3	3	1.000	0.667	509	3	3	1.000	3	3	91.35	2.61	likely_legit
ALNE20-1_SAMEA6236689_MAG_00000031	Roseicyclus sp937892565	Roseicyclus	ALNE20-1	Brackish sea water	True	3	3	0.333	0.333	333	3	3	1.000	1	2	86.46	1.73	uncertain
ALNE20-1_SAMEA6236689_MAG_00000051	Unknown Rubrivivax	Rubrivivax	ALNE20-1	Brackish sea water	True	3	3	1.000	0.667	570	3	3	1.000	3	3	97.62	0.7	likely_legit
ALNE20-1_SAMEA6236690_MAG_00000056	HIMB30 sp018401755	HIMB30	ALNE20-1	Brackish sea water	True	3	3	0.667	0.333	293	2	3	0.667	1	2	84.2	2.25	likely_legit
ALNE20-1_SAMEA6236691_MAG_00000065	Unknown Rubrivivax	Rubrivivax	ALNE20-1	Brackish sea water	True	3	3	1.000	0.667	570	3	3	1.000	2	2	100.0	2.82	likely_legit
ALNE20-1_SAMEA6236710_MAG_00000064	Unknown Rhizomicrobium	Rhizomicrobium	ALNE20-1	Brackish sea water	True	3	3	0.000	0.000	134	3	3	1.000	2	3	94.64	0.01	likely_artifact
ALNE20-1_SAMEA6236710_MAG_00000083	Unknown CALJDF01	CALJDF01	ALNE20-1	Brackish sea water	True	3	3	0.333	0.000	312	3	3	1.000	2	3	80.72	0.76	uncertain
ALNE20-1_SAMEA6236722_MAG_00000019	Unknown UBA830	UBA830	ALNE20-1	Brackish sea water	True	3	3	0.667	0.333	416	3	3	1.000	3	3	96.21	1.26	likely_legit
ANDE17-1_SAMEA4470835_MAG_00000015	Unknown Pelagibius	Pelagibius	ANDE17-1	Hydrothermal vent plume	True	3	3	1.000	0.667	602	3	3	1.000	3	3	97.18	1.41	likely_legit
ANDE17-1_SAMEA4470845_MAG_00000001	Novosphingobium capsulatum_A	Novosphingobium	ANDE17-1	Hydrothermal vent plume	True	3	3	1.000	1.000	640	3	3	1.000	3	3	97.02	0.75	likely_legit
ANDE17-1_SAMEA4470846_MAG_00000007	Novosphingobium capsulatum_A	Novosphingobium	ANDE17-1	Hydrothermal vent plume	True	3	3	1.000	1.000	640	3	3	1.000	0	0	97.79	1.11	likely_legit
ANDE17-1_SAMEA4470848_MAG_00000022	Novosphingobium capsulatum_A	Novosphingobium	ANDE17-1	Hydrothermal vent plume	True	3	3	1.000	1.000	640	3	3	1.000	0	0	98.59	0.0	likely_legit
ASPL16-1_SAMN05150081_MAG_00000081	Unknown UBA4479	UBA4479	ASPL16-1	Seawater	True	3	3	0.667	0.000	365	3	3	1.000	3	3	68.33	1.85	likely_legit
ATLA15-1_SAMN03981634-S001_MAG_00000028	Zavarzinia sp028694545	Zavarzinia	ATLA15-1	Marine sediment	True	3	3	1.000	0.667	578	3	3	1.000	3	3	97.11	2.75	likely_legit
ATLA15-1_SAMN03981634-S001_MAG_00000081	Unknown Hyphomonas	Hyphomonas	ATLA15-1	Marine sediment	True	3	3	0.667	0.667	562	3	3	1.000	3	3	73.45	1.72	likely_legit
ATLA15-1_SAMN03981634-S001_MAG_00000187	Unknown Parvibaculum	Parvibaculum	ATLA15-1	Marine sediment	True	3	3	0.667	0.333	413	3	3	1.000	3	3	60.33	1.72	likely_legit
ATLA15-1_SAMN03981634-S001_MAG_00000196	Hyphomonas sp000682735	Hyphomonas	ATLA15-1	Marine sediment	True	3	3	1.000	1.000	591	3	3	1.000	3	3	69.62	0.0	likely_legit
ATLA15-1_SAMN03981634-S001_MAG_00000205	Unknown Erythrobacter	Erythrobacter	ATLA15-1	Marine sediment	True	3	3	1.000	0.667	565	3	3	1.000	3	3	75.27	2.9	likely_legit
ATLA15-1_SAMN03981636-S001_MAG_00000012	Unknown SG8-39	SG8-39	ATLA15-1	Marine sediment	True	3	3	0.667	0.333	488	3	3	1.000	3	3	74.37	2.94	likely_legit
ATLA15-1_SAMN03981636-S001_MAG_00000047	Unknown JBBDSH01	JBBDSH01	ATLA15-1	Marine sediment	True	3	3	1.000	0.667	594	3	3	1.000	3	3	96.04	1.81	likely_legit
ATLA15-1_SAMN03981636-S001_MAG_00000285	Unknown WHUA01	WHUA01	ATLA15-1	Marine sediment	True	3	3	1.000	0.333	397	3	3	1.000	3	3	92.41	3.1	likely_legit
ATLA15-1_SAMN03981636-S001_MAG_00000298	Unknown Pseudolabrys	Pseudolabrys	ATLA15-1	Marine sediment	True	3	3	0.667	0.000	376	3	3	1.000	3	3	59.31	2.32	likely_legit
ATLA15-1_SAMN03981636-S001_MAG_00000334	Unknown JBBDSH01	JBBDSH01	ATLA15-1	Marine sediment	True	3	3	1.000	0.667	559	3	3	1.000	3	3	96.82	1.7	likely_legit
ATLA15-1_SAMN03981637-S001_MAG_00000080	Unknown DAHVFK01	DAHVFK01	ATLA15-1	Marine sediment	True	3	3	1.000	0.667	580	3	3	1.000	2	2	95.77	2.49	likely_legit
ATLA15-1_SAMN03981637-S001_MAG_00000119	Unknown SG8-41	SG8-41	ATLA15-1	Marine sediment	True	3	3	0.667	1.000	626	3	3	1.000	1	1	94.96	4.22	likely_legit
ATLA15-1_SAMN03981637-S001_MAG_00000158	Unknown JBBDSH01	JBBDSH01	ATLA15-1	Marine sediment	True	3	3	1.000	0.667	559	3	3	1.000	0	0	96.23	2.07	likely_legit
ATLA15-1_SAMN03981639-S001_MAG_00000121	Unknown JBBDSH01	JBBDSH01	ATLA15-1	Marine sediment	True	3	3	1.000	0.667	559	3	3	1.000	0	0	94.88	1.37	likely_legit
ATLA15-1_SAMN03981639-S001_MAG_00000168	Unknown DAHVFK01	DAHVFK01	ATLA15-1	Marine sediment	True	3	3	1.000	1.000	591	3	3	1.000	0	0	89.81	2.32	likely_legit
ATLA15-1_SAMN03981642-S001_MAG_00000031	Unknown UBA2230	UBA2230	ATLA15-1	Marine sediment	True	3	3	0.333	0.333	469	3	3	1.000	3	3	62.61	2.68	uncertain
ATLA15-1_SAMN03981642-S001_MAG_00000044	SG8-39 sp022340705	SG8-39	ATLA15-1	Marine sediment	True	3	3	0.667	1.000	683	3	3	1.000	3	3	68.27	1.54	likely_legit
ATLA15-1_SAMN03981644-S001_MAG_00000079	Unknown UBA11574	UBA11574	ATLA15-1	Marine sediment	True	3	3	0.000	0.333	281	2	3	0.667	1	2	64.39	0.22	likely_artifact
ATLA15-1_SAMN03981648-S001_MAG_00000025	Unknown Desulfosarcinaceae	Unknown Desulfosarcinaceae	ATLA15-1	Marine sediment	True	3	3	0.667	0.000	394	3	3	1.000	3	3	53.52	1.41	likely_legit
ATLA15-1_SAMN03981651-S001_MAG_00000047	Unknown Parvibaculum	Parvibaculum	ATLA15-1	Marine sediment	True	3	3	0.667	0.667	682	3	3	1.000	2	2	88.62	3.06	likely_legit
ATLA15-1_SAMN03981652-S001_MAG_00000011	Unknown Parvibaculum	Parvibaculum	ATLA15-1	Marine sediment	True	3	3	0.667	0.667	508	3	3	1.000	2	2	77.3	1.05	likely_legit
ATLA15-1_SAMN03981653-S001_MAG_00000087	Unknown JARRKU01	JARRKU01	ATLA15-1	Marine sediment	True	3	3	0.667	0.667	548	3	3	1.000	3	3	79.33	1.74	likely_legit
ATLA15-1_SAMN03981655-S001_MAG_00000036	Unknown 2-02-FULL-47-50	2-02-FULL-47-50	ATLA15-1	Marine sediment	True	3	3	1.000	0.667	557	3	3	1.000	3	3	95.19	1.37	likely_legit
ATLA15-1_SAMN03981655-S001_MAG_00000066	Unknown Eutrophobiaceae	Unknown Eutrophobiaceae	ATLA15-1	Marine sediment	True	3	3	1.000	0.667	591	3	3	1.000	1	1	94.67	0.47	likely_legit
ATLA15-1_SAMN03981655-S001_MAG_00000073	Unknown SYOC01	SYOC01	ATLA15-1	Marine sediment	True	3	3	1.000	0.000	361	3	3	1.000	3	3	79.01	1.77	likely_legit
ATLA15-1_SAMN03981655-S001_MAG_00000085	Unknown Eutrophobiaceae	Unknown Eutrophobiaceae	ATLA15-1	Marine sediment	True	3	3	1.000	0.667	579	3	3	1.000	3	3	98.12	1.92	likely_legit
ATLA15-1_SAMN03981655-S001_MAG_00000089	Unknown SG8-41	SG8-41	ATLA15-1	Marine sediment	True	3	3	0.667	1.000	626	3	3	1.000	0	0	92.26	2.44	likely_legit
ATLA15-1_SAMN03981655-S001_MAG_00000094	Unknown Eutrophobiaceae	Unknown Eutrophobiaceae	ATLA15-1	Marine sediment	True	3	3	1.000	0.667	587	3	3	1.000	3	3	93.36	1.59	likely_legit
ATLA15-1_SAMN03981655-S001_MAG_00000110	Unknown Eutrophobiaceae	Unknown Eutrophobiaceae	ATLA15-1	Marine sediment	True	3	3	1.000	0.667	591	3	3	1.000	3	3	96.75	0.7	likely_legit
ATLA15-1_SAMN03981655-S001_MAG_00000129	Unknown JBBDSH01	JBBDSH01	ATLA15-1	Marine sediment	True	3	3	1.000	0.667	559	3	3	1.000	0	0	92.52	1.07	likely_legit
ATLA15-1_SAMN03981655-S001_MAG_00000156	Unknown 2-02-FULL-47-50	2-02-FULL-47-50	ATLA15-1	Marine sediment	True	3	3	1.000	0.667	564	3	3	1.000	3	3	96.95	0.33	likely_legit
ATLA15-1_SAMN03981655-S001_MAG_00000180	Unknown Eutrophobiaceae	Unknown Eutrophobiaceae	ATLA15-1	Marine sediment	True	3	3	1.000	0.667	557	3	3	1.000	3	3	86.65	6.68	likely_legit
ATLA15-1_SAMN03981657-S001_MAG_00000024	Unknown JAABYT01	JAABYT01	ATLA15-1	Marine sediment	True	3	3	1.000	0.333	400	3	3	1.000	3	3	52.11	8.45	likely_legit
ATLA15-1_SAMN03981657-S001_MAG_00000110	Unknown DAHVFK01	DAHVFK01	ATLA15-1	Marine sediment	True	3	3	0.667	0.333	317	2	3	0.667	1	2	74.65	5.63	likely_legit
ATLA15-1_SAMN03981657-S001_MAG_00000113	SG8-39 sp022340705	SG8-39	ATLA15-1	Marine sediment	True	3	3	1.000	1.000	592	3	3	1.000	2	2	94.5	3.13	likely_legit
ATLA15-1_SAMN03981657-S001_MAG_00000207	Unknown JBBDSH01	JBBDSH01	ATLA15-1	Marine sediment	True	3	3	1.000	0.667	559	3	3	1.000	1	1	92.3	2.29	likely_legit
ATLA15-1_SAMN03981658-S001_MAG_00000043	Unknown 2-02-FULL-47-50	2-02-FULL-47-50	ATLA15-1	Marine sediment	True	3	3	1.000	0.667	544	3	3	1.000	3	3	89.73	2.39	likely_legit
ATLA15-1_SAMN03981658-S001_MAG_00000087	Unknown SG8-41	SG8-41	ATLA15-1	Marine sediment	True	3	3	0.333	0.667	541	3	3	1.000	3	3	72.43	2.12	uncertain
ATLA15-1_SAMN03981659-S001_MAG_00000108	Unknown JAJPIJ01	Unknown JAJPIJ01	ATLA15-1	Marine sediment	True	3	3	1.000	0.333	438	3	3	1.000	2	2	81.57	2.69	likely_legit
ATLA15-1_SAMN03981659-S001_MAG_00000204	Unknown SG8-41	SG8-41	ATLA15-1	Marine sediment	True	3	3	0.333	0.667	541	3	3	1.000	0	0	67.3	1.18	uncertain
ATLA15-1_SAMN03981659-S001_MAG_00000279	Unknown JBBDSH01	JBBDSH01	ATLA15-1	Marine sediment	True	3	3	1.000	0.667	594	3	3	1.000	1	1	91.5	3.18	likely_legit
ATLA15-1_SAMN03981661-S001_MAG_00000089	Unknown SG8-41	SG8-41	ATLA15-1	Marine sediment	True	3	3	0.667	1.000	626	3	3	1.000	1	1	92.4	3.69	likely_legit
ATLA15-1_SAMN03981662-S001_MAG_00000161	Unknown UBA11574	UBA11574	ATLA15-1	Marine sediment	True	3	3	0.333	0.333	358	3	3	1.000	3	3	70.42	5.63	uncertain
ATLA15-1_SAMN03981662-S001_MAG_00000209	Unknown JARRKU01	JARRKU01	ATLA15-1	Marine sediment	True	3	3	0.000	0.667	717	3	3	1.000	3	3	92.96	4.23	likely_artifact
ATLA15-1_SAMN03981663-S001_MAG_00000024	Unknown JAABRB01	JAABRB01	ATLA15-1	Marine sediment	True	3	3	1.000	0.667	554	3	3	1.000	0	0	59.15	5.63	likely_legit
ATLA15-1_SAMN03981664-S001_MAG_00000144	Unknown 2-02-FULL-47-50	2-02-FULL-47-50	ATLA15-1	Marine sediment	True	3	3	0.667	0.333	355	3	3	1.000	1	1	55.57	0.64	likely_legit
ATLA15-1_SAMN03981667-S001_MAG_00000028	Unknown Micavibrionaceae	Unknown Micavibrionaceae	ATLA15-1	Marine sediment	True	3	3	1.000	0.667	609	3	3	1.000	3	3	91.46	3.71	likely_legit
ATLA15-1_SAMN03981670-S001_MAG_00000018	Unknown JBBDSH01	JBBDSH01	ATLA15-1	Marine sediment	True	3	3	1.000	0.667	594	3	3	1.000	2	2	82.38	2.18	likely_legit
ATLA15-1_SAMN03981670-S001_MAG_00000059	Unknown 2-02-FULL-47-50	2-02-FULL-47-50	ATLA15-1	Marine sediment	True	3	3	1.000	0.667	544	3	3	1.000	2	2	88.47	4.02	likely_legit
ATLA15-1_SAMN03981672-S001_MAG_00000053	Unknown SMXS01	Unknown SMXS01	ATLA15-1	Marine sediment	True	3	3	0.667	0.333	424	3	3	1.000	3	3	52.11	4.23	likely_legit
ATLA15-1_SAMN03981672-S001_MAG_00000103	Unknown JAJPIJ01	Unknown JAJPIJ01	ATLA15-1	Marine sediment	True	3	3	0.667	0.667	567	3	3	1.000	1	1	81.59	2.45	likely_legit
ATLA15-1_SAMN03981672-S001_MAG_00000144	Unknown JACVQI01	JACVQI01	ATLA15-1	Marine sediment	True	3	3	0.333	0.333	361	3	3	1.000	1	3	58.68	1.5	uncertain
ATLA15-1_SAMN03981672-S001_MAG_00000238	Unknown JBBDSH01	JBBDSH01	ATLA15-1	Marine sediment	True	3	3	1.000	0.667	594	3	3	1.000	1	1	72.42	0.66	likely_legit
ATLA15-1_SAMN03981673-S001_MAG_00000029	Hyphomonas sp000682735	Hyphomonas	ATLA15-1	Marine sediment	True	3	3	1.000	1.000	591	3	3	1.000	0	0	63.52	1.53	likely_legit
ATLA15-1_SAMN03981677-S001_MAG_00000023	Hyphomonas sp000682735	Hyphomonas	ATLA15-1	Marine sediment	True	3	3	1.000	1.000	588	2	3	0.667	2	2	68.66	2.5	likely_legit
ATLA15-1_SAMN03981678-S001_MAG_00000077	Unknown JARRKU01	JARRKU01	ATLA15-1	Marine sediment	True	3	3	0.333	0.000	389	2	3	0.667	2	3	82.54	2.83	uncertain
ATLA15-1_SAMN03981678-S001_MAG_00000096	Unknown JAPYRI01	Unknown JAPYRI01	ATLA15-1	Marine sediment	True	3	3	1.000	0.667	596	3	3	1.000	2	2	64.79	1.41	likely_legit
ATLA15-1_SAMN03981678-S001_MAG_00000214	Unknown Eutrophobiaceae	Unknown Eutrophobiaceae	ATLA15-1	Marine sediment	True	3	3	1.000	0.667	591	3	3	1.000	3	3	94.62	1.99	likely_legit
BAIS20-1_SAMN15458162_MAG_00000089	Qipengyuania pacifica	Qipengyuania	BAIS20-1	Seawater	True	3	3	0.333	0.333	410	3	3	1.000	2	3	100.0	2.82	uncertain
BATS20-1_SAMN10388034_MAG_00000019	Unknown JADJPF01	JADJPF01	BATS20-1	Seawater	True	3	3	0.000	0.000	379	3	3	1.000	2	3	93.16	5.51	likely_artifact
BEMA21-1_SAMN15000289_MAG_00000027	UBA12578 sp002729195	UBA12578	BEMA21-1	Seawater	True	3	3	1.000	0.333	457	3	3	1.000	3	3	92.96	0.0	likely_legit
BEMA21-1_SAMN15000290_MAG_00000035	UBA12578 sp002729195	UBA12578	BEMA21-1	Seawater	True	3	3	1.000	0.667	574	3	3	1.000	2	2	91.55	0.0	likely_legit
BEMA21-1_SAMN15000292_MAG_00000054	UBA11136 sp002686135	UBA11136	BEMA21-1	Seawater	True	3	3	0.667	0.333	438	2	3	0.667	3	3	94.37	1.41	likely_legit
BEMA21-1_SAMN15000296_MAG_00000059	UBA12578 sp002729195	UBA12578	BEMA21-1	Seawater	True	3	3	1.000	0.667	574	3	3	1.000	0	0	95.77	1.41	likely_legit
BERT20-1_SAMN15778598_MAG_00000075	UBA12578 sp002729195	UBA12578	BERT20-1	Seawater	True	3	3	0.667	0.333	352	3	3	1.000	2	2	55.1	1.52	likely_legit
BERT20-1_SAMN15782434_MAG_00000050	UBA868 sp913031305	UBA868	BERT20-1	Seawater	True	3	3	1.000	0.667	574	3	3	1.000	2	2	94.37	0.0	likely_legit
BERT20-1_SAMN15783389_MAG_00000014	UBA12578 sp002729195	UBA12578	BERT20-1	Seawater	True	3	3	0.667	0.333	352	3	3	1.000	3	3	94.37	0.0	likely_legit
BERT20-1_SAMN15793044_MAG_00000029	UBA7887 sp002501105	UBA7887	BERT20-1	Seawater	True	3	3	1.000	0.333	409	3	3	1.000	3	3	87.22	3.03	likely_legit
BERT20-1_SAMN15793615_MAG_00000094	UBA7887 sp002501105	UBA7887	BERT20-1	Seawater	True	3	3	1.000	0.333	409	3	3	1.000	2	2	95.77	0.0	likely_legit
BILL18-1_SAMN07136540_MAG_00000027	Unknown Nitrosopelagicus	Nitrosopelagicus	BILL18-1	Seawater	True	3	3	0.000	0.000	88	2	3	0.667	2	3	51.32	0.0	likely_artifact
BILL18-1_SAMN07136582_MAG_00000022	Methylobacterium sp963990595	Methylobacterium	BILL18-1	Seawater	True	3	3	1.000	0.667	614	3	3	1.000	3	3	95.17	2.87	likely_legit
BILL18-1_SAMN07136788_MAG_00000009	Pseudomonas_E putida_P	Pseudomonas_E	BILL18-1	Seawater	True	3	3	1.000	1.000	560	3	3	1.000	2	3	98.08	2.98	likely_legit
BOEU19-1_SAMN09765683_MAG_00000008	G013214665 sp013214665	G013214665	BOEU19-1	Marine sediment	True	3	3	1.000	1.000	595	3	3	1.000	3	3	50.7	4.23	likely_legit
BOEU19-1_SAMN09765709_MAG_00000022	G013214665 sp013214665	G013214665	BOEU19-1	Marine sediment	True	3	3	1.000	1.000	594	3	3	1.000	3	3	96.41	3.31	likely_legit
BOWM19-1_SAMEA98147668_MAG_00000005	Unknown Hyphomicrobium_A	Hyphomicrobium_A	BOWM19-1	Seawater	True	3	3	0.667	0.333	438	3	3	1.000	3	3	54.14	2.75	likely_legit
BPAM22-1_SAMN07449441_MAG_00000065	Unknown UBA4479	UBA4479	BPAM22-1	Seawater	True	3	3	1.000	0.667	599	3	3	1.000	3	3	84.94	2.78	likely_legit
BPAM22-1_SAMN07449441_MAG_00000136	Unknown JAPYTK01	JAPYTK01	BPAM22-1	Seawater	True	3	3	0.667	0.000	356	3	3	1.000	3	3	95.27	5.94	likely_legit
BPAM22-1_SAMN07482739_MAG_00000108	Maricaulis alexandrii	Maricaulis	BPAM22-1	Seawater	True	3	3	0.667	0.667	610	3	3	1.000	3	3	98.11	0.62	likely_legit
BPAM22-1_SAMN07482746_MAG_00000066	Maricaulis alexandrii	Maricaulis	BPAM22-1	Seawater	True	3	3	0.667	0.667	610	3	3	1.000	0	0	97.18	0.0	likely_legit
BPAM22-1_SAMN07482751_MAG_00000030	Maricaulis alexandrii	Maricaulis	BPAM22-1	Seawater	True	3	3	0.667	0.667	610	3	3	1.000	0	0	99.19	0.16	likely_legit
BPAM22-1_SAMN07482795_MAG_00000056	Sphingomonas paucimobilis	Sphingomonas	BPAM22-1	Seawater	True	3	3	0.000	0.000	332	2	3	0.667	1	1	86.99	2.12	likely_artifact
BPAM22-1_SAMN07482795_MAG_00000072	Bradyrhizobium denitrificans	Bradyrhizobium	BPAM22-1	Seawater	True	3	3	0.667	0.333	373	3	3	1.000	3	3	56.34	2.82	likely_legit
BPAM22-1_SAMN07482796_MAG_00000006	Unknown Novosphingobium	Novosphingobium	BPAM22-1	Seawater	True	3	3	1.000	1.000	592	3	3	1.000	3	3	99.55	1.65	likely_legit
BPAM22-1_SAMN07482804_MAG_00000073	Unknown UBA4479	UBA4479	BPAM22-1	Seawater	True	3	3	1.000	0.667	599	3	3	1.000	0	0	100.0	0.0	likely_legit
BPAM22-1_SAMN07482811_MAG_00000058	Unknown JAPYTK01	JAPYTK01	BPAM22-1	Seawater	True	3	3	0.667	0.000	359	3	3	1.000	3	3	80.67	3.57	likely_legit
BPAM22-1_SAMN07482817_MAG_00000033	Unknown JAPYTK01	JAPYTK01	BPAM22-1	Seawater	True	3	3	0.667	0.000	359	3	3	1.000	0	0	94.95	4.86	likely_legit
BPAM22-1_SAMN07482988_MAG_00000008	Unknown Sphingomonas	Sphingomonas	BPAM22-1	Seawater	True	3	3	0.667	0.333	271	2	3	0.667	3	3	98.59	2.82	likely_legit
BPAM22-1_SAMN07482988_MAG_00000018	Sphingomonas paucimobilis	Sphingomonas	BPAM22-1	Seawater	True	3	3	1.000	0.667	509	3	3	1.000	2	2	96.34	2.61	likely_legit
BPAM22-1_SAMN07482995_MAG_00000039	Roseovarius indicus	Roseovarius	BPAM22-1	Seawater	True	3	3	0.667	0.667	603	3	3	1.000	3	3	69.73	2.52	likely_legit
BPAM22-1_SAMN07483000_MAG_00000042	Unknown VGDC01	Unknown VGDC01	BPAM22-1	Seawater	True	3	3	1.000	0.000	405	3	3	1.000	3	3	72.14	0.0	likely_legit
BPAM22-1_SAMN07483192_MAG_00000016	Maricaulis alexandrii	Maricaulis	BPAM22-1	Seawater	True	3	3	0.333	0.333	422	3	3	1.000	2	2	80.28	1.41	uncertain
BPAM22-1_SAMN07483197_MAG_00000049	Maricaulis alexandrii	Maricaulis	BPAM22-1	Seawater	True	3	3	0.667	0.667	610	3	3	1.000	1	1	96.41	0.87	likely_legit
BPAM22-1_SAMN07483240_MAG_00000007	JAEZQR01 sp030147805	JAEZQR01	BPAM22-1	Seawater	True	3	3	1.000	0.333	359	3	3	1.000	3	3	92.26	1.12	likely_legit
BPAM22-1_SAMN07483240_MAG_00000017	Unknown Brevundimonas	Brevundimonas	BPAM22-1	Seawater	True	3	3	1.000	0.667	584	3	3	1.000	3	3	93.33	9.2	likely_legit
BPAM22-1_SAMN07483273_MAG_00000014	Alteromonas aggregata	Alteromonas	BPAM22-1	Seawater	True	3	3	1.000	0.667	578	3	3	1.000	2	3	98.59	0.0	likely_legit
BPAM22-1_SAMN07483284_MAG_00000007	Unknown UBA4479	UBA4479	BPAM22-1	Seawater	True	3	3	1.000	0.667	599	3	3	1.000	0	0	98.59	1.41	likely_legit
BPAM22-1_SAMN07483285_MAG_00000022	Unknown Sphingomonas	Sphingomonas	BPAM22-1	Seawater	True	3	3	0.667	0.667	562	2	3	0.667	1	1	80.28	2.82	likely_legit
BPAM22-1_SAMN07483329_MAG_00000066	Sphingomonas paucimobilis	Sphingomonas	BPAM22-1	Seawater	True	3	3	1.000	0.667	572	3	3	1.000	0	0	97.18	1.41	likely_legit
BPAM22-1_SAMN07483329_MAG_00000093	Methyloversatilis discipulorum_A	Methyloversatilis	BPAM22-1	Seawater	True	3	3	1.000	1.000	591	3	3	1.000	3	3	96.13	2.2	likely_legit
BPAM22-1_SAMN07483399_MAG_00000032	Roseovarius indicus	Roseovarius	BPAM22-1	Seawater	True	3	3	1.000	0.667	603	3	3	1.000	1	1	91.55	4.23	likely_legit
BPAM22-1_SAMN07483449_MAG_00000032	Chromohalobacter israelensis	Chromohalobacter	BPAM22-1	Seawater	True	3	3	1.000	0.333	304	2	3	0.667	2	3	82.82	2.85	likely_legit
BPAM22-1_SAMN07483600_MAG_00000056	Ralstonia thomasii	Ralstonia	BPAM22-1	Seawater	True	3	3	0.667	1.000	598	3	3	1.000	3	3	85.92	1.41	likely_legit
BPAM22-1_SAMN07483603_MAG_00000007	Ralstonia thomasii	Ralstonia	BPAM22-1	Seawater	True	3	3	0.667	0.667	598	3	3	1.000	1	1	80.28	7.04	likely_legit
BPAM22-1_SAMN07483603_MAG_00000062	UBA868 sp011523045	UBA868	BPAM22-1	Seawater	True	3	3	0.667	0.333	351	2	3	0.667	3	3	57.75	5.63	likely_legit
BPAM22-1_SAMN07483605_MAG_00000036	Ralstonia thomasii	Ralstonia	BPAM22-1	Seawater	True	3	3	0.667	1.000	598	3	3	1.000	0	0	97.78	0.77	likely_legit
BPAM22-1_SAMN07483606_MAG_00000032	Ralstonia thomasii	Ralstonia	BPAM22-1	Seawater	True	3	3	0.667	1.000	598	3	3	1.000	0	0	90.14	1.41	likely_legit
BPAM22-1_SAMN07483612_MAG_00000057	Sphingobium yanoikuyae_A	Sphingobium	BPAM22-1	Seawater	True	3	3	1.000	0.667	580	3	3	1.000	3	3	87.32	4.23	likely_legit
BPAM22-1_SAMN08953057_MAG_00000012	Unknown JAPYTK01	JAPYTK01	BPAM22-1	Seawater	True	3	3	0.667	0.333	364	3	3	1.000	2	2	93.76	4.65	likely_legit
BPAM22-1_SAMN08953087_MAG_00000028	Unknown JAPYTK01	JAPYTK01	BPAM22-1	Seawater	True	3	3	0.667	0.333	364	3	3	1.000	1	1	87.05	5.81	likely_legit
BPAM22-1_SAMN08953195_MAG_00000035	Sphingomonas ginsenosidimutans	Sphingomonas	BPAM22-1	Seawater	True	3	3	1.000	0.333	410	3	3	1.000	3	3	95.75	2.33	likely_legit
BPAM22-1_SAMN08953201_MAG_00000026	Sphingomonas ginsenosidimutans	Sphingomonas	BPAM22-1	Seawater	True	3	3	0.667	0.333	410	3	3	1.000	2	2	71.07	0.46	likely_legit
BPAM22-1_SAMN08953208_MAG_00000021	Qipengyuania sp019745075	Qipengyuania	BPAM22-1	Seawater	True	3	3	1.000	0.667	548	3	3	1.000	3	3	75.98	6.66	likely_legit
BPAM22-1_SAMN08954266_MAG_00000062	Unknown CALGNO01	CALGNO01	BPAM22-1	Seawater	True	3	3	0.667	0.333	411	3	3	1.000	3	3	94.95	1.6	likely_legit
BPAM22-1_SAMN08954291_MAG_00000021	Unknown CALLCD01	CALLCD01	BPAM22-1	Seawater	True	3	3	1.000	0.667	563	3	3	1.000	3	3	76.06	1.41	likely_legit
BPAM22-1_SAMN08954291_MAG_00000030	Unknown CALLCD01	CALLCD01	BPAM22-1	Seawater	True	3	3	1.000	0.667	562	3	3	1.000	3	3	83.1	0.0	likely_legit
BPAM22-1_SAMN08954304_MAG_00000005	Unknown CALLCD01	CALLCD01	BPAM22-1	Seawater	True	3	3	1.000	0.667	563	3	3	1.000	3	3	78.87	4.23	likely_legit
BPAM22-1_SAMN08954304_MAG_00000033	Unknown CALLCD01	CALLCD01	BPAM22-1	Seawater	True	3	3	1.000	0.667	562	3	3	1.000	3	3	98.59	2.82	likely_legit
BPAM22-1_SAMN08954309_MAG_00000005	Unknown CALLCD01	CALLCD01	BPAM22-1	Seawater	True	3	3	1.000	0.667	563	3	3	1.000	1	1	81.69	1.41	likely_legit
BPAM22-1_SAMN08954310_MAG_00000018	Unknown CALLCD01	CALLCD01	BPAM22-1	Seawater	True	3	3	1.000	0.667	562	3	3	1.000	2	2	83.1	2.82	likely_legit
BPAM22-1_SAMN08954310_MAG_00000027	Unknown CALLCD01	CALLCD01	BPAM22-1	Seawater	True	3	3	1.000	0.667	563	3	3	1.000	2	2	58.02	1.56	likely_legit
BPAM22-1_SAMN08954313_MAG_00000012	Unknown CALLCD01	CALLCD01	BPAM22-1	Seawater	True	3	3	1.000	0.667	563	3	3	1.000	3	3	81.02	5.24	likely_legit
BPAM22-1_SAMN08954325_MAG_00000034	Unknown CALLCD01	CALLCD01	BPAM22-1	Seawater	True	3	3	1.000	0.667	563	3	3	1.000	1	1	81.69	2.82	likely_legit
BPAM22-1_SAMN08954327_MAG_00000029	Unknown CALLCD01	CALLCD01	BPAM22-1	Seawater	True	3	3	1.000	0.667	562	3	3	1.000	2	2	78.87	1.41	likely_legit
BPAM22-1_SAMN08954339_MAG_00000009	Unknown CALLCD01	CALLCD01	BPAM22-1	Seawater	True	3	3	1.000	0.667	562	3	3	1.000	1	1	87.57	2.15	likely_legit
BRAK15-1_SAMN03392593_MAG_00000013	Opacimonas sp002292215	Opacimonas	BRAK15-1	Synthetic	True	3	3	1.000	0.667	577	3	3	1.000	3	3	93.71	1.01	likely_legit
BRAK15-1_SAMN03392596_MAG_00000055	Opacimonas sp002292215	Opacimonas	BRAK15-1	Synthetic	True	3	3	1.000	0.667	577	3	3	1.000	1	1	94.02	1.46	likely_legit
BRAK15-1_SAMN03392597_MAG_00000002	Cycloclasticus sp001566825	Cycloclasticus	BRAK15-1	Synthetic	True	3	3	1.000	0.667	574	3	3	1.000	3	3	53.78	2.59	likely_legit
BRAK15-1_SAMN03392601_MAG_00000024	Opacimonas sp002292215	Opacimonas	BRAK15-1	Synthetic	True	3	3	1.000	0.667	577	3	3	1.000	1	1	94.69	0.79	likely_legit
BRAK15-1_SAMN03392603_MAG_00000019	Cycloclasticus pugetii	Cycloclasticus	BRAK15-1	Synthetic	True	3	3	1.000	0.667	575	3	3	1.000	1	1	98.17	0.0	likely_legit
BRAK15-1_SAMN03433689_MAG_00000041	Opacimonas sp002292215	Opacimonas	BRAK15-1	Control	True	3	3	1.000	0.667	577	3	3	1.000	2	2	88.87	1.77	likely_legit
BRAZ22-1_SAMN16557391-S002_MAG_00000056	UBA7951 sp003511785	UBA7951	BRAZ22-1	Hydrothermal vent plume	True	3	3	1.000	0.667	599	3	3	1.000	3	3	96.66	1.01	likely_legit
BRAZ22-1_SAMN16557391-S004_MAG_00000029	UBA7951 sp003511785	UBA7951	BRAZ22-1	Hydrothermal vent plume	True	3	3	1.000	0.667	599	3	3	1.000	1	1	98.72	0.27	likely_legit
BRAZ22-1_SAMN16557391-S010_MAG_00000041	Halopseudomonas sp016763285	Halopseudomonas	BRAZ22-1	Hydrothermal vent plume	True	3	3	0.333	0.333	395	2	3	0.667	1	2	82.76	0.0	uncertain
BRAZ22-1_SAMN16557391-S011_MAG_00000017	UBA7951 sp003511785	UBA7951	BRAZ22-1	Hydrothermal vent plume	True	3	3	1.000	0.667	599	3	3	1.000	0	0	100.0	0.0	likely_legit
BRAZ22-1_SAMN16557391-S012_MAG_00000064	Comamonas testosteroni_B	Comamonas	BRAZ22-1	Hydrothermal vent plume	True	3	3	1.000	1.000	633	3	3	1.000	2	3	94.07	3.17	likely_legit
BRAZ22-1_SAMN16557391-S012_MAG_00000070	Ralstonia sp001078575	Ralstonia	BRAZ22-1	Hydrothermal vent plume	True	3	3	1.000	0.667	583	3	3	1.000	2	2	98.84	9.05	likely_legit
BRYA16-1_SAMN04849235-S002_MAG_00000017	Roseovarius sp937884705	Roseovarius	BRYA16-1	Seawater	True	3	3	0.667	0.333	328	2	3	0.667	3	3	57.75	0.0	likely_legit
BRYA16-1_SAMN04849235-S002_MAG_00000021	Unknown Roseovarius	Roseovarius	BRYA16-1	Seawater	True	3	3	0.667	0.667	602	3	3	1.000	2	3	88.63	3.02	likely_legit
BRYA16-1_SAMN04849738-S002_MAG_00000016	Henriciella sp038532145	Henriciella	BRYA16-1	Seawater	True	3	3	0.667	0.667	562	3	3	1.000	3	3	87.59	2.02	likely_legit
BRYA16-1_SAMN04849740-S002_MAG_00000009	Roseovarius sp937884705	Roseovarius	BRYA16-1	Seawater	True	3	3	0.333	0.333	365	2	3	0.667	2	3	97.18	1.41	uncertain
BRYA16-1_SAMN04849741-S002_MAG_00000022	Unknown Henriciella	Henriciella	BRYA16-1	Seawater	True	3	3	0.667	0.667	562	3	3	1.000	3	3	97.81	0.32	likely_legit
BRYA16-1_SAMN04849744-S002_MAG_00000017	Unknown Marivita	Marivita	BRYA16-1	Seawater	True	3	3	1.000	0.667	581	3	3	1.000	2	2	95.07	2.33	likely_legit
BRYA16-1_SAMN04849747-S002_MAG_00000008	Unknown Thermohalobaculum	Thermohalobaculum	BRYA16-1	Seawater	True	3	3	1.000	0.667	510	3	3	1.000	3	3	97.3	2.1	likely_legit
CAOS20-1_SAMN13674977-S001_MAG_00000032	Sphingobium sp000588875	Sphingobium	CAOS20-1	Seawater	True	3	3	1.000	0.667	580	3	3	1.000	3	3	98.98	0.39	likely_legit
CAOS20-1_SAMN13674977-S001_MAG_00000048	Unknown Erythrobacter	Erythrobacter	CAOS20-1	Seawater	True	3	3	1.000	0.667	565	3	3	1.000	3	3	100.0	0.0	likely_legit
CAOS20-1_SAMN13674977-S001_MAG_00000084	Limnobacter sp002954425	Limnobacter	CAOS20-1	Seawater	True	3	3	0.667	0.333	408	3	3	1.000	2	2	98.74	0.21	likely_legit
CAOS20-1_SAMN13674977-S002_MAG_00000039	Unknown Erythrobacter	Erythrobacter	CAOS20-1	Seawater	True	3	3	1.000	0.667	565	3	3	1.000	0	0	99.23	0.13	likely_legit
CAOS20-1_SAMN13674977-S002_MAG_00000042	Hyphomonas sp963973995	Hyphomonas	CAOS20-1	Seawater	True	3	3	1.000	0.667	563	3	3	1.000	2	2	79.51	2.22	likely_legit
CAOS20-1_SAMN13674977-S002_MAG_00000048	Oceanibaculum nanhaiense	Oceanibaculum	CAOS20-1	Seawater	True	3	3	1.000	0.667	600	3	3	1.000	3	3	97.18	1.41	likely_legit
CAOS20-1_SAMN13674977-S002_MAG_00000052	Sphingobium sp000588875	Sphingobium	CAOS20-1	Seawater	True	3	3	1.000	0.667	580	3	3	1.000	0	0	100.0	0.0	likely_legit
CAOS20-1_SAMN13674977-S002_MAG_00000087	EhC02 sp041596235	EhC02	CAOS20-1	Seawater	True	3	3	0.333	0.667	588	3	3	1.000	3	3	81.19	1.54	uncertain
CAOS20-1_SAMN13674977-S002_MAG_00000102	Limnobacter sp002954425	Limnobacter	CAOS20-1	Seawater	True	3	3	0.667	0.333	408	3	3	1.000	0	0	98.59	0.0	likely_legit
CAOS20-1_SAMN13674977-S003_MAG_00000028	Hoeflea sp018829385	Hoeflea	CAOS20-1	Seawater	True	3	3	0.333	0.667	593	3	3	1.000	3	3	88.73	5.63	uncertain
CAOS20-1_SAMN13674977-S003_MAG_00000040	EhC02 sp041596235	EhC02	CAOS20-1	Seawater	True	3	3	0.667	1.000	598	3	3	1.000	1	1	66.02	1.72	likely_legit
CAOS20-1_SAMN13674977-S003_MAG_00000041	Limnobacter sp002954425	Limnobacter	CAOS20-1	Seawater	True	3	3	0.667	0.333	408	3	3	1.000	0	0	95.77	0.0	likely_legit
CAOS20-1_SAMN13674977-S003_MAG_00000057	Unknown Erythrobacter	Erythrobacter	CAOS20-1	Seawater	True	3	3	1.000	0.667	565	3	3	1.000	0	0	100.0	0.0	likely_legit
CAOS20-1_SAMN13674977-S003_MAG_00000096	EhC02 sp021021435	EhC02	CAOS20-1	Seawater	True	3	3	0.667	1.000	593	3	3	1.000	0	0	98.28	0.68	likely_legit
CAOS20-1_SAMN13674977-S004_MAG_00000001	Sphingomonas sp000797515	Sphingomonas	CAOS20-1	Seawater	True	3	3	1.000	0.667	582	3	3	1.000	3	3	93.7	1.86	likely_legit
CAOS20-1_SAMN13674977-S004_MAG_00000033	Alcanivorax jadensis	Alcanivorax	CAOS20-1	Seawater	True	3	3	0.333	0.000	290	2	3	0.667	3	3	92.96	2.82	uncertain
CAOS20-1_SAMN13674977-S004_MAG_00000039	Limnobacter sp002954425	Limnobacter	CAOS20-1	Seawater	True	3	3	0.667	0.333	408	3	3	1.000	1	1	97.18	1.41	likely_legit
CAOS20-1_SAMN13674977-S005_MAG_00000089	Alteromonas sp913058315	Alteromonas	CAOS20-1	Seawater	True	3	3	1.000	0.667	579	3	3	1.000	2	3	90.41	6.32	likely_legit
CAOS20-1_SAMN13674977-S007_MAG_00000059	Hyphomonas sp000682775	Hyphomonas	CAOS20-1	Seawater	True	3	3	1.000	0.667	563	3	3	1.000	2	2	98.59	1.41	likely_legit
CAOS20-1_SAMN13674977-S010_MAG_00000013	Sphingobium sp000588875	Sphingobium	CAOS20-1	Seawater	True	3	3	1.000	0.667	580	3	3	1.000	0	0	99.59	0.59	likely_legit
CAOS20-1_SAMN13674977-S010_MAG_00000085	Unknown Erythrobacter	Erythrobacter	CAOS20-1	Seawater	True	3	3	1.000	0.667	565	3	3	1.000	0	0	100.0	0.0	likely_legit
CAOS20-1_SAMN13674977-S010_MAG_00000086	EhC02 sp021021435	EhC02	CAOS20-1	Seawater	True	3	3	0.667	0.667	593	3	3	1.000	1	1	97.81	0.68	likely_legit
CAOS20-1_SAMN13674977-S010_MAG_00000089	EhC02 sp041596235	EhC02	CAOS20-1	Seawater	True	3	3	0.667	1.000	598	3	3	1.000	2	2	65.34	0.0	likely_legit
CAOS20-1_SAMN13674977-S015_MAG_00000095	Alcanivorax sp947258575	Alcanivorax	CAOS20-1	Seawater	True	3	3	0.667	0.000	332	2	3	0.667	1	1	90.14	8.45	likely_legit
CAOS20-1_SAMN13674977-S018_MAG_00000070	Cobetia amphilecti	Cobetia	CAOS20-1	Seawater	True	3	3	1.000	1.000	655	3	3	1.000	3	3	97.87	0.69	likely_legit
CAOS20-1_SAMN13674977-S019_MAG_00000041	Erythrobacter sp001724215	Erythrobacter	CAOS20-1	Seawater	True	3	3	1.000	0.667	566	3	3	1.000	2	2	97.84	0.96	likely_legit
CAOS20-1_SAMN13674977-S019_MAG_00000063	Perlucidibaca sp018066805	Perlucidibaca	CAOS20-1	Seawater	True	3	3	0.333	0.000	259	2	3	0.667	1	2	92.6	1.42	uncertain
CAOS20-1_SAMN13674977-S020_MAG_00000012	Unknown Micavibrio_B	Micavibrio_B	CAOS20-1	Seawater	True	3	3	1.000	0.667	563	3	3	1.000	0	0	98.59	0.0	likely_legit
CAOS20-1_SAMN13674977-S020_MAG_00000015	Limnobacter sp002954425	Limnobacter	CAOS20-1	Seawater	True	3	3	0.333	0.333	368	3	3	1.000	2	2	91.77	0.88	uncertain
CAOS20-1_SAMN13674977-S020_MAG_00000019	Sphingobium sp000588875	Sphingobium	CAOS20-1	Seawater	True	3	3	1.000	0.667	580	3	3	1.000	0	0	98.59	0.0	likely_legit
CAOS20-1_SAMN13674977-S020_MAG_00000025	Oceanibaculum nanhaiense	Oceanibaculum	CAOS20-1	Seawater	True	3	3	1.000	0.667	600	3	3	1.000	3	3	98.59	0.0	likely_legit
CAOS20-1_SAMN13674977-S020_MAG_00000050	EhC02 sp021021435	EhC02	CAOS20-1	Seawater	True	3	3	0.667	1.000	593	3	3	1.000	0	0	96.01	1.43	likely_legit
CAOS20-1_SAMN13674977-S020_MAG_00000066	Unknown Erythrobacter	Erythrobacter	CAOS20-1	Seawater	True	3	3	1.000	0.667	565	3	3	1.000	0	0	100.0	0.0	likely_legit
CAOS20-1_SAMN13674977-S020_MAG_00000079	Unknown Pseudotabrizicola	Pseudotabrizicola	CAOS20-1	Seawater	True	3	3	1.000	0.333	428	3	3	1.000	1	1	92.96	1.41	likely_legit
CAOS20-1_SAMN13674978-S002_MAG_00000016	Unknown W-Chloroflexi-9	W-Chloroflexi-9	CAOS20-1	Seawater	True	3	3	1.000	1.000	614	3	3	1.000	2	3	90.14	4.23	likely_legit
CAOS20-1_SAMN13674978-S002_MAG_00000088	Acinetobacter junii	Acinetobacter	CAOS20-1	Seawater	True	3	3	0.000	0.000	200	2	3	0.667	2	3	78.19	2.33	likely_artifact
CAOS20-1_SAMN13674978-S004_MAG_00000055	EhC02 sp041596235	EhC02	CAOS20-1	Seawater	True	3	3	0.667	0.667	588	3	3	1.000	3	3	76.72	1.65	likely_legit
CAOS20-1_SAMN13674978-S005_MAG_00000026	Unknown Roseovarius	Roseovarius	CAOS20-1	Seawater	True	3	3	1.000	1.000	601	3	3	1.000	3	3	90.89	1.73	likely_legit
CAOS20-1_SAMN13674978-S005_MAG_00000080	Unknown Micavibrionaceae	Unknown Micavibrionaceae	CAOS20-1	Seawater	True	3	3	1.000	0.667	605	3	3	1.000	2	3	98.59	0.0	likely_legit
CAOS20-1_SAMN13674978-S005_MAG_00000099	Unknown Micavibrio	Micavibrio	CAOS20-1	Seawater	True	3	3	0.667	0.667	615	3	3	1.000	3	3	81.19	8.5	likely_legit
CAOS20-1_SAMN13674978-S005_MAG_00000143	Unknown Pseudorhodoplanes	Pseudorhodoplanes	CAOS20-1	Seawater	True	3	3	1.000	0.667	604	3	3	1.000	3	3	97.6	3.75	likely_legit
CAOS20-1_SAMN13674978-S005_MAG_00000149	Unknown Thalassobaculum_A	Thalassobaculum_A	CAOS20-1	Seawater	True	3	3	0.667	0.000	230	3	3	1.000	3	3	97.18	4.23	likely_legit
CAOS20-1_SAMN13674978-S006_MAG_00000100	Unknown Thalassobaculum_A	Thalassobaculum_A	CAOS20-1	Seawater	True	3	3	1.000	0.333	461	3	3	1.000	3	3	54.92	0.01	likely_legit
CAOS20-1_SAMN13674978-S008_MAG_00000028	Unknown Roseovarius	Roseovarius	CAOS20-1	Seawater	True	3	3	1.000	1.000	609	3	3	1.000	2	2	77.68	1.28	likely_legit
CAOS20-1_SAMN13674978-S008_MAG_00000100	Parvibaculum sp020062605	Parvibaculum	CAOS20-1	Seawater	True	3	3	0.333	0.333	387	2	3	0.667	3	3	96.84	1.32	uncertain
CAOS20-1_SAMN13674978-S009_MAG_00000044	Acinetobacter junii	Acinetobacter	CAOS20-1	Seawater	True	3	3	0.000	0.000	200	3	3	1.000	1	2	77.36	1.1	likely_artifact
CAOS20-1_SAMN13674978-S009_MAG_00000092	GCA-2731375 sp963577885	GCA-2731375	CAOS20-1	Seawater	True	3	3	0.667	0.333	417	3	3	1.000	3	3	97.18	0.0	likely_legit
CAOS20-1_SAMN13674978-S010_MAG_00000007	EhC02 sp041596235	EhC02	CAOS20-1	Seawater	True	3	3	0.333	0.333	473	2	3	0.667	1	2	58.1	0.0	uncertain
CAOS20-1_SAMN13674978-S010_MAG_00000083	Novosphingobium indicum	Novosphingobium	CAOS20-1	Seawater	True	3	3	0.000	0.000	412	3	3	1.000	2	2	76.3	0.85	likely_artifact
CAOS20-1_SAMN13674978-S012_MAG_00000003	Unknown Pseudorhodoplanes	Pseudorhodoplanes	CAOS20-1	Seawater	True	3	3	1.000	0.333	394	3	3	1.000	1	1	78.04	3.7	likely_legit
CAOS20-1_SAMN13674978-S012_MAG_00000023	Sphingobium xenophagum	Sphingobium	CAOS20-1	Seawater	True	3	3	0.667	0.333	295	3	3	1.000	3	3	66.2	0.0	likely_legit
CAOS20-1_SAMN13674978-S012_MAG_00000034	Limnobacter sp002954425	Limnobacter	CAOS20-1	Seawater	True	3	3	0.667	0.333	408	3	3	1.000	1	1	92.96	0.0	likely_legit
CAOS20-1_SAMN13674978-S012_MAG_00000040	Phenylobacterium sp019264505	Phenylobacterium	CAOS20-1	Seawater	True	3	3	0.000	0.000	176	1	3	0.333	1	2	72.6	2.67	likely_artifact
CAOS20-1_SAMN13674978-S012_MAG_00000064	Unknown Roseovarius	Roseovarius	CAOS20-1	Seawater	True	3	3	1.000	1.000	613	3	3	1.000	1	1	93.72	0.94	likely_legit
CAOS20-1_SAMN13674978-S012_MAG_00000069	Unknown W-Chloroflexi-9	W-Chloroflexi-9	CAOS20-1	Seawater	True	3	3	0.667	0.333	453	3	3	1.000	2	2	83.1	2.82	likely_legit
CAOS20-1_SAMN13674978-S012_MAG_00000122	Unknown Hoeflea	Hoeflea	CAOS20-1	Seawater	True	3	3	1.000	0.333	445	3	3	1.000	3	3	81.18	3.12	likely_legit
CAOS20-1_SAMN13674978-S013_MAG_00000152	Parvibaculum sp040216885	Parvibaculum	CAOS20-1	Seawater	True	3	3	0.333	0.333	301	2	3	0.667	2	3	85.19	1.09	uncertain
CAOS20-1_SAMN13674978-S018_MAG_00000004	Unknown PTKB01	PTKB01	CAOS20-1	Seawater	True	3	3	0.000	0.000	147	3	3	1.000	2	2	58.0	1.3	likely_artifact
CAOS20-1_SAMN13674978-S018_MAG_00000134	CAISIP01 sp024236015	CAISIP01	CAOS20-1	Seawater	True	3	3	0.333	0.333	406	3	3	1.000	2	3	60.56	0.0	uncertain
CAOS20-1_SAMN13674978-S020_MAG_00000028	UBA868 sp002295285	UBA868	CAOS20-1	Seawater	True	3	3	0.667	0.000	328	2	3	0.667	2	3	92.96	1.41	likely_legit
CAOS20-1_SAMN13674978-S025_MAG_00000060	Unknown Qipengyuania	Qipengyuania	CAOS20-1	Seawater	True	3	3	1.000	1.000	637	2	3	0.667	1	1	92.77	2.82	likely_legit
CAOS20-1_SAMN13674978-S027_MAG_00000111	Unknown Hyphococcus	Hyphococcus	CAOS20-1	Seawater	True	3	3	0.000	0.000	331	2	3	0.667	2	3	76.29	1.33	likely_artifact
CAOS20-1_SAMN13674978-S028_MAG_00000044	Unknown Janthinobacterium	Janthinobacterium	CAOS20-1	Seawater	True	3	3	0.667	1.000	605	3	3	1.000	3	3	95.77	1.41	likely_legit
CAOS20-1_SAMN13674978-S029_MAG_00000060	HT1-32 sp040222645	HT1-32	CAOS20-1	Seawater	True	3	3	1.000	0.667	581	3	3	1.000	3	3	99.38	0.5	likely_legit
CAOS20-1_SAMN13674978-S029_MAG_00000089	Unknown UBA4479	UBA4479	CAOS20-1	Seawater	True	3	3	1.000	0.667	599	3	3	1.000	2	3	100.0	0.0	likely_legit
CAOS20-1_SAMN13674978-S029_MAG_00000113	Unknown Rubrivivax	Rubrivivax	CAOS20-1	Seawater	True	3	3	0.667	1.000	619	3	3	1.000	3	3	99.38	1.17	likely_legit
CAOS20-1_SAMN13674978-S030_MAG_00000002	Hydrogenophaga sp002840835	Hydrogenophaga	CAOS20-1	Seawater	True	3	3	1.000	0.667	616	3	3	1.000	3	3	99.61	0.97	likely_legit
CAOS20-1_SAMN13674978-S030_MAG_00000015	Unknown UBA1479	UBA1479	CAOS20-1	Seawater	True	3	3	1.000	0.667	607	3	3	1.000	1	1	97.18	1.41	likely_legit
CAOS20-1_SAMN13674978-S030_MAG_00000041	Unknown UBA4479	UBA4479	CAOS20-1	Seawater	True	3	3	1.000	0.667	599	3	3	1.000	1	1	98.51	0.62	likely_legit
CAOS20-1_SAMN13674978-S030_MAG_00000052	HT1-32 sp040222645	HT1-32	CAOS20-1	Seawater	True	3	3	1.000	0.667	581	3	3	1.000	0	0	99.88	0.5	likely_legit
CAOS20-1_SAMN13674978-S030_MAG_00000086	Oceanibaculum nanhaiense	Oceanibaculum	CAOS20-1	Seawater	True	3	3	1.000	0.667	600	3	3	1.000	3	3	95.77	1.41	likely_legit
CAOS20-1_SAMN13674978-S031_MAG_00000009	Unknown UBA4479	UBA4479	CAOS20-1	Seawater	True	3	3	1.000	0.667	599	3	3	1.000	0	0	99.5	0.62	likely_legit
CAOS20-1_SAMN13674978-S031_MAG_00000010	Unknown Rubrivivax	Rubrivivax	CAOS20-1	Seawater	True	3	3	0.667	1.000	619	3	3	1.000	0	0	99.38	7.54	likely_legit
CAOS20-1_SAMN13674978-S031_MAG_00000018	Hydrogenophaga sp002840835	Hydrogenophaga	CAOS20-1	Seawater	True	3	3	1.000	0.667	616	3	3	1.000	0	0	99.77	0.97	likely_legit
CAOS20-1_SAMN13674978-S031_MAG_00000083	GCA-2731375 sp963577885	GCA-2731375	CAOS20-1	Seawater	True	3	3	0.333	0.333	165	3	3	1.000	3	3	75.31	0.66	uncertain
CAOS20-1_SAMN13674978-S031_MAG_00000102	Nitrogeniibacter aestuarii	Nitrogeniibacter	CAOS20-1	Seawater	True	3	3	1.000	1.000	541	3	3	1.000	3	3	75.1	4.57	likely_legit
CAOS20-1_SAMN13674978-S032_MAG_00000053	Unknown Rubrivivax	Rubrivivax	CAOS20-1	Seawater	True	3	3	0.667	1.000	619	3	3	1.000	2	2	95.22	5.89	likely_legit
CAOS20-1_SAMN13674978-S032_MAG_00000067	GCA-2731375 sp963577885	GCA-2731375	CAOS20-1	Seawater	True	3	3	0.667	0.333	417	3	3	1.000	3	3	98.59	2.82	likely_legit
CAOS20-1_SAMN13674978-S033_MAG_00000059	Oceanibaculum nanhaiense	Oceanibaculum	CAOS20-1	Seawater	True	3	3	1.000	0.333	463	3	3	1.000	2	2	98.59	1.41	likely_legit
CAOS20-1_SAMN13674978-S035_MAG_00000036	Unknown JAPHRK01	Unknown JAPHRK01	CAOS20-1	Seawater	True	3	3	1.000	0.333	417	3	3	1.000	2	2	85.75	2.3	likely_legit
CAOS20-1_SAMN13674978-S035_MAG_00000055	GCA-2731375 sp963577885	GCA-2731375	CAOS20-1	Seawater	True	3	3	0.667	0.333	417	3	3	1.000	2	2	89.98	3.41	likely_legit
CARD22-1_SAMN24292799_MAG_00000026	Desulfoluna sp022360815	Desulfoluna	CARD22-1	Coral tissue	True	3	3	0.333	0.667	557	3	3	1.000	3	3	66.88	2.3	uncertain
CARD22-1_SAMN24292802_MAG_00000002	JAKSBE01 sp022361275	JAKSBE01	CARD22-1	Coral tissue	True	3	3	1.000	0.333	364	3	3	1.000	3	3	95.77	4.23	likely_legit
CARD22-1_SAMN24292803_MAG_00000004	Unknown Kordiimonadaceae	Unknown Kordiimonadaceae	CARD22-1	Coral tissue	True	3	3	1.000	0.333	425	3	3	1.000	3	3	51.51	2.17	likely_legit
CARD22-1_SAMN24292805_MAG_00000003	JAKSBE01 sp022361275	JAKSBE01	CARD22-1	Coral tissue	True	3	3	1.000	0.667	600	3	3	1.000	3	3	100.0	4.23	likely_legit
CARD22-1_SAMN24292806_MAG_00000007	JAKSBI01 sp022361215	JAKSBI01	CARD22-1	Coral tissue	True	3	3	1.000	0.667	607	3	3	1.000	3	3	88.89	1.97	likely_legit
CARD22-1_SAMN24292809_MAG_00000007	Unknown JANQEE01	JANQEE01	CARD22-1	Coral tissue	True	3	3	1.000	0.667	602	3	3	1.000	3	3	88.32	1.55	likely_legit
CARD22-1_SAMN24292809_MAG_00000012	Unknown Pelagibius	Pelagibius	CARD22-1	Coral tissue	True	3	3	1.000	0.333	438	3	3	1.000	3	3	95.77	2.82	likely_legit
CARD22-1_SAMN24292812_MAG_00000030	Unknown JANQMX01	JANQMX01	CARD22-1	Coral tissue	True	3	3	0.333	0.333	125	3	3	1.000	3	3	71.83	9.86	uncertain
CARD22-1_SAMN24292818_MAG_00000001	Unknown JANQLT01	JANQLT01	CARD22-1	Coral tissue	True	3	3	0.000	0.000	161	3	3	1.000	3	3	67.61	2.82	likely_artifact
CARD22-1_SAMN24292818_MAG_00000040	Unknown CADEGL01	Unknown CADEGL01	CARD22-1	Coral tissue	True	3	3	1.000	0.667	603	3	3	1.000	3	3	97.18	2.82	likely_legit
CARD22-1_SAMN24292821_MAG_00000002	Unknown Hoeflea_A	Hoeflea_A	CARD22-1	Coral tissue	True	3	3	1.000	1.000	636	3	3	1.000	3	3	100.0	0.0	likely_legit
CARD22-1_SAMN24292821_MAG_00000018	JAKSBI01 sp022361215	JAKSBI01	CARD22-1	Coral tissue	True	3	3	1.000	1.000	607	3	3	1.000	2	2	91.09	3.19	likely_legit
CARD22-1_SAMN24292824_MAG_00000011	Unknown JAKSDN01	Unknown JAKSDN01	CARD22-1	Coral tissue	True	3	3	1.000	0.667	597	3	3	1.000	3	3	96.05	2.97	likely_legit
CARD22-1_SAMN24292824_MAG_00000026	JAKSBI01 sp022361215	JAKSBI01	CARD22-1	Coral tissue	True	3	3	1.000	1.000	607	3	3	1.000	3	3	99.2	2.31	likely_legit
CARD22-1_SAMN24292824_MAG_00000027	Unknown JAKSDN01	Unknown JAKSDN01	CARD22-1	Coral tissue	True	3	3	0.667	0.000	294	3	3	1.000	3	3	59.04	1.09	likely_legit
CARD22-1_SAMN24292826_MAG_00000018	Unknown JANQEE01	JANQEE01	CARD22-1	Coral tissue	True	3	3	0.667	0.333	438	3	3	1.000	3	3	94.52	5.12	likely_legit
CARD22-1_SAMN24292832_MAG_00000003	JAKSBI01 sp022361215	JAKSBI01	CARD22-1	Coral tissue	True	3	3	1.000	0.000	354	3	3	1.000	3	3	91.59	2.84	likely_legit
CARD22-1_SAMN24292833_MAG_00000003	JAKSBI01 sp022361215	JAKSBI01	CARD22-1	Coral tissue	True	3	3	1.000	1.000	607	3	3	1.000	2	2	95.08	1.91	likely_legit
CARD22-1_SAMN24292840_MAG_00000035	Unknown JAKSBE01	Unknown JAKSBE01	CARD22-1	Coral tissue	True	3	3	0.667	0.000	423	3	3	1.000	3	3	95.94	2.68	likely_legit
CARD22-1_SAMN24292843_MAG_00000010	Unknown JAKSBE01	JAKSBE01	CARD22-1	Coral tissue	True	3	3	1.000	0.667	603	3	3	1.000	3	3	96.62	6.12	likely_legit
CARD22-1_SAMN24292843_MAG_00000012	Unknown J153	Unknown J153	CARD22-1	Coral tissue	True	3	3	0.333	0.000	402	3	3	1.000	2	3	87.32	1.41	uncertain
CARD22-1_SAMN24292854_MAG_00000004	JAKSBY01 sp022360855	JAKSBY01	CARD22-1	Coral tissue	True	3	3	0.333	0.000	391	2	3	0.667	2	2	87.86	1.75	uncertain
CARD22-1_SAMN24292864_MAG_00000006	JAKSBE01 sp028282935	JAKSBE01	CARD22-1	Coral tissue	True	3	3	0.667	0.333	425	3	3	1.000	3	3	67.1	1.45	likely_legit
CAST23-1_SAMN19118287_MAG_00000001	Opacimonas sp029246415	Opacimonas	CAST23-1	Seawater	True	3	3	1.000	0.667	577	3	3	1.000	0	0	100.0	0.0	likely_legit
CAST23-1_SAMN19118288_MAG_00000039	UBA868 sp018672825	UBA868	CAST23-1	Seawater	True	3	3	0.667	0.667	600	2	3	0.667	3	3	56.46	1.19	likely_legit
CAST23-1_SAMN19118291_MAG_00000058	Henriciella sp029238175	Henriciella	CAST23-1	Seawater	True	3	3	1.000	0.667	562	3	3	1.000	3	3	94.37	1.41	likely_legit
CAST23-1_SAMN19118303_MAG_00000091	Opacimonas sp029246415	Opacimonas	CAST23-1	Seawater	True	3	3	1.000	0.667	577	3	3	1.000	0	0	100.0	0.0	likely_legit
CHAS20-1_SAMN14350112_MAG_00000005	JASJBY01 sp030066245	JASJBY01	CHAS20-1	Marine sediment	True	3	3	0.333	0.333	357	2	3	0.667	3	3	66.2	2.82	uncertain
CHAS20-1_SAMN14350113_MAG_00000003	JAFDCJ01 sp030066155	JAFDCJ01	CHAS20-1	Marine sediment	True	3	3	0.667	0.667	590	3	3	1.000	3	3	52.11	2.82	likely_legit
CHAS20-1_SAMN14350113_MAG_00000023	JASJEC01 sp030064845	JASJEC01	CHAS20-1	Marine sediment	True	3	3	0.667	0.667	603	3	3	1.000	3	3	52.11	5.63	likely_legit
CHAS20-1_SAMN14350114_MAG_00000012	Unknown JAHELT01	JAHELT01	CHAS20-1	Marine sediment	True	3	3	0.333	0.000	343	3	3	1.000	3	3	54.93	4.23	uncertain
CHAS20-1_SAMN14350116_MAG_00000013	Unknown Desulfopila_A	Desulfopila_A	CHAS20-1	Marine sediment	True	3	3	0.667	0.667	739	3	3	1.000	2	3	93.0	3.34	likely_legit
CHAS20-1_SAMN14350117_MAG_00000026	Unknown JAHEIW01	JAHEIW01	CHAS20-1	Marine sediment	True	3	3	1.000	0.333	399	3	3	1.000	3	3	90.14	8.45	likely_legit
CHAS20-1_SAMN14350128_MAG_00000057	Desulfopila_A sp030065655	Desulfopila_A	CHAS20-1	Marine sediment	True	3	3	0.667	0.333	391	3	3	1.000	3	3	82.6	6.28	likely_legit
CHAS20-1_SAMN14350128_MAG_00000071	JASJCT01 sp030065855	JASJCT01	CHAS20-1	Marine sediment	True	3	3	0.333	0.333	400	2	3	0.667	2	3	97.18	2.82	uncertain
CHAS20-1_SAMN14350128_MAG_00000100	Unknown JAAEUE01	JAAEUE01	CHAS20-1	Marine sediment	True	3	3	0.667	0.333	413	3	3	1.000	3	3	76.7	2.73	likely_legit
CHAS20-1_SAMN14350128_MAG_00000105	JASJCL01 sp030066015	JASJCL01	CHAS20-1	Marine sediment	True	3	3	0.667	0.667	739	3	3	1.000	3	3	92.22	3.65	likely_legit
CHAS20-1_SAMN14350203_MAG_00000004	Unknown JABDKV01	Unknown JABDKV01	CHAS20-1	Marine sediment	True	3	3	0.667	0.667	600	3	3	1.000	3	3	79.94	9.23	likely_legit
CHAS20-1_SAMN14350203_MAG_00000018	JAJDOD01 sp030065075	JAJDOD01	CHAS20-1	Marine sediment	True	3	3	1.000	0.333	420	3	3	1.000	2	2	94.6	2.95	likely_legit
CHAS20-1_SAMN14350203_MAG_00000056	Unknown Rhodobacteraceae	Unknown Rhodobacteraceae	CHAS20-1	Marine sediment	True	3	3	1.000	0.333	364	3	3	1.000	3	3	81.51	8.91	likely_legit
CHAS20-1_SAMN14350223_MAG_00000049	Unknown Cyanobacteriales	Unknown Cyanobacteriales	CHAS20-1	Marine sediment	True	3	3	0.333	0.333	367	3	3	1.000	3	3	71.65	1.24	uncertain
CHAS20-1_SAMN14350223_MAG_00000070	Unknown JANQNX01	JANQNX01	CHAS20-1	Marine sediment	True	3	3	1.000	0.667	564	3	3	1.000	3	3	100.0	1.41	likely_legit
CHAS20-1_SAMN14350224_MAG_00000024	Unknown JANQNX01	JANQNX01	CHAS20-1	Marine sediment	True	3	3	1.000	0.667	564	3	3	1.000	1	1	98.59	0.0	likely_legit
CHAS20-1_SAMN14350225_MAG_00000019	JAFDCJ01 sp030066155	JAFDCJ01	CHAS20-1	Marine sediment	True	3	3	0.333	0.667	590	3	3	1.000	3	3	74.65	1.41	uncertain
CHEN21-1_SAMN18835368-S002_MAG_00000004	Unknown Casp-alpha2	Casp-alpha2	CHEN21-1	Marine sediment	True	3	3	1.000	0.000	432	3	3	1.000	3	3	67.09	2.25	likely_legit
CHEN21-1_SAMN18835368-S002_MAG_00000278	Unknown UBA7887	UBA7887	CHEN21-1	Marine sediment	True	3	3	0.667	0.000	292	3	3	1.000	3	3	69.01	5.63	likely_legit
CHEN21-1_SAMN18835368-S003_MAG_00000170	Unknown Casp-alpha2	Unknown Casp-alpha2	CHEN21-1	Marine sediment	True	3	3	1.000	0.667	602	3	3	1.000	3	3	78.87	1.41	likely_legit
COEL20-1_SAMN07406981_MAG_00000010	Phaeobacter italicus	Phaeobacter	COEL20-1	Seawater	True	3	3	1.000	0.667	609	3	3	1.000	2	3	82.26	3.9	likely_legit
COEL20-1_SAMN07406997_MAG_00000020	Unknown Henriciella	Henriciella	COEL20-1	Seawater	True	3	3	0.667	0.667	562	3	3	1.000	2	2	95.77	2.82	likely_legit
COEL20-1_SAMN07407002_MAG_00000003	Unknown Henriciella	Henriciella	COEL20-1	Seawater	True	3	3	0.333	0.333	410	3	3	1.000	1	1	94.18	1.63	uncertain
COEL20-1_SAMN07407004_MAG_00000032	Unknown Marivita	Marivita	COEL20-1	Seawater	True	3	3	0.667	0.667	593	3	3	1.000	0	0	66.65	1.58	likely_legit
COLA18-1_SAMN06267278_MAG_00000194	JADHLJ01 sp937776645	JADHLJ01	COLA18-1	Seawater	True	3	3	0.667	0.000	391	2	3	0.667	2	3	97.46	1.09	likely_legit
COLA18-1_SAMN06267281_MAG_00000125	JADHLJ01 sp937776645	JADHLJ01	COLA18-1	Seawater	True	3	3	0.667	0.000	391	2	3	0.667	2	2	98.59	0.0	likely_legit
COLA18-1_SAMN06267281_MAG_00000272	GCA-2731375 sp963577885	GCA-2731375	COLA18-1	Seawater	True	3	3	0.667	0.333	417	3	3	1.000	1	1	86.99	0.43	likely_legit
COLA18-1_SAMN06267284_MAG_00000085	JADHLJ01 sp937776645	JADHLJ01	COLA18-1	Seawater	True	3	3	0.667	0.000	391	2	3	0.667	0	0	98.59	0.0	likely_legit
COLA18-1_SAMN06267284_MAG_00000135	GCA-2731375 sp963577885	GCA-2731375	COLA18-1	Seawater	True	3	3	0.667	0.333	417	3	3	1.000	1	1	85.92	0.0	likely_legit
COLA18-1_SAMN06267287_MAG_00000159	GCA-2731375 sp963577885	GCA-2731375	COLA18-1	Seawater	True	3	3	0.667	0.333	417	3	3	1.000	2	2	90.14	0.0	likely_legit
COLA18-1_SAMN06267287_MAG_00000257	JADHLJ01 sp937776645	JADHLJ01	COLA18-1	Seawater	True	3	3	0.667	0.000	391	2	3	0.667	0	0	97.9	0.43	likely_legit
COLL22-1_SAMN16929933_MAG_00000042	Yoonia sp905182645	Yoonia	COLL22-1	Seawater	True	3	3	0.667	0.000	305	2	3	0.667	1	2	94.08	0.24	likely_legit
COLL22-1_SAMN16929944_MAG_00000086	UBA4479 sp963926035	UBA4479	COLL22-1	Seawater	True	3	3	0.333	0.000	285	3	3	1.000	3	3	90.14	1.41	uncertain
COLL22-1_SAMN16929963_MAG_00000032	Yoonia sp905182645	Yoonia	COLL22-1	Seawater	True	3	3	1.000	0.333	300	2	3	0.667	2	2	77.46	2.82	likely_legit
COLL22-1_SAMN16929972_MAG_00000049	JABMNT01 sp938074585	JABMNT01	COLL22-1	Seawater	True	3	3	0.333	0.000	271	3	3	1.000	2	3	52.01	1.87	uncertain
COLL22-1_SAMN16929976_MAG_00000005	Sulfitobacter sp001634775	Sulfitobacter	COLL22-1	Seawater	True	3	3	0.667	0.333	434	3	3	1.000	2	3	95.03	1.14	likely_legit
COLL22-1_SAMN16929978_MAG_00000028	Sulfitobacter sp001634775	Sulfitobacter	COLL22-1	Seawater	True	3	3	0.667	0.333	434	3	3	1.000	2	2	91.39	0.8	likely_legit
COLL22-1_SAMN16929979_MAG_00000005	Sulfitobacter sp001634775	Sulfitobacter	COLL22-1	Seawater	True	3	3	0.667	0.667	521	3	3	1.000	2	3	75.32	0.92	likely_legit
COLL22-1_SAMN16930035_MAG_00000004	GCA-2731375 sp963577885	GCA-2731375	COLL22-1	Seawater	True	3	3	0.667	0.333	417	3	3	1.000	3	3	50.7	1.41	likely_legit
COLL22-1_SAMN16930040_MAG_00000002	Marinobacter flavimaris	Marinobacter	COLL22-1	Seawater	True	3	3	0.333	0.333	382	2	3	0.667	2	3	96.44	1.66	uncertain
COLL22-1_SAMN16930054_MAG_00000043	GCA-2731375 sp963577885	GCA-2731375	COLL22-1	Seawater	True	3	3	0.667	0.000	399	3	3	1.000	2	2	59.15	1.41	likely_legit
COLL22-1_SAMN16930056_MAG_00000027	JADHLJ01 sp937776645	JADHLJ01	COLL22-1	Seawater	True	3	3	0.667	0.000	391	2	3	0.667	0	0	85.99	7.89	likely_legit
COLL22-1_SAMN16930067_MAG_00000014	Yoonia sp905182645	Yoonia	COLL22-1	Seawater	True	3	3	0.333	0.000	424	2	3	0.667	1	3	94.9	0.3	uncertain
COLL22-1_SAMN16930108_MAG_00000046	UBA868 sp018672825	UBA868	COLL22-1	Seawater	True	3	3	0.000	0.000	239	2	3	0.667	1	2	59.15	2.82	likely_artifact
COLL22-1_SAMN16930225_MAG_00000015	Yoonia sp002378665	Yoonia	COLL22-1	Seawater	True	3	3	0.667	0.333	425	3	3	1.000	1	2	73.67	3.91	likely_legit
COLL22-1_SAMN16930232_MAG_00000052	JABMNT01 sp938074585	JABMNT01	COLL22-1	Seawater	True	3	3	0.333	0.000	386	3	3	1.000	1	2	97.26	1.49	uncertain
COST21-1_SAMEA3913361_MAG_00000011	Ruegeria sp900313035	Ruegeria	COST21-1	Coral tissue	True	3	3	1.000	0.333	424	3	3	1.000	2	3	93.53	2.24	likely_legit
COUT21-1_SAMEA5700192_MAG_00000001	Marinobacter manganoxydans	Marinobacter	COUT21-1	Seawater	True	3	3	0.667	0.667	601	3	3	1.000	3	3	54.85	7.57	likely_legit
COWA16-1_SAMN05421426-S003_MAG_00000182	Jannaschia helgolandensis	Jannaschia	COWA16-1	Seawater	True	3	3	0.667	1.000	603	3	3	1.000	3	3	92.96	1.41	likely_legit
DHAR22-1_SAMN20424373_MAG_00000110	Henriciella sp017642885	Henriciella	DHAR22-1	Marine sponge tissue	True	3	3	0.333	0.333	217	3	3	1.000	3	3	95.77	2.82	uncertain
DLUG22-1_SAMEA5958359_MAG_00000048	Sphingomonas ginsenosidimutans	Sphingomonas	DLUG22-1	Seawater	True	3	3	1.000	0.333	410	3	3	1.000	1	2	100.0	0.0	likely_legit
DLUG22-1_SAMEA5958360_MAG_00000021	Sphingomonas ginsenosidimutans	Sphingomonas	DLUG22-1	Seawater	True	3	3	1.000	0.333	410	3	3	1.000	1	1	99.66	1.16	likely_legit
DLUG22-1_SAMEA5958361_MAG_00000115	Sphingomonas ginsenosidimutans	Sphingomonas	DLUG22-1	Seawater	True	3	3	1.000	0.333	410	3	3	1.000	0	0	100.0	0.0	likely_legit
DLUG22-1_SAMEA5958362_MAG_00000017	Sphingomonas ginsenosidimutans	Sphingomonas	DLUG22-1	Seawater	True	3	3	1.000	0.333	410	3	3	1.000	0	0	100.0	0.0	likely_legit
DLUG22-1_SAMEA5958370_MAG_00000054	Sphingomonas ginsenosidimutans	Sphingomonas	DLUG22-1	Seawater	True	3	3	0.667	0.333	344	3	3	1.000	3	3	78.87	1.41	likely_legit
DLUG22-1_SAMEA5958375_MAG_00000035	Sphingobium sp001713415	Sphingobium	DLUG22-1	Seawater	True	3	3	1.000	0.667	580	3	3	1.000	2	2	69.75	0.39	likely_legit
DLUG22-1_SAMEA5958376_MAG_00000052	Sphingobium sp001713415	Sphingobium	DLUG22-1	Seawater	True	3	3	1.000	0.667	580	3	3	1.000	0	0	100.0	0.0	likely_legit
DLUG22-1_SAMEA5958376_MAG_00000102	Sphingobium xenophagum	Sphingobium	DLUG22-1	Seawater	True	3	3	0.667	0.333	295	3	3	1.000	2	2	58.26	0.0	likely_legit
DLUG22-1_SAMEA5958378_MAG_00000027	JABMNT01 sp028825025	JABMNT01	DLUG22-1	Seawater	True	3	3	1.000	0.333	410	3	3	1.000	3	3	85.82	0.62	likely_legit
DLUG22-1_SAMEA5958380_MAG_00000042	Sphingobium sp001713415	Sphingobium	DLUG22-1	Seawater	True	3	3	1.000	0.333	295	3	3	1.000	2	2	78.96	0.87	likely_legit
DLUG22-1_SAMEA5958382_MAG_00000034	Sphingobium sp001713415	Sphingobium	DLUG22-1	Seawater	True	3	3	1.000	0.333	355	3	3	1.000	2	2	78.87	2.82	likely_legit
DOMB16-1_SAMN04262032_MAG_00000002	Vreelandella lionensis	Vreelandella	DOMB16-1	Seawater	True	3	3	1.000	1.000	617	3	3	1.000	3	3	100.0	0.0	likely_legit
DOMB16-1_SAMN04262045_MAG_00000002	Salipiger thiooxidans	Salipiger	DOMB16-1	Seawater	True	3	3	1.000	0.667	586	3	3	1.000	2	2	98.54	4.31	likely_legit
DOMB16-1_SAMN04262045_MAG_00000019	Cycloclasticus pugetii	Cycloclasticus	DOMB16-1	Seawater	True	3	3	0.667	0.333	349	3	3	1.000	2	2	98.59	0.0	likely_legit
DOMB16-1_SAMN04262045_MAG_00000021	Alteromonas sp002691625	Alteromonas	DOMB16-1	Seawater	True	3	3	1.000	0.333	356	2	3	0.667	3	3	61.21	3.45	likely_legit
DOMB18-1_SAMN06288063_MAG_00000339	Unknown Desulfobacteraceae	Unknown Desulfobacteraceae	DOMB18-1	Marine sediment	True	3	3	0.333	0.667	692	3	3	1.000	3	3	89.52	8.12	uncertain
DONG22-1_SAMN19687749_MAG_00000003	Unknown VYFG01	VYFG01	DONG22-1	Marine sediment	True	3	3	0.667	0.667	543	3	3	1.000	2	3	99.04	1.57	likely_legit
DONG22-1_SAMN19687752_MAG_00000020	Unknown JAAEPA01	Unknown JAAEPA01	DONG22-1	Marine sediment	True	3	3	0.667	0.333	371	3	3	1.000	3	3	66.2	2.82	likely_legit
DONG22-1_SAMN19687753_MAG_00000013	Unknown JAHEKE01	JAHEKE01	DONG22-1	Marine sediment	True	3	3	0.667	0.333	358	3	3	1.000	3	3	78.87	2.82	likely_legit
DONG22-1_SAMN19687755_MAG_00000008	Unknown HK1	Unknown HK1	DONG22-1	Marine sediment	True	3	3	0.333	0.000	262	3	3	1.000	3	3	53.52	0.0	uncertain
DONG22-1_SAMN19687756_MAG_00000009	Unknown JABDQA01	JABDQA01	DONG22-1	Marine sediment	True	3	3	0.667	0.333	426	3	3	1.000	3	3	77.46	1.41	likely_legit
DONG22-1_SAMN19687756_MAG_00000028	Unknown JAAETI01	JAAETI01	DONG22-1	Marine sediment	True	3	3	0.667	0.333	367	3	3	1.000	2	3	85.92	5.63	likely_legit
DONG22-1_SAMN19687759_MAG_00000011	Unknown JAHEKE01	JAHEKE01	DONG22-1	Marine sediment	True	3	3	1.000	0.667	502	3	3	1.000	3	3	56.32	8.1	likely_legit
DONG22-1_SAMN19687761_MAG_00000006	Unknown Woeseiaceae	Unknown Woeseiaceae	DONG22-1	Marine sediment	True	3	3	0.333	0.000	394	3	3	1.000	2	3	60.68	6.28	uncertain
DRIS22-1_SAMN24661204_MAG_00000006	Unknown Henriciella	Henriciella	DRIS22-1	Marine biofilm	True	3	3	1.000	0.667	562	3	3	1.000	3	3	92.37	1.27	likely_legit
DRIS22-1_SAMN24661204_MAG_00000007	JBCBKL01 sp963922565	JBCBKL01	DRIS22-1	Marine biofilm	True	3	3	1.000	1.000	614	3	3	1.000	3	3	91.34	1.33	likely_legit
DRIS22-1_SAMN24661205_MAG_00000014	JBCBKL01 sp038521825	JBCBKL01	DRIS22-1	Marine biofilm	True	3	3	0.667	1.000	614	3	3	1.000	3	3	99.73	0.59	likely_legit
DRIS22-1_SAMN24661206_MAG_00000022	Unknown Parvularcula	Parvularcula	DRIS22-1	Marine biofilm	True	3	3	1.000	0.667	619	3	3	1.000	3	3	92.09	9.73	likely_legit
DRIS22-1_SAMN24661210_MAG_00000007	Alteromonas aggregata	Alteromonas	DRIS22-1	Marine biofilm	True	3	3	1.000	0.667	578	3	3	1.000	2	3	96.65	0.21	likely_legit
DRIS22-1_SAMN24661211_MAG_00000007	Tectiglobus sp963922535	Tectiglobus	DRIS22-1	Marine biofilm	True	3	3	0.333	1.000	599	3	3	1.000	3	3	71.83	1.41	uncertain
DRIS22-1_SAMN24661211_MAG_00000016	JBCBKL01 sp038521825	JBCBKL01	DRIS22-1	Marine biofilm	True	3	3	0.667	1.000	556	3	3	1.000	1	1	95.78	0.32	likely_legit
DRIS22-1_SAMN24661213_MAG_00000013	Unknown Aliishimia	Aliishimia	DRIS22-1	Marine biofilm	True	3	3	1.000	0.667	569	3	3	1.000	2	3	88.73	2.82	likely_legit
DRIS22-1_SAMN24661215_MAG_00000014	Unknown Henriciella	Henriciella	DRIS22-1	Marine biofilm	True	3	3	1.000	0.667	562	3	3	1.000	3	3	98.59	0.0	likely_legit
DRIS22-1_SAMN24661215_MAG_00000022	JBCBKL01 sp963922565	JBCBKL01	DRIS22-1	Marine biofilm	True	3	3	1.000	1.000	614	3	3	1.000	3	3	97.18	1.41	likely_legit
DRIS22-1_SAMN24661215_MAG_00000024	JAJFFW01 sp963922595	JAJFFW01	DRIS22-1	Marine biofilm	True	3	3	1.000	0.667	638	3	3	1.000	3	3	97.73	4.23	likely_legit
DRIS22-1_SAMN24661216_MAG_00000001	Unknown Aestuariivita	Aestuariivita	DRIS22-1	Marine biofilm	True	3	3	0.667	0.667	570	3	3	1.000	3	3	73.46	2.29	likely_legit
DRIS22-1_SAMN24661216_MAG_00000003	Unknown Henriciella	Henriciella	DRIS22-1	Marine biofilm	True	3	3	0.333	0.333	224	3	3	1.000	3	3	76.45	2.89	uncertain
DRIS22-1_SAMN24661218_MAG_00000008	Unknown Erythrobacter	Erythrobacter	DRIS22-1	Marine biofilm	True	3	3	1.000	1.000	640	3	3	1.000	3	3	86.61	5.95	likely_legit
DRIS22-1_SAMN24661219_MAG_00000003	Alteromonas aggregata	Alteromonas	DRIS22-1	Marine biofilm	True	3	3	1.000	0.667	578	3	3	1.000	0	0	98.16	0.21	likely_legit
DRIS22-1_SAMN24661222_MAG_00000001	Alteromonas aggregata	Alteromonas	DRIS22-1	Marine biofilm	True	3	3	1.000	0.667	578	3	3	1.000	1	1	96.84	0.49	likely_legit
DRIS22-1_SAMN24661223_MAG_00000007	Alteromonas aggregata	Alteromonas	DRIS22-1	Marine biofilm	True	3	3	1.000	0.667	578	3	3	1.000	0	0	97.11	0.29	likely_legit
DRIS22-1_SAMN24661225_MAG_00000004	JAJFFW01 sp038534195	JAJFFW01	DRIS22-1	Marine biofilm	True	3	3	1.000	0.667	638	3	3	1.000	2	2	93.7	0.6	likely_legit
DRIS22-1_SAMN24661225_MAG_00000017	JBCBKL01 sp963922565	JBCBKL01	DRIS22-1	Marine biofilm	True	3	3	1.000	1.000	614	3	3	1.000	3	3	97.19	0.54	likely_legit
DRIS22-1_SAMN24661228_MAG_00000008	Alteromonas aggregata	Alteromonas	DRIS22-1	Marine biofilm	True	3	3	1.000	0.667	578	3	3	1.000	2	2	91.79	1.79	likely_legit
DRIS22-1_SAMN24661230_MAG_00000001	Alteromonas aggregata	Alteromonas	DRIS22-1	Marine biofilm	True	3	3	1.000	0.667	578	3	3	1.000	0	0	95.79	0.21	likely_legit
DRIS22-1_SAMN24661234_MAG_00000014	Marinobacter flavimaris	Marinobacter	DRIS22-1	Marine biofilm	True	3	3	0.667	0.333	414	3	3	1.000	0	0	97.18	0.0	likely_legit
DRIS22-1_SAMN24661245_MAG_00000004	Alteromonas aggregata	Alteromonas	DRIS22-1	Marine biofilm	True	3	3	1.000	0.667	578	3	3	1.000	2	2	92.13	2.14	likely_legit
DRIS22-1_SAMN24661246_MAG_00000012	Parvularcula sp963922235	Parvularcula	DRIS22-1	Marine biofilm	True	3	3	0.667	0.333	360	2	3	0.667	3	3	91.87	3.29	likely_legit
DRIS22-1_SAMN24661246_MAG_00000019	Tectiglobus sp963922535	Tectiglobus	DRIS22-1	Marine biofilm	True	3	3	0.667	1.000	794	3	3	1.000	3	3	97.02	0.74	likely_legit
DUAR15-1_SAMN06266099_MAG_00000026	Alloalcanivorax xenomutans	Alloalcanivorax	DUAR15-1	Seawater	True	3	3	0.667	0.000	374	3	3	1.000	3	3	82.76	0.0	likely_legit
DUAR15-1_SAMN06266099_MAG_00000027	Oceanibaculum nanhaiense	Oceanibaculum	DUAR15-1	Seawater	True	3	3	1.000	0.667	602	3	3	1.000	3	3	100.0	1.41	likely_legit
DUAR15-1_SAMN06266099_MAG_00000029	Parvibaculum sp002694985	Parvibaculum	DUAR15-1	Seawater	True	3	3	0.333	1.000	596	3	3	1.000	2	3	97.18	1.9	uncertain
DUAR15-1_SAMN06266124_MAG_00000011	Unknown JBEPTK01	JBEPTK01	DUAR15-1	Seawater	True	3	3	0.667	0.333	414	3	3	1.000	3	3	94.58	2.21	likely_legit
DUAR15-1_SAMN06266143_MAG_00000038	Unknown JBEPTK01	JBEPTK01	DUAR15-1	Seawater	True	3	3	0.667	0.333	415	3	3	1.000	1	1	93.33	0.87	likely_legit
EMOS17-1_SAMEA104212354_MAG_00000042	Sphingobium yanoikuyae_A	Sphingobium	EMOS17-1	Seawater	True	3	3	0.667	0.667	580	3	3	1.000	3	3	95.75	2.94	likely_legit
ENGE20-1_SAMN12347673_MAG_00000028	Unknown Bin95	Bin95	ENGE20-1	Marine sponge tissue	True	3	3	1.000	0.000	379	2	3	0.667	3	3	77.46	7.04	likely_legit
FLIE21-1_SAMN15677121_MAG_00000002	Unknown JAABYT01	JAABYT01	FLIE21-1	Marine sediment	True	3	3	0.667	0.667	507	3	3	1.000	3	3	89.51	5.44	likely_legit
FLIE21-1_SAMN15677123_MAG_00000069	Unknown JAABYT01	JAABYT01	FLIE21-1	Marine sediment	True	3	3	1.000	1.000	602	3	3	1.000	3	3	91.55	7.04	likely_legit
FLIE21-1_SAMN15677123_MAG_00000084	Unknown Marimicrobium	Marimicrobium	FLIE21-1	Marine sediment	True	3	3	0.667	0.333	407	3	3	1.000	3	3	69.97	2.42	likely_legit
FLIE21-1_SAMN15677123_MAG_00000126	Unknown Marimicrobium	Marimicrobium	FLIE21-1	Marine sediment	True	3	3	1.000	0.667	566	3	3	1.000	2	2	89.66	3.83	likely_legit
FORT15-1_SAMEA3355524_MAG_00000058	Erythrobacter sp027533455	Erythrobacter	FORT15-1	Seawater	True	3	3	0.667	0.667	566	3	3	1.000	3	3	93.14	8.12	likely_legit
FUCH17-1_SAMN05944804_MAG_00000017	UBA7887 sp002501105	UBA7887	FUCH17-1	Seawater	True	3	3	1.000	0.333	409	3	3	1.000	0	0	98.59	1.41	likely_legit
FUCH17-1_SAMN05944804_MAG_00000137	GCA-2731375 sp002731375	GCA-2731375	FUCH17-1	Seawater	True	3	3	0.667	0.333	413	3	3	1.000	2	2	97.18	0.0	likely_legit
FUCH17-1_SAMN05944805_MAG_00000035	UBA7887 sp002501105	UBA7887	FUCH17-1	Seawater	True	3	3	1.000	0.333	409	3	3	1.000	0	0	78.87	0.0	likely_legit
FUCH17-1_SAMN05944806_MAG_00000054	GCA-2690215 sp030740435	GCA-2690215	FUCH17-1	Seawater	True	3	3	1.000	0.333	428	2	3	0.667	3	3	95.77	2.82	likely_legit
FUCH17-1_SAMN05944806_MAG_00000083	GCA-2731375 sp002731375	GCA-2731375	FUCH17-1	Seawater	True	3	3	0.333	0.000	411	3	3	1.000	1	1	95.77	4.23	uncertain
FUCH17-1_SAMN05944807_MAG_00000018	GCA-2731375 sp002731375	GCA-2731375	FUCH17-1	Seawater	True	3	3	0.667	0.333	413	3	3	1.000	0	0	98.59	1.41	likely_legit
FUCH17-1_SAMN05944807_MAG_00000041	UBA7887 sp002501105	UBA7887	FUCH17-1	Seawater	True	3	3	1.000	0.000	406	3	3	1.000	1	1	95.77	0.0	likely_legit
FUCH17-1_SAMN05944807_MAG_00000075	GCA-2690215 sp030740435	GCA-2690215	FUCH17-1	Seawater	True	3	3	1.000	0.667	597	3	3	1.000	1	1	87.32	2.82	likely_legit
FUCH17-1_SAMN05944808_MAG_00000058	GCA-2690215 sp030740435	GCA-2690215	FUCH17-1	Seawater	True	3	3	1.000	0.667	597	3	3	1.000	1	1	88.01	4.82	likely_legit
FUCH17-1_SAMN05944810_MAG_00000030	JAAESX01 sp036012755	JAAESX01	FUCH17-1	Seawater	True	3	3	0.667	0.000	311	3	3	1.000	2	3	95.77	4.23	likely_legit
FUCH17-1_SAMN05944812_MAG_00000065	JAAESX01 sp036012755	JAAESX01	FUCH17-1	Seawater	True	3	3	0.667	0.000	311	3	3	1.000	0	0	91.02	3.55	likely_legit
FUCH22-1_SAMN18055972_MAG_00000027	UBA3470 sp913048145	UBA3470	FUCH22-1	Seawater	True	3	3	0.667	0.333	409	2	3	0.667	3	3	76.18	2.24	likely_legit
FUCH22-1_SAMN18055974_MAG_00000075	JAAESX01 sp036012755	JAAESX01	FUCH22-1	Seawater	True	3	3	0.667	0.000	311	3	3	1.000	1	1	90.79	2.58	likely_legit
FUCH22-1_SAMN18055974_MAG_00000091	GCA-2731375 sp002731375	GCA-2731375	FUCH22-1	Seawater	True	3	3	0.667	0.333	414	3	3	1.000	3	3	87.32	0.0	likely_legit
FUCH22-1_SAMN18055975_MAG_00000071	UBA868 sp913031305	UBA868	FUCH22-1	Seawater	True	3	3	1.000	0.333	440	2	3	0.667	0	0	88.73	8.45	likely_legit
FUCH22-1_SAMN18055975_MAG_00000146	Unknown GCA-2690215	GCA-2690215	FUCH22-1	Seawater	True	3	3	0.667	0.000	356	3	3	1.000	1	1	95.77	2.82	likely_legit
FUCH22-1_SAMN18055975_MAG_00000155	JAAESX01 sp036012755	JAAESX01	FUCH22-1	Seawater	True	3	3	0.667	0.000	311	3	3	1.000	0	0	95.77	5.63	likely_legit
FUCH22-1_SAMN18055976_MAG_00000027	JAAESX01 sp036012755	JAAESX01	FUCH22-1	Seawater	True	3	3	0.667	0.000	311	3	3	1.000	0	0	92.42	3.35	likely_legit
FUCH22-1_SAMN18055976_MAG_00000029	Unknown JAYZAP01	JAYZAP01	FUCH22-1	Seawater	True	3	3	1.000	0.333	404	3	3	1.000	0	0	97.18	5.63	likely_legit
FUCH22-1_SAMN18055977_MAG_00000060	GCA-2731375 sp002731375	GCA-2731375	FUCH22-1	Seawater	True	3	3	0.667	0.333	413	3	3	1.000	2	2	98.59	1.41	likely_legit
FUCH22-1_SAMN18055977_MAG_00000097	Unknown GCA-2690215	GCA-2690215	FUCH22-1	Seawater	True	3	3	1.000	0.333	410	3	3	1.000	1	1	84.51	5.63	likely_legit
FUCH22-1_SAMN18055982_MAG_00000109	GCA-2690215 sp030740435	GCA-2690215	FUCH22-1	Seawater	True	3	3	1.000	0.667	597	3	3	1.000	1	1	94.37	1.41	likely_legit
FUCH22-1_SAMN18055984_MAG_00000129	UBA12578 sp002729195	UBA12578	FUCH22-1	Seawater	True	3	3	1.000	0.333	352	3	3	1.000	2	2	80.28	2.82	likely_legit
FUCH22-1_SAMN18055985_MAG_00000107	Casp-alpha2 sp036011805	Casp-alpha2	FUCH22-1	Seawater	True	3	3	0.667	0.333	374	2	3	0.667	2	3	58.68	1.24	likely_legit
FUCH22-1_SAMN18055985_MAG_00000122	GCA-2690215 sp030740435	GCA-2690215	FUCH22-1	Seawater	True	3	3	1.000	1.000	600	2	3	0.667	2	2	84.92	4.25	likely_legit
FUCH22-1_SAMN18055987_MAG_00000103	JASLQF01 sp036011345	JASLQF01	FUCH22-1	Seawater	True	3	3	1.000	1.000	605	3	3	1.000	0	0	95.77	2.82	likely_legit
FUCH22-1_SAMN18055987_MAG_00000140	Casp-alpha2 sp036011805	Casp-alpha2	FUCH22-1	Seawater	True	3	3	1.000	0.667	602	3	3	1.000	2	2	94.09	0.03	likely_legit
GALA18-1_SAMEA4699813_MAG_00000066	Eutrophovita sp002167745	Eutrophovita	GALA18-1	Seawater	True	3	3	0.333	0.333	394	2	3	0.667	2	3	53.88	0.04	uncertain
GARB21-1_SAMN12799093_MAG_00000012	Unknown Kiloniellaceae	Unknown Kiloniellaceae	GARB21-1	Marine sediment	True	3	3	0.667	0.333	445	3	3	1.000	3	3	66.2	4.23	likely_legit
GLAS15-1_SAMN02905564_MAG_00000016	UBA12578 sp002729195	UBA12578	GLAS15-1	Seawater	True	3	3	1.000	0.667	574	3	3	1.000	3	3	81.69	2.82	likely_legit
HABI22-1_SAMN26919637_MAG_00000011	Unknown Yoonia	Yoonia	HABI22-1	Marine sediment	True	3	3	1.000	0.667	596	3	3	1.000	2	3	83.07	7.31	likely_legit
HABI22-1_SAMN26919637_MAG_00000017	Unknown Thiosocius	Thiosocius	HABI22-1	Marine sediment	True	3	3	1.000	0.333	354	3	3	1.000	3	3	78.87	2.82	likely_legit
HARO16-1_SAMN03860298_MAG_00000019	Albibacillus kandeliae	Albibacillus	HARO16-1	Seawater	True	3	3	0.000	0.000	249	3	3	1.000	2	3	61.97	1.41	likely_artifact
HARO18-1_SAMN15220986_MAG_00000070	JACESU01 sp013911655	JACESU01	HARO18-1	Seawater	True	3	3	1.000	0.667	574	3	3	1.000	3	3	95.7	0.0	likely_legit
HARO18-1_SAMN15220986_MAG_00000094	Sphingobium naphthae	Sphingobium	HARO18-1	Seawater	True	3	3	0.667	0.333	338	2	3	0.667	3	3	94.53	1.02	likely_legit
HARO18-1_SAMN15220986_MAG_00000116	Sphingosinicella sp013911755	Sphingosinicella	HARO18-1	Seawater	True	3	3	1.000	0.333	407	3	3	1.000	3	3	94.37	0.0	likely_legit
HARO18-1_SAMN15220986_MAG_00000118	Alloalcanivorax xenomutans	Alloalcanivorax	HARO18-1	Seawater	True	3	3	0.667	0.000	374	3	3	1.000	2	2	94.37	4.23	likely_legit
HARO18-1_SAMN15220987_MAG_00000018	Blastomonas delafieldii_A	Blastomonas	HARO18-1	Seawater	True	3	3	1.000	0.667	569	3	3	1.000	2	2	62.4	0.34	likely_legit
HARO18-1_SAMN15220987_MAG_00000044	JACESU01 sp013911655	JACESU01	HARO18-1	Seawater	True	3	3	1.000	0.667	574	3	3	1.000	0	0	90.14	0.0	likely_legit
HARO18-2_SAMN05992383_MAG_00000203	MED-G105 sp004213235	MED-G105	HARO18-2	Seawater	True	3	3	0.333	0.333	196	2	3	0.667	2	3	92.96	4.23	uncertain
HARO18-2_SAMN05992386_MAG_00000103	Unknown CALLCD01	CALLCD01	HARO18-2	Seawater	True	3	3	0.667	0.333	432	3	3	1.000	3	3	97.27	5.43	likely_legit
HARO18-2_SAMN05992386_MAG_00000124	Hankyongella ginsenosidimutans	Hankyongella	HARO18-2	Seawater	True	3	3	1.000	0.667	594	3	3	1.000	3	3	94.84	0.43	likely_legit
HARO18-2_SAMN10839292_MAG_00000085	TMED26 sp003280605	TMED26	HARO18-2	Seawater	True	3	3	1.000	0.000	408	3	3	1.000	3	3	64.0	0.0	likely_legit
HAWL17-1_SAMN05224434_MAG_00000007	GCA-2731375 sp018701215	GCA-2731375	HAWL17-1	Seawater	True	3	3	0.667	0.333	407	3	3	1.000	3	3	66.2	0.0	likely_legit
HAWL17-1_SAMN05224435_MAG_00000048	GCA-2731375 sp018701215	GCA-2731375	HAWL17-1	Seawater	True	3	3	0.333	0.333	305	3	3	1.000	3	3	84.51	1.41	uncertain
HAWL17-1_SAMN05224441_MAG_00000060	UBA3470 sp018665815	UBA3470	HAWL17-1	Seawater	True	3	3	1.000	0.667	599	3	3	1.000	3	3	93.47	1.54	likely_legit
HAWL17-1_SAMN05224479_MAG_00000056	UBA8079 sp018667335	UBA8079	HAWL17-1	Seawater	True	3	3	1.000	0.667	529	3	3	1.000	3	3	78.94	1.78	likely_legit
HAWL17-1_SAMN05224479_MAG_00000117	GCA-2731375 sp018701215	GCA-2731375	HAWL17-1	Seawater	True	3	3	0.333	0.000	399	3	3	1.000	2	2	92.96	1.41	uncertain
HAWL17-1_SAMN05224480_MAG_00000065	GCA-2731375 sp018701215	GCA-2731375	HAWL17-1	Seawater	True	3	3	0.667	0.333	407	3	3	1.000	2	2	72.73	0.88	likely_legit
HAWL17-1_SAMN05224481_MAG_00000008	GCA-2731375 sp018701215	GCA-2731375	HAWL17-1	Seawater	True	3	3	0.667	0.333	407	3	3	1.000	1	1	91.55	1.41	likely_legit
HAWL17-1_SAMN05224486_MAG_00000094	GCA-2731375 sp018701215	GCA-2731375	HAWL17-1	Seawater	True	3	3	0.667	0.000	406	3	3	1.000	1	1	90.14	1.41	likely_legit
HAWL17-1_SAMN05224487_MAG_00000010	GCA-2731375 sp018701215	GCA-2731375	HAWL17-1	Seawater	True	3	3	0.333	0.333	230	3	3	1.000	1	1	90.18	1.96	uncertain
HAWL17-1_SAMN05224496_MAG_00000126	JABILA01 sp018654745	JABILA01	HAWL17-1	Seawater	True	3	3	1.000	0.333	426	3	3	1.000	3	3	71.83	9.86	likely_legit
HAWL17-1_SAMN05224512_MAG_00000035	UBA3470 sp018665815	UBA3470	HAWL17-1	Seawater	True	3	3	1.000	0.667	584	3	3	1.000	1	1	90.37	1.06	likely_legit
HAWL17-1_SAMN05224512_MAG_00000118	GCA-2731375 sp018701215	GCA-2731375	HAWL17-1	Seawater	True	3	3	0.667	0.333	407	3	3	1.000	0	0	95.77	0.0	likely_legit
HAWL17-1_SAMN05224515_MAG_00000121	UBA3470 sp018665815	UBA3470	HAWL17-1	Seawater	True	3	3	1.000	0.333	480	3	3	1.000	2	2	98.66	1.01	likely_legit
HAWL17-1_SAMN05224518_MAG_00000034	JACNJU01 sp018662005	JACNJU01	HAWL17-1	Seawater	True	3	3	1.000	0.667	599	3	3	1.000	3	3	80.71	0.6	likely_legit
HAWL17-1_SAMN05224522_MAG_00000122	UBA3470 sp018665815	UBA3470	HAWL17-1	Seawater	True	3	3	1.000	0.667	599	3	3	1.000	2	2	69.06	1.65	likely_legit
HAWL17-1_SAMN05224525_MAG_00000050	UBA3470 sp018665815	UBA3470	HAWL17-1	Seawater	True	3	3	0.667	0.333	367	3	3	1.000	1	1	92.96	0.0	likely_legit
HAWL17-1_SAMN05224528_MAG_00000168	UBA3470 sp018665815	UBA3470	HAWL17-1	Seawater	True	3	3	1.000	0.667	599	3	3	1.000	0	0	97.18	2.82	likely_legit
HAWL17-1_SAMN08283974_MAG_00000009	UBA3470 sp018665815	UBA3470	HAWL17-1	Seawater	True	3	3	1.000	0.667	599	3	3	1.000	1	1	83.1	1.41	likely_legit
HAWL17-1_SAMN08283975_MAG_00000162	JABILA01 sp018654745	JABILA01	HAWL17-1	Seawater	True	3	3	0.667	0.333	426	3	3	1.000	0	0	72.69	1.96	likely_legit
HENK22-1_SAMEA9675667_MAG_00000007	Casp-alpha2 sp014382345	Casp-alpha2	HENK22-1	Seawater	True	3	3	0.333	0.000	377	3	3	1.000	2	3	75.84	1.04	uncertain
HUGE15-1_SAMN03351359_MAG_00000051	Ralstonia pickettii	Ralstonia	HUGE15-1	Seawater	True	3	3	0.333	0.000	339	3	3	1.000	3	3	57.75	0.0	uncertain
JING18-1_SAMN07652563-S003_MAG_00000077	Roseovarius sp024742655	Roseovarius	JING18-1	Seawater	True	3	3	1.000	0.667	602	3	3	1.000	2	3	88.64	1.2	likely_legit
JOHN19-1_SAMN10217876_MAG_00000180	JALSRW01 sp027045875	JALSRW01	JOHN19-1	Hydrothermal vent plume	True	3	3	1.000	1.000	600	3	3	1.000	3	3	97.18	2.82	likely_legit
JOHN19-1_SAMN10217878_MAG_00000086	Unknown Micavibrionaceae	Unknown Micavibrionaceae	JOHN19-1	Hydrothermal vent plume	True	3	3	1.000	0.667	646	3	3	1.000	3	3	80.88	1.88	likely_legit
JOHN19-1_SAMN10217880_MAG_00000054	Unknown UBA2774	UBA2774	JOHN19-1	Hydrothermal vent plume	True	3	3	0.333	0.000	255	3	3	1.000	2	3	81.69	8.45	uncertain
JOHN19-1_SAMN10217895_MAG_00000304	Robiginitomaculum_B sp015485335	Robiginitomaculum_B	JOHN19-1	Hydrothermal vent plume	True	3	3	0.667	0.667	561	3	3	1.000	3	3	85.92	0.0	likely_legit
KAGO19-1_SAMD00073847_MAG_00000005	JABJAG01 sp943787745	JABJAG01	KAGO19-1	Seawater	True	3	3	1.000	0.667	591	3	3	1.000	3	3	100.0	0.0	likely_legit
KAGO19-1_SAMD00073890_MAG_00000012	HIMB30 sp002691485	HIMB30	KAGO19-1	Seawater	True	3	3	0.333	0.000	406	2	3	0.667	2	3	59.15	1.41	uncertain
KAGO19-1_SAMD00073894_MAG_00000008	Aliiroseovarius sp938023895	Aliiroseovarius	KAGO19-1	Seawater	True	3	3	1.000	0.333	439	3	3	1.000	3	3	76.06	1.41	likely_legit
KAGO19-1_SAMD00073909_MAG_00000009	Opacimonas sp002292215	Opacimonas	KAGO19-1	Seawater	True	3	3	1.000	0.667	577	3	3	1.000	1	1	97.25	0.59	likely_legit
KAGO19-1_SAMD00073997_MAG_00000008	Yoonia sp029250945	Yoonia	KAGO19-1	Seawater	True	3	3	0.667	0.333	423	3	3	1.000	2	3	77.41	1.98	likely_legit
KAGO19-1_SAMD00074062_MAG_00000004	Aliiroseovarius sp938023895	Aliiroseovarius	KAGO19-1	Seawater	True	3	3	1.000	0.667	542	3	3	1.000	2	3	91.74	0.84	likely_legit
KAGO19-1_SAMD00074062_MAG_00000019	Unknown JASMHC01	JASMHC01	KAGO19-1	Seawater	True	3	3	1.000	0.667	542	3	3	1.000	2	3	94.37	1.41	likely_legit
KAGO19-1_SAMD00074064_MAG_00000010	Aliiroseovarius sp938023895	Aliiroseovarius	KAGO19-1	Seawater	True	3	3	1.000	0.667	542	3	3	1.000	0	0	97.18	1.41	likely_legit
KAGO19-1_SAMD00074074_MAG_00000003	Aliiroseovarius sp938023895	Aliiroseovarius	KAGO19-1	Seawater	True	3	3	1.000	0.667	542	3	3	1.000	0	0	97.76	0.61	likely_legit
KELL22-1_SAMN22237328_MAG_00000073	Unknown HK1	HK1	KELL22-1	Marine sponge tissue	True	3	3	0.667	0.667	555	3	3	1.000	2	3	94.37	1.41	likely_legit
KELL22-1_SAMN22237329_MAG_00000035	Unknown HK1	HK1	KELL22-1	Marine sponge tissue	True	3	3	0.667	0.667	599	3	3	1.000	2	3	97.18	1.41	likely_legit
KELL22-1_SAMN22237330_MAG_00000035	Unknown HK1	HK1	KELL22-1	Marine sponge tissue	True	3	3	0.667	1.000	603	3	3	1.000	2	3	88.73	0.0	likely_legit
KELL22-1_SAMN22237330_MAG_00000055	Unknown HK1	HK1	KELL22-1	Marine sponge tissue	True	3	3	0.667	0.667	555	3	3	1.000	2	3	95.77	1.41	likely_legit
KELL22-1_SAMN22237331_MAG_00000037	Unknown HK1	HK1	KELL22-1	Marine sponge tissue	True	3	3	0.667	0.667	609	3	3	1.000	2	3	95.77	2.82	likely_legit
KELL22-1_SAMN22237332_MAG_00000047	Unknown HK1	HK1	KELL22-1	Marine sponge tissue	True	3	3	0.667	0.667	555	3	3	1.000	2	3	71.7	6.67	likely_legit
KELL22-1_SAMN22237334_MAG_00000008	Unknown HK1	HK1	KELL22-1	Marine sponge tissue	True	3	3	0.667	1.000	603	3	3	1.000	2	3	91.55	1.41	likely_legit
KELL22-1_SAMN22237335_MAG_00000009	Unknown HK1	HK1	KELL22-1	Marine sponge tissue	True	3	3	0.667	1.000	603	3	3	1.000	0	0	88.73	1.41	likely_legit
KELL22-1_SAMN22237336_MAG_00000014	Unknown HK1	HK1	KELL22-1	Marine sponge tissue	True	3	3	0.667	0.667	595	3	3	1.000	2	3	78.87	2.82	likely_legit
KELL22-1_SAMN22237336_MAG_00000041	HK1 sp022826505	HK1	KELL22-1	Marine sponge tissue	True	3	3	0.667	0.667	599	3	3	1.000	3	3	91.55	4.23	likely_legit
KELL22-1_SAMN22237336_MAG_00000059	Unknown HK1	HK1	KELL22-1	Marine sponge tissue	True	3	3	0.667	0.667	599	3	3	1.000	2	2	95.77	1.41	likely_legit
KELL22-1_SAMN22237337_MAG_00000029	JAJEFO01 sp022820365	JAJEFO01	KELL22-1	Marine sponge tissue	True	3	3	0.667	0.000	369	3	3	1.000	2	3	92.96	1.41	likely_legit
KELL22-1_SAMN22237337_MAG_00000052	Unknown HK1	HK1	KELL22-1	Marine sponge tissue	True	3	3	0.667	0.667	555	3	3	1.000	2	3	97.18	0.0	likely_legit
KELL22-1_SAMN22237338_MAG_00000013	JAJEFO01 sp022819605	JAJEFO01	KELL22-1	Marine sponge tissue	True	3	3	0.667	0.333	412	3	3	1.000	2	3	95.77	2.82	likely_legit
KELL22-1_SAMN22237338_MAG_00000037	Unknown HK1	HK1	KELL22-1	Marine sponge tissue	True	3	3	0.667	1.000	599	3	3	1.000	2	3	54.93	1.41	likely_legit
KELL22-1_SAMN22237339_MAG_00000045	HK1 sp022826505	HK1	KELL22-1	Marine sponge tissue	True	3	3	0.667	0.333	493	3	3	1.000	3	3	92.96	2.82	likely_legit
KELL22-1_SAMN22237340_MAG_00000069	Unknown HK1	HK1	KELL22-1	Marine sponge tissue	True	3	3	0.667	0.333	398	3	3	1.000	2	3	54.93	0.0	likely_legit
KELL22-1_SAMN22237341_MAG_00000060	JAJEFO01 sp022819605	JAJEFO01	KELL22-1	Marine sponge tissue	True	3	3	0.333	0.333	412	3	3	1.000	0	0	100.0	1.41	uncertain
KELL22-1_SAMN22237342_MAG_00000032	Unknown HK1	HK1	KELL22-1	Marine sponge tissue	True	3	3	0.333	0.333	497	3	3	1.000	2	3	85.92	1.41	uncertain
KELL22-1_SAMN22237342_MAG_00000085	Unknown HK1	HK1	KELL22-1	Marine sponge tissue	True	3	3	0.667	1.000	603	3	3	1.000	2	2	77.46	1.41	likely_legit
KELL22-1_SAMN22237343_MAG_00000014	Unknown HK1	HK1	KELL22-1	Marine sponge tissue	True	3	3	0.667	0.667	532	3	3	1.000	3	3	70.42	0.0	likely_legit
KELL22-1_SAMN22237343_MAG_00000071	Unknown HK1	HK1	KELL22-1	Marine sponge tissue	True	3	3	0.667	0.667	596	3	3	1.000	2	3	84.51	1.41	likely_legit
KELL22-1_SAMN22237344_MAG_00000062	JAJDOD01 sp022824525	JAJDOD01	KELL22-1	Marine sponge tissue	True	3	3	1.000	0.667	555	3	3	1.000	2	3	98.59	0.0	likely_legit
KELL22-1_SAMN22237346_MAG_00000084	Unknown HK1	HK1	KELL22-1	Marine sponge tissue	True	3	3	0.667	0.667	587	3	3	1.000	2	3	52.11	1.41	likely_legit
KIMD21-1_SAMN19707226_MAG_00000062	Cycloclasticus sp002700385	Cycloclasticus	KIMD21-1	Seawater	True	3	3	1.000	0.667	575	3	3	1.000	3	3	98.59	0.0	likely_legit
KIMD21-1_SAMN19707226_MAG_00000067	Unknown Litoribacillus	Litoribacillus	KIMD21-1	Seawater	True	3	3	0.667	0.000	388	3	3	1.000	3	3	58.11	2.39	likely_legit
KIMD21-1_SAMN19707228_MAG_00000110	Cycloclasticus pugetii	Cycloclasticus	KIMD21-1	Seawater	True	3	3	1.000	0.667	575	3	3	1.000	1	1	99.1	0.72	likely_legit
KIMD21-1_SAMN19707228_MAG_00000115	Cycloclasticus sp002700385	Cycloclasticus	KIMD21-1	Seawater	True	3	3	1.000	0.667	575	3	3	1.000	1	1	98.59	0.0	likely_legit
KIMD21-1_SAMN19707289_MAG_00000025	Cycloclasticus pugetii	Cycloclasticus	KIMD21-1	Seawater	True	3	3	1.000	0.667	575	3	3	1.000	1	1	99.23	0.0	likely_legit
KIMD21-1_SAMN19707289_MAG_00000026	Cycloclasticus sp002700385	Cycloclasticus	KIMD21-1	Seawater	True	3	3	1.000	0.667	575	3	3	1.000	0	0	97.18	0.0	likely_legit
KIMD21-1_SAMN19716613_MAG_00000116	Unknown Frigidibacter	Frigidibacter	KIMD21-1	Seawater	True	3	3	1.000	0.667	606	3	3	1.000	3	3	90.73	0.95	likely_legit
KIMD21-1_SAMN19716616_MAG_00000114	CABZJG01 sp902525995	CABZJG01	KIMD21-1	Seawater	True	3	3	1.000	0.333	464	3	3	1.000	2	2	81.81	2.92	likely_legit
KOBI21-1_SAMD00080296_MAG_00000014	Opacimonas sp002292215	Opacimonas	KOBI21-1	Seawater	True	3	3	1.000	0.667	577	3	3	1.000	3	3	94.19	0.78	likely_legit
KOBI21-1_SAMD00231451_MAG_00000018	Opacimonas sp002292215	Opacimonas	KOBI21-1	Seawater	True	3	3	1.000	0.667	577	3	3	1.000	1	1	66.89	0.59	likely_legit
KOBI21-1_SAMD00231887_MAG_00000007	Opacimonas sp002292215	Opacimonas	KOBI21-1	Seawater	True	3	3	0.667	0.333	409	3	3	1.000	1	1	97.18	2.82	likely_legit
KOBI21-1_SAMD00231935_MAG_00000010	Opacimonas sp002292215	Opacimonas	KOBI21-1	Seawater	True	3	3	1.000	0.667	577	3	3	1.000	0	0	92.45	1.93	likely_legit
KOBI21-1_SAMD00232193_MAG_00000005	Opacimonas sp002292215	Opacimonas	KOBI21-1	Seawater	True	3	3	1.000	0.667	577	3	3	1.000	2	2	86.9	1.58	likely_legit
KOPF15-1_SAMEA3275565_MAG_00000002	HIMB30 sp002691485	HIMB30	KOPF15-1	Seawater	True	3	3	0.667	0.333	399	2	3	0.667	2	2	93.2	1.04	likely_legit
KOPF15-1_SAMEA3275603_MAG_00000003	Marivita cryptomonadis	Marivita	KOPF15-1	Seawater	True	3	3	0.333	0.333	387	3	3	1.000	3	3	63.38	5.63	uncertain
KOPF15-1_SAMEA7392421_MAG_00000084	Afipia sp017474385	Afipia	KOPF15-1	Seawater	True	3	3	1.000	0.667	586	3	3	1.000	3	3	98.59	1.41	likely_legit
KOPF15-1_SAMEA7392427_MAG_00000127	Unknown Neoroseomonas	Neoroseomonas	KOPF15-1	Seawater	True	3	3	0.667	0.667	594	3	3	1.000	3	3	94.15	0.75	likely_legit
KOPF15-1_SAMEA7392451_MAG_00000021	Yoonia sp017854415	Yoonia	KOPF15-1	Estuarine water	True	3	3	1.000	0.667	599	3	3	1.000	2	3	95.77	2.82	likely_legit
KOPF15-1_SAMEA7392459_MAG_00000180	Litorivicinus sp938091715	Litorivicinus	KOPF15-1	Seawater	True	3	3	1.000	0.333	405	3	3	1.000	2	3	69.7	1.85	likely_legit
KOPF15-1_SAMEA7392465_MAG_00000054	Qipengyuania pacifica	Qipengyuania	KOPF15-1	Seawater	True	3	3	0.333	0.333	219	2	3	0.667	2	2	69.36	0.95	uncertain
KOPF15-1_SAMEA7392465_MAG_00000055	Qipengyuania sp022953095	Qipengyuania	KOPF15-1	Seawater	True	3	3	1.000	0.333	433	3	3	1.000	3	3	69.23	0.0	likely_legit
KOPF15-1_SAMEA7392465_MAG_00000060	Alteriqipengyuania_A halimionae	Alteriqipengyuania_A	KOPF15-1	Seawater	True	3	3	1.000	0.667	562	3	3	1.000	3	3	79.95	0.99	likely_legit
KOPF15-1_SAMEA7392465_MAG_00000120	Parvibaculum sp002684405	Parvibaculum	KOPF15-1	Seawater	True	3	3	0.667	0.333	413	3	3	1.000	3	3	95.77	0.0	likely_legit
KOPF15-1_SAMEA7392465_MAG_00000136	Hyphomonas beringensis	Hyphomonas	KOPF15-1	Seawater	True	3	3	0.667	0.333	434	3	3	1.000	3	3	91.55	0.0	likely_legit
KOPF15-1_SAMEA7392471_MAG_00000025	Hyphomonas beringensis	Hyphomonas	KOPF15-1	Seawater	True	3	3	0.667	0.667	563	3	3	1.000	2	2	76.72	0.0	likely_legit
KOPF15-1_SAMEA7392478_MAG_00000040	Unknown Henriciella	Henriciella	KOPF15-1	Seawater	True	3	3	0.667	0.667	562	3	3	1.000	3	3	91.22	4.7	likely_legit
KOPF15-1_SAMEA7392478_MAG_00000087	JANSYC01 sp024742605	JANSYC01	KOPF15-1	Seawater	True	3	3	1.000	0.667	614	3	3	1.000	3	3	97.96	0.43	likely_legit
KOPF15-1_SAMEA7422942_MAG_00000114	Neptuniibacter pectenicola	Neptuniibacter	KOPF15-1	Seawater	True	3	3	0.667	0.000	344	3	3	1.000	3	3	91.51	0.67	likely_legit
KOPF15-1_SAMEA7422946_MAG_00000029	Malikia spinosa	Malikia	KOPF15-1	Seawater	True	3	3	0.667	1.000	777	3	3	1.000	3	3	64.9	0.62	likely_legit
KOPF15-1_SAMEA7422952_MAG_00000107	Unknown Ponticaulis	Ponticaulis	KOPF15-1	Seawater	True	3	3	1.000	0.667	607	3	3	1.000	2	2	95.77	0.0	likely_legit
KOPF15-1_SAMEA7422953_MAG_00000075	UBA830 sp905479125	UBA830	KOPF15-1	Seawater	True	3	3	0.667	0.333	416	3	3	1.000	3	3	91.55	1.41	likely_legit
KOPF15-1_SAMEA7422954_MAG_00000222	UBA830 sp905479125	UBA830	KOPF15-1	Seawater	True	3	3	0.667	0.333	416	3	3	1.000	3	3	95.77	0.0	likely_legit
KOPF15-1_SAMEA7422960_MAG_00000033	UBA4479 sp002389385	UBA4479	KOPF15-1	Seawater	True	3	3	1.000	0.333	434	3	3	1.000	3	3	92.19	1.01	likely_legit
KOPF15-1_SAMEA7422967_MAG_00000041	Unknown Antarctobacter	Antarctobacter	KOPF15-1	Seawater	True	3	3	1.000	0.667	570	3	3	1.000	2	2	99.09	0.24	likely_legit
KOPF15-1_SAMEA7422968_MAG_00000082	Unknown Antarctobacter	Antarctobacter	KOPF15-1	Seawater	True	3	3	1.000	0.667	570	3	3	1.000	0	0	99.84	0.54	likely_legit
KOPF15-1_SAMEA7422968_MAG_00000093	Unknown Hyphomonadaceae	Unknown Hyphomonadaceae	KOPF15-1	Seawater	True	3	3	1.000	0.333	417	3	3	1.000	3	3	78.87	0.0	likely_legit
KOPF15-1_SAMEA7422968_MAG_00000102	Limnobacter sp000170915	Limnobacter	KOPF15-1	Seawater	True	3	3	0.667	0.333	408	3	3	1.000	3	3	100.0	0.0	likely_legit
KOPF15-1_SAMEA7422968_MAG_00000133	Unknown UBA3002	UBA3002	KOPF15-1	Seawater	True	3	3	1.000	0.333	443	3	3	1.000	3	3	94.37	4.23	likely_legit
KOPF15-1_SAMEA7422969_MAG_00000043	Limnobacter sp000170915	Limnobacter	KOPF15-1	Seawater	True	3	3	0.667	0.333	408	3	3	1.000	3	3	98.59	0.0	likely_legit
KOPF15-1_SAMEA7422969_MAG_00000053	Unknown Hyphomonadaceae	Unknown Hyphomonadaceae	KOPF15-1	Seawater	True	3	3	1.000	0.667	561	3	3	1.000	3	3	89.34	0.76	likely_legit
KOPF15-1_SAMEA7422969_MAG_00000162	Unknown Antarctobacter	Antarctobacter	KOPF15-1	Seawater	True	3	3	1.000	0.667	570	3	3	1.000	0	0	99.29	0.24	likely_legit
KOPF15-1_SAMEA7422970_MAG_00000069	Unknown CANLBN01	CANLBN01	KOPF15-1	Seawater	True	3	3	0.667	0.333	368	3	3	1.000	3	3	99.44	2.95	likely_legit
KOPF15-1_SAMEA7422972_MAG_00000015	Unknown CANLBN01	CANLBN01	KOPF15-1	Seawater	True	3	3	0.667	0.333	368	3	3	1.000	1	1	99.44	2.52	likely_legit
KOPF15-1_SAMEA7422974_MAG_00000060	Cobetia amphilecti	Cobetia	KOPF15-1	Seawater	True	3	3	0.333	0.333	404	2	3	0.667	3	3	81.9	1.72	uncertain
KOPF15-1_SAMEA7422976_MAG_00000053	Unknown CANLBN01	CANLBN01	KOPF15-1	Seawater	True	3	3	0.667	0.333	368	3	3	1.000	0	0	99.44	2.52	likely_legit
KOPF15-1_SAMEA7422977_MAG_00000102	Unknown CANLBN01	CANLBN01	KOPF15-1	Seawater	True	3	3	0.667	0.333	368	3	3	1.000	0	0	99.44	2.52	likely_legit
KOPF15-1_SAMEA7422978_MAG_00000124	Erythrobacter rubellus	Erythrobacter	KOPF15-1	Seawater	True	3	3	0.667	0.333	331	2	3	0.667	1	2	77.38	2.08	likely_legit
KOPF15-1_SAMEA7422982_MAG_00000107	TMED26 sp003280605	TMED26	KOPF15-1	Seawater	True	3	3	1.000	0.333	470	3	3	1.000	3	3	97.57	0.52	likely_legit
KOPF15-1_SAMEA7422984_MAG_00000092	Sphingobium soli	Sphingobium	KOPF15-1	Seawater	True	3	3	0.667	0.333	408	3	3	1.000	2	2	100.0	0.0	likely_legit
KRUG19-1_SAMN03169776_MAG_00000099	Opacimonas sp002292215	Opacimonas	KRUG19-1	Seawater	True	3	3	1.000	0.667	577	3	3	1.000	2	3	95.96	1.18	likely_legit
KRUG19-1_SAMN03169776_MAG_00000218	UBA981 sp002292285	UBA981	KRUG19-1	Seawater	True	3	3	1.000	0.333	381	3	3	1.000	3	3	97.18	0.0	likely_legit
KRUG19-1_SAMN03169777_MAG_00000050	Yoonia sp023955335	Yoonia	KRUG19-1	Seawater	True	3	3	0.667	0.333	424	3	3	1.000	2	3	86.21	2.04	likely_legit
KRUG19-1_SAMN03169777_MAG_00000082	UBA4479 sp002389385	UBA4479	KRUG19-1	Seawater	True	3	3	1.000	0.667	599	3	3	1.000	2	2	91.61	2.24	likely_legit
KRUG19-1_SAMN03169777_MAG_00000094	Opacimonas sp002292215	Opacimonas	KRUG19-1	Seawater	True	3	3	1.000	0.667	577	3	3	1.000	0	0	95.63	0.51	likely_legit
KRUG19-1_SAMN03169777_MAG_00000122	Yoonia sp002378665	Yoonia	KRUG19-1	Seawater	True	3	3	1.000	1.000	584	3	3	1.000	3	3	90.43	1.52	likely_legit
KRUG19-1_SAMN03169778_MAG_00000003	UBA4479 sp002389385	UBA4479	KRUG19-1	Seawater	True	3	3	1.000	0.333	333	3	3	1.000	2	2	81.69	1.41	likely_legit
KRUG19-1_SAMN03169778_MAG_00000048	Opacimonas sp002292215	Opacimonas	KRUG19-1	Seawater	True	3	3	1.000	0.667	577	3	3	1.000	0	0	93.98	1.69	likely_legit
KRUG19-1_SAMN03169779_MAG_00000046	UBA4479 sp002389385	UBA4479	KRUG19-1	Seawater	True	3	3	1.000	0.667	599	3	3	1.000	1	1	95.52	0.5	likely_legit
KRUG19-1_SAMN03169780_MAG_00000021	UBA4479 sp002389385	UBA4479	KRUG19-1	Seawater	True	3	3	1.000	0.667	599	3	3	1.000	2	2	93.03	0.5	likely_legit
KRUG19-1_SAMN03169781_MAG_00000226	UBA4479 sp002389385	UBA4479	KRUG19-1	Seawater	True	3	3	1.000	0.667	599	3	3	1.000	1	1	94.78	0.5	likely_legit
KRUG19-1_SAMN03169783_MAG_00000109	UBA830 sp905479125	UBA830	KRUG19-1	Seawater	True	3	3	0.667	0.333	416	3	3	1.000	2	2	99.35	1.45	likely_legit
KRUG19-1_SAMN03173239_MAG_00000024	UBA830 sp905479125	UBA830	KRUG19-1	Seawater	True	3	3	0.667	0.333	416	3	3	1.000	2	2	88.73	0.0	likely_legit
KRUG19-1_SAMN03173239_MAG_00000116	UBA981 sp002292285	UBA981	KRUG19-1	Seawater	True	3	3	1.000	0.333	381	3	3	1.000	0	0	97.18	0.0	likely_legit
KRUG19-1_SAMN03173240_MAG_00000110	UBA4479 sp002389175	UBA4479	KRUG19-1	Seawater	True	3	3	1.000	0.667	595	3	3	1.000	3	3	97.0	0.51	likely_legit
KRUG19-1_SAMN06264408_MAG_00000081	Acidovorax temperans	Acidovorax	KRUG19-1	Seawater	True	3	3	0.667	1.000	605	3	3	1.000	3	3	85.03	0.87	likely_legit
KRUG19-1_SAMN06264408_MAG_00000119	UBA4479 sp002389385	UBA4479	KRUG19-1	Seawater	True	3	3	0.333	0.000	253	3	3	1.000	3	3	69.8	1.79	uncertain
KRUG19-1_SAMN06264747_MAG_00000010	UBA4479 sp002389385	UBA4479	KRUG19-1	Seawater	True	3	3	1.000	0.333	353	3	3	1.000	2	2	84.51	1.41	likely_legit
KRUG19-1_SAMN06264747_MAG_00000056	Glaciecola nitratireducens	Glaciecola	KRUG19-1	Seawater	True	3	3	0.667	0.667	578	3	3	1.000	2	3	100.0	0.62	likely_legit
KRUG19-1_SAMN06264902_MAG_00000165	UBA4479 sp002389175	UBA4479	KRUG19-1	Seawater	True	3	3	1.000	0.667	595	3	3	1.000	0	0	89.29	1.14	likely_legit
KRUG19-1_SAMN06265151_MAG_00000109	Unknown Tateyamaria	Tateyamaria	KRUG19-1	Seawater	True	3	3	1.000	1.000	587	3	3	1.000	3	3	95.77	4.23	likely_legit
KRUG19-1_SAMN06266115_MAG_00000005	Glaciecola nitratireducens	Glaciecola	KRUG19-1	Seawater	True	3	3	0.667	0.667	578	3	3	1.000	0	0	97.81	0.62	likely_legit
KRUG19-1_SAMN06266116_MAG_00000051	Unknown Octadecabacter	Octadecabacter	KRUG19-1	Seawater	True	3	3	0.667	0.667	586	3	3	1.000	3	3	74.69	0.41	likely_legit
KRUG19-1_SAMN06266116_MAG_00000114	Glaciecola nitratireducens	Glaciecola	KRUG19-1	Seawater	True	3	3	0.667	0.667	578	3	3	1.000	1	1	97.31	3.33	likely_legit
KRUG19-1_SAMN06266117_MAG_00000036	UBA4479 sp002389385	UBA4479	KRUG19-1	Seawater	True	3	3	1.000	0.333	453	3	3	1.000	3	3	79.88	0.5	likely_legit
KRUG19-1_SAMN06266122_MAG_00000191	Unknown Yoonia	Yoonia	KRUG19-1	Seawater	True	3	3	1.000	0.667	611	3	3	1.000	2	2	85.73	1.38	likely_legit
KRUG19-1_SAMN06266127_MAG_00000053	Opacimonas sp002292215	Opacimonas	KRUG19-1	Seawater	True	3	3	1.000	0.667	577	3	3	1.000	0	0	95.88	0.55	likely_legit
KRUG19-1_SAMN06267310_MAG_00000066	Sphingomonas sp028823055	Sphingomonas	KRUG19-1	Seawater	True	3	3	1.000	0.333	412	3	3	1.000	3	3	76.06	1.41	likely_legit
KRUG19-1_SAMN06267310_MAG_00000070	Opacimonas sp002292215	Opacimonas	KRUG19-1	Seawater	True	3	3	0.667	0.333	409	3	3	1.000	2	2	61.59	1.34	likely_legit
KRUG19-2_SAMN08776802_MAG_00000190	Unknown JACKII01	JACKII01	KRUG19-2	Seawater	True	3	3	1.000	0.667	593	3	3	1.000	3	3	96.35	0.5	likely_legit
KRUG19-2_SAMN08776908_MAG_00000010	UBA4479 sp002389385	UBA4479	KRUG19-2	Seawater	True	3	3	1.000	0.000	430	3	3	1.000	3	3	83.79	0.88	likely_legit
KRUG19-2_SAMN08778199_MAG_00000189	Unknown Alteromonas_E	Alteromonas_E	KRUG19-2	Seawater	True	3	3	0.333	0.000	407	2	3	0.667	2	3	87.38	2.93	uncertain
LIUR22-1_SAMN17320296_MAG_00000147	Unknown Casp-alpha2	Casp-alpha2	LIUR22-1	Marine sediment	True	3	3	0.667	0.333	323	3	3	1.000	3	3	69.01	0.0	likely_legit
LOPE16-1_SAMN05213967_MAG_00000010	Pseudophaeobacter sp913054455	Pseudophaeobacter	LOPE16-1	Seawater	True	3	3	0.667	0.667	602	3	3	1.000	2	3	99.0	0.35	likely_legit
LOPE16-1_SAMN05213968_MAG_00000009	Shimia thalassica	Shimia	LOPE16-1	Seawater	True	3	3	1.000	0.667	589	3	3	1.000	2	3	97.18	5.63	likely_legit
LUOE20-1_SAMN05991657-S001_MAG_00000075	Casp-alpha2 sp002938075	Casp-alpha2	LUOE20-1	Seawater	True	3	3	0.000	0.000	216	2	3	0.667	2	3	88.73	0.0	likely_artifact
LUOE20-1_SAMN05991665-S001_MAG_00000010	Sphingobium naphthae	Sphingobium	LUOE20-1	Seawater	True	3	3	0.000	0.000	144	2	3	0.667	2	3	59.15	4.23	likely_artifact
LUOE20-1_SAMN05991697-S003_MAG_00000095	Sphingobium naphthae	Sphingobium	LUOE20-1	Seawater	True	3	3	0.333	0.000	377	2	3	0.667	2	3	93.55	2.42	uncertain
LUOE20-1_SAMN05991719-S001_MAG_00000013	Vibrio chagasii_A	Vibrio	LUOE20-1	Seawater	True	3	3	0.333	0.000	195	3	3	1.000	3	3	72.02	9.0	uncertain
LUOE20-1_SAMN25282953-S001_MAG_00000013	JAKUPQ01 sp022450665	JAKUPQ01	LUOE20-1	Seawater	True	3	3	1.000	0.000	394	3	3	1.000	3	3	98.59	2.82	likely_legit
LUOR22-1_SAMEA13322662_MAG_00000081	Unknown HK1	HK1	LUOR22-1	Marine sponge tissue	True	3	3	0.667	0.667	503	3	3	1.000	3	3	80.28	0.0	likely_legit
LUOR22-1_SAMEA13322666_MAG_00000101	Unknown Alphaproteobacteria	Unknown Alphaproteobacteria	LUOR22-1	Marine sponge tissue	True	3	3	0.667	0.333	344	3	3	1.000	3	3	82.95	6.58	likely_legit
LUOR22-1_SAMEA13322678_MAG_00000026	Unknown HK1	HK1	LUOR22-1	Marine sponge tissue	True	3	3	0.667	0.667	591	3	3	1.000	2	3	87.32	4.23	likely_legit
LUOR22-1_SAMEA13322678_MAG_00000122	Unknown HK1	HK1	LUOR22-1	Marine sponge tissue	True	3	3	0.667	0.667	599	3	3	1.000	3	3	57.75	4.23	likely_legit
LUOR22-1_SAMEA13322679_MAG_00000089	Unknown HK1	HK1	LUOR22-1	Marine sponge tissue	True	3	3	0.333	0.333	200	3	3	1.000	3	3	79.31	0.0	uncertain
LUOR22-1_SAMEA13322680_MAG_00000018	Unknown HK1	HK1	LUOR22-1	Marine sponge tissue	True	3	3	0.667	0.667	599	3	3	1.000	3	3	80.28	2.82	likely_legit
LUOR22-1_SAMEA13410271_MAG_00000034	Limnobacter sp902506325	Limnobacter	LUOR22-1	Seawater	True	3	3	0.667	0.333	400	3	3	1.000	3	3	99.0	0.03	likely_legit
LUOR22-1_SAMEA13410272_MAG_00000019	Alcanivorax sp000155615	Alcanivorax	LUOR22-1	Seawater	True	3	3	0.333	0.000	382	3	3	1.000	2	2	79.4	5.36	uncertain
MAKI22-1_SAMN20322036_MAG_00000006	Alcanivorax sp000155615	Alcanivorax	MAKI22-1	Seawater	True	3	3	0.000	0.000	202	2	3	0.667	2	3	97.18	0.0	likely_artifact
MAKI22-1_SAMN20322038_MAG_00000038	Unknown Hyphococcus	Hyphococcus	MAKI22-1	Seawater	True	3	3	1.000	1.000	627	3	3	1.000	3	3	58.34	0.82	likely_legit
MARK18-1_SAMN08606303_MAG_00000007	Lentibacter sp029254145	Lentibacter	MARK18-1	Seawater	True	3	3	0.333	0.000	429	2	3	0.667	1	3	69.93	0.83	uncertain
MARK18-1_SAMN08606331_MAG_00000028	Limnobacter sp000170915	Limnobacter	MARK18-1	Seawater	True	3	3	0.667	0.333	408	3	3	1.000	2	2	57.4	1.72	likely_legit
MARK18-1_SAMN08606343_MAG_00000009	Limnobacter sp000170915	Limnobacter	MARK18-1	Seawater	True	3	3	0.667	0.333	408	3	3	1.000	1	1	85.66	1.28	likely_legit
MARK18-1_SAMN08606348_MAG_00000010	Limnobacter sp000170915	Limnobacter	MARK18-1	Seawater	True	3	3	0.667	0.333	408	3	3	1.000	1	1	81.39	0.45	likely_legit
MARL16-1_SAMN03857199_MAG_00000019	Vreelandella sedimenti	Vreelandella	MARL16-1	Marine sediment	True	3	3	0.667	1.000	737	3	3	1.000	3	3	96.34	0.46	likely_legit
MART15-1_SAMN05504280_MAG_00000157	Limnobacter sp002954425	Limnobacter	MART15-1	Seawater	True	3	3	0.333	0.333	368	3	3	1.000	2	2	92.19	0.93	uncertain
MART15-1_SAMN07357610_MAG_00000181	Azonexus sp008711155	Azonexus	MART15-1	Seawater	True	3	3	0.667	0.333	353	3	3	1.000	3	3	73.59	1.58	likely_legit
MART15-1_SAMN07357612_MAG_00000135	Hyphomonas sp000682775	Hyphomonas	MART15-1	Seawater	True	3	3	1.000	0.667	563	3	3	1.000	3	3	100.0	0.0	likely_legit
MART15-1_SAMN07357612_MAG_00000144	Sphingosinicella sp013911755	Sphingosinicella	MART15-1	Seawater	True	3	3	1.000	0.000	396	3	3	1.000	1	1	92.96	1.41	likely_legit
MCIN21-1_SAMEA7319891_MAG_00000042	UBA3064 sp023258775	UBA3064	MCIN21-1	Freshwater aquaculture water	True	3	3	0.667	0.333	366	3	3	1.000	3	3	74.65	1.41	likely_legit
MCIN21-1_SAMEA7319895_MAG_00000041	Novosphingobium arvoryzae	Novosphingobium	MCIN21-1	Freshwater aquaculture water	True	3	3	1.000	0.333	415	3	3	1.000	3	3	59.36	2.39	likely_legit
MCIN21-1_SAMEA7319895_MAG_00000084	Unknown Malikia	Malikia	MCIN21-1	Freshwater aquaculture water	True	3	3	0.667	1.000	592	3	3	1.000	3	3	64.76	3.51	likely_legit
MCIN21-1_SAMEA7319898_MAG_00000023	Unknown Fluviibacter	Fluviibacter	MCIN21-1	Freshwater lake water	True	3	3	1.000	1.000	588	3	3	1.000	3	3	86.56	1.11	likely_legit
MCIN21-1_SAMEA7319899_MAG_00000034	Unknown Fluviibacter	Fluviibacter	MCIN21-1	Freshwater lake water	True	3	3	1.000	1.000	588	3	3	1.000	2	2	83.17	1.18	likely_legit
MCIN21-1_SAMEA7319912_MAG_00000010	Unknown JADKHE01	JADKHE01	MCIN21-1	Freshwater aquaculture sediment	True	3	3	0.333	0.333	368	3	3	1.000	3	3	58.42	1.9	uncertain
MCIN21-1_SAMEA7319912_MAG_00000013	Unknown Azonexus	Azonexus	MCIN21-1	Freshwater aquaculture sediment	True	3	3	1.000	1.000	583	3	3	1.000	0	0	90.82	1.33	likely_legit
MCIN21-1_SAMEA7319926_MAG_00000011	Unknown Azonexus	Azonexus	MCIN21-1	Freshwater pond sediment	True	3	3	0.667	1.000	583	3	3	1.000	3	3	88.6	0.54	likely_legit
MEHR18-1_SAMN03444961_MAG_00000198	GCA-2731375 sp027623205	GCA-2731375	MEHR18-1	Seawater	True	3	3	0.667	0.333	419	3	3	1.000	3	3	98.59	0.0	likely_legit
MEHR18-1_SAMN03444961_MAG_00000285	JAQBZY01 sp027620395	JAQBZY01	MEHR18-1	Seawater	True	3	3	1.000	0.667	582	3	3	1.000	3	3	79.66	0.61	likely_legit
MEYE16-2_SAMN03458685_MAG_00000010	GCA-002401295 sp002401295	GCA-002401295	MEYE16-2	Seawater	True	3	3	0.667	0.667	595	3	3	1.000	2	3	87.6	1.26	likely_legit
MEYE16-2_SAMN03458688_MAG_00000030	NORP23 sp016765235	NORP23	MEYE16-2	Seawater	True	3	3	1.000	0.667	582	3	3	1.000	3	3	81.69	0.0	likely_legit
MORG22-1_SAMN09064976_MAG_00000032	Unknown GCA-2731375	GCA-2731375	MORG22-1	Marine sponge tissue	True	3	3	0.667	0.333	419	3	3	1.000	3	3	95.77	0.0	likely_legit
MORG22-1_SAMN09064978_MAG_00000027	G963555825 sp963555825	G963555825	MORG22-1	Marine sponge tissue	True	3	3	0.333	0.333	314	3	3	1.000	2	2	90.14	2.82	uncertain
MORG22-1_SAMN09197752_MAG_00000026	Limnobacter sp002954425	Limnobacter	MORG22-1	Seawater	True	3	3	0.667	0.333	408	3	3	1.000	2	2	98.59	0.0	likely_legit
MUDA16-1_SAMN06140902_MAG_00000057	Unknown UBA8904	UBA8904	MUDA16-1	Marine sediment	True	3	3	0.333	0.333	431	3	3	1.000	2	3	93.36	3.23	uncertain
NAPP22-1_SAMN15346751_MAG_00000031	Unknown Hyphomonas	Hyphomonas	NAPP22-1	Marine algae thallus	True	3	3	1.000	0.667	562	3	3	1.000	3	3	100.0	0.0	likely_legit
NAPP22-1_SAMN15346752_MAG_00000089	Unknown Hyphomonas	Hyphomonas	NAPP22-1	Marine algae thallus	True	3	3	1.000	0.667	562	3	3	1.000	1	1	98.59	0.0	likely_legit
NAPP22-1_SAMN15346753_MAG_00000045	Unknown Alteromonas_F	Alteromonas_F	NAPP22-1	Marine algae thallus	True	3	3	0.333	0.000	407	2	3	0.667	1	3	89.37	1.43	uncertain
NAPP22-1_SAMN15346757_MAG_00000030	Unknown Hyphomonas	Hyphomonas	NAPP22-1	Marine algae thallus	True	3	3	1.000	0.667	562	3	3	1.000	2	2	97.18	1.41	likely_legit
NAPP22-1_SAMN15346757_MAG_00000090	Unknown IMCC34051	IMCC34051	NAPP22-1	Marine algae thallus	True	3	3	1.000	0.667	520	3	3	1.000	2	3	90.14	2.82	likely_legit
NAPP22-1_SAMN15346758_MAG_00000051	CALGNO01 sp937958625	CALGNO01	NAPP22-1	Marine algae thallus	True	3	3	1.000	0.333	418	2	3	0.667	3	3	53.52	5.63	likely_legit
NGUY21-1_SAMN17524317_MAG_00000192	JAAXHV01 sp022826885	JAAXHV01	NGUY21-1	Marine sponge tissue	True	3	3	0.667	0.333	286	2	3	0.667	3	3	71.83	1.41	likely_legit
NGUY21-1_SAMN17524319_MAG_00000114	Unknown Bin65	Bin65	NGUY21-1	Marine sponge tissue	True	3	3	0.667	0.333	413	3	3	1.000	3	3	100.0	0.0	likely_legit
NGUY21-1_SAMN17524321_MAG_00000218	Unknown HK1	HK1	NGUY21-1	Marine sponge tissue	True	3	3	0.667	0.667	609	3	3	1.000	3	3	98.59	9.86	likely_legit
NGUY21-1_SAMN17524325_MAG_00000090	Unknown HK1	HK1	NGUY21-1	Marine sponge tissue	True	3	3	0.333	0.667	555	3	3	1.000	3	3	80.28	4.23	uncertain
NGUY21-1_SAMN17524327_MAG_00000127	WTGU01 sp022823305	WTGU01	NGUY21-1	Marine sponge tissue	True	3	3	1.000	0.333	410	2	3	0.667	3	3	92.81	5.02	likely_legit
NILS19-1_SAMN09302791_MAG_00000003	Unknown Limnobacter	Limnobacter	NILS19-1	Seawater	True	3	3	0.667	0.667	536	3	3	1.000	3	3	98.59	0.0	likely_legit
NILS19-1_SAMN09302792_MAG_00000057	Unknown Limnobacter	Limnobacter	NILS19-1	Seawater	True	3	3	0.667	0.667	536	3	3	1.000	0	0	100.0	0.0	likely_legit
NILS19-1_SAMN09302797_MAG_00000027	Limnobacter sp018815245	Limnobacter	NILS19-1	Seawater	True	3	3	0.333	0.000	368	3	3	1.000	3	3	73.17	2.38	uncertain
NILS19-1_SAMN09302799_MAG_00000001	Limnobacter sp018815245	Limnobacter	NILS19-1	Seawater	True	3	3	0.667	0.333	379	3	3	1.000	1	1	98.6	0.21	likely_legit
NILS19-1_SAMN09302802_MAG_00000019	Limnobacter sp018815245	Limnobacter	NILS19-1	Seawater	True	3	3	0.667	0.333	379	3	3	1.000	0	0	98.59	0.0	likely_legit
NILS19-1_SAMN09302806_MAG_00000015	Limnobacter sp018815245	Limnobacter	NILS19-1	Seawater	True	3	3	0.667	0.333	379	3	3	1.000	0	0	98.59	0.0	likely_legit
NILS19-1_SAMN09302807_MAG_00000031	Limnobacter sp018815245	Limnobacter	NILS19-1	Seawater	True	3	3	0.667	0.333	379	3	3	1.000	0	0	92.84	1.45	likely_legit
NILS19-1_SAMN09302812_MAG_00000031	Pseudomonas_E sp018827205	Pseudomonas_E	NILS19-1	Seawater	True	3	3	0.667	0.333	497	3	3	1.000	2	3	85.92	5.63	likely_legit
NILS19-1_SAMN09302812_MAG_00000033	Unknown Caulobacter	Caulobacter	NILS19-1	Seawater	True	3	3	0.667	0.000	334	2	3	0.667	2	3	88.7	2.78	likely_legit
NOWI19-1_SAMN09201302_MAG_00000031	Litorivicinus sp938091715	Litorivicinus	NOWI19-1	Seawater	True	3	3	1.000	0.333	405	3	3	1.000	2	3	92.96	1.41	likely_legit
NOWI19-1_SAMN09201440_MAG_00000009	TMED26 sp003280605	TMED26	NOWI19-1	Seawater	True	3	3	1.000	0.333	439	3	3	1.000	3	3	87.98	1.01	likely_legit
NOWI19-1_SAMN09201440_MAG_00000106	Litorivicinus sp938091715	Litorivicinus	NOWI19-1	Seawater	True	3	3	1.000	0.333	405	3	3	1.000	2	2	97.18	0.0	likely_legit
NOWI19-1_SAMN09201602_MAG_00000005	Litorivicinus sp938091715	Litorivicinus	NOWI19-1	Seawater	True	3	3	1.000	0.333	405	3	3	1.000	1	2	94.37	4.23	likely_legit
NOWI19-1_SAMN09201603_MAG_00000007	Litorivicinus sp938091715	Litorivicinus	NOWI19-1	Seawater	True	3	3	1.000	0.333	405	3	3	1.000	2	2	94.37	0.0	likely_legit
NOWI19-1_SAMN09201686_MAG_00000095	Litorivicinus sp938091715	Litorivicinus	NOWI19-1	Seawater	True	3	3	1.000	0.333	405	3	3	1.000	1	1	97.18	1.41	likely_legit
NOWI19-1_SAMN10350899_MAG_00000032	Litorivicinus sp938091715	Litorivicinus	NOWI19-1	Seawater	True	3	3	0.667	0.333	396	3	3	1.000	2	3	88.76	1.72	likely_legit
NOWI19-1_SAMN10351174_MAG_00000038	Salinivivens sp003332035	Salinivivens	NOWI19-1	Seawater	True	3	3	0.333	0.333	337	1	3	0.333	1	2	73.24	8.45	uncertain
OBRI24-1_SAMEA115094358_MAG_00000017	Limnobacter sp000170915	Limnobacter	OBRI24-1	Seawater	True	3	3	0.667	0.333	408	3	3	1.000	2	2	98.59	0.0	likely_legit
OBRI24-1_SAMEA115094360_MAG_00000012	Roseovarius indicus	Roseovarius	OBRI24-1	Seawater	True	3	3	0.333	0.000	373	2	3	0.667	1	2	66.2	2.82	uncertain
OBRI24-1_SAMEA115094360_MAG_00000034	Unknown UBA4479	UBA4479	OBRI24-1	Seawater	True	3	3	1.000	0.333	410	3	3	1.000	3	3	63.63	1.26	likely_legit
OBRI24-1_SAMEA115094360_MAG_00000045	Qipengyuania pacifica	Qipengyuania	OBRI24-1	Seawater	True	3	3	0.000	0.333	399	3	3	1.000	2	3	95.9	2.24	likely_artifact
OBRI24-1_SAMEA115094362_MAG_00000099	Roseovarius indicus	Roseovarius	OBRI24-1	Seawater	True	3	3	1.000	0.333	434	3	3	1.000	1	1	85.92	1.41	likely_legit
OBRI24-1_SAMEA115094364_MAG_00000061	Unknown Qipengyuania_C	Qipengyuania_C	OBRI24-1	Seawater	True	3	3	0.333	0.000	359	3	3	1.000	2	3	83.1	1.41	uncertain
OBRI24-1_SAMEA115094366_MAG_00000061	Unknown Qipengyuania	Qipengyuania	OBRI24-1	Seawater	True	3	3	1.000	0.667	563	3	3	1.000	3	3	99.25	0.68	likely_legit
OBRI24-1_SAMEA115094366_MAG_00000090	Roseovarius indicus	Roseovarius	OBRI24-1	Seawater	True	3	3	1.000	0.667	603	3	3	1.000	0	0	94.39	3.16	likely_legit
OBRI24-1_SAMEA115094367_MAG_00000119	Unknown Qipengyuania	Qipengyuania	OBRI24-1	Seawater	True	3	3	1.000	0.667	563	3	3	1.000	0	0	99.5	0.6	likely_legit
OBRI24-1_SAMEA115094368_MAG_00000014	Roseovarius indicus	Roseovarius	OBRI24-1	Seawater	True	3	3	1.000	0.667	603	3	3	1.000	0	0	90.14	2.82	likely_legit
OBRI24-1_SAMEA115094370_MAG_00000156	Unknown PTKB01	PTKB01	OBRI24-1	Seawater	True	3	3	0.667	0.000	389	2	3	0.667	2	3	83.76	0.65	likely_legit
OBRI24-1_SAMEA115094370_MAG_00000187	GCA-2731375 sp028824965	GCA-2731375	OBRI24-1	Seawater	True	3	3	0.667	0.333	408	3	3	1.000	3	3	85.89	2.03	likely_legit
OBRI24-1_SAMEA115094373_MAG_00000044	Parasphingopyxis sp937129435	Parasphingopyxis	OBRI24-1	Seawater	True	3	3	1.000	0.333	361	3	3	1.000	2	2	92.96	0.0	likely_legit
OBRI24-1_SAMEA115094376_MAG_00000196	JABMNT01 sp028825025	JABMNT01	OBRI24-1	Seawater	True	3	3	1.000	0.333	410	3	3	1.000	3	3	66.21	0.0	likely_legit
OBRI24-1_SAMEA115094377_MAG_00000284	GCA-2731375 sp028824965	GCA-2731375	OBRI24-1	Seawater	True	3	3	1.000	0.333	408	3	3	1.000	3	3	98.59	2.82	likely_legit
OBRI24-1_SAMEA115094382_MAG_00000109	GCA-2731375 sp028824965	GCA-2731375	OBRI24-1	Seawater	True	3	3	1.000	0.333	408	3	3	1.000	2	2	95.29	1.52	likely_legit
OBRI24-1_SAMEA115094385_MAG_00000121	GCA-2731375 sp028824965	GCA-2731375	OBRI24-1	Seawater	True	3	3	1.000	0.000	408	3	3	1.000	2	2	86.21	1.43	likely_legit
OBRI24-1_SAMEA115094385_MAG_00000173	Nocardioides cremeus	Nocardioides	OBRI24-1	Seawater	True	3	3	0.667	0.000	387	3	3	1.000	3	3	94.37	1.41	likely_legit
OBRI24-1_SAMEA115094385_MAG_00000243	Roseovarius indicus	Roseovarius	OBRI24-1	Seawater	True	3	3	0.667	0.667	603	3	3	1.000	3	3	73.24	0.0	likely_legit
OBRI24-1_SAMEA115094385_MAG_00000258	Hyphococcus sp002704915	Hyphococcus	OBRI24-1	Seawater	True	3	3	0.667	0.333	334	3	3	1.000	3	3	56.34	2.82	likely_legit
PANK22-1_SAMN12290235_MAG_00000016	Unknown Bin18	Bin18	PANK22-1	Marine sponge tissue	True	3	3	0.667	0.333	368	3	3	1.000	3	3	94.37	0.0	likely_legit
PANK22-1_SAMN12290235_MAG_00000025	Unknown HK1	HK1	PANK22-1	Marine sponge tissue	True	3	3	0.667	1.000	596	3	3	1.000	3	3	91.55	2.82	likely_legit
PANK22-1_SAMN12290239_MAG_00000039	Unknown HK1	HK1	PANK22-1	Marine sponge tissue	True	3	3	0.667	0.667	598	3	3	1.000	3	3	90.14	1.41	likely_legit
PANK22-1_SAMN12290305_MAG_00000052	Unknown HK1	HK1	PANK22-1	Marine sponge tissue	True	3	3	0.667	1.000	598	3	3	1.000	3	3	98.59	2.82	likely_legit
PANK22-1_SAMN12290512_MAG_00000006	Unknown HK1	HK1	PANK22-1	Marine sponge tissue	True	3	3	0.667	0.667	579	3	3	1.000	3	3	83.1	4.23	likely_legit
PANK22-1_SAMN12290604_MAG_00000038	Unknown HK1	HK1	PANK22-1	Marine sponge tissue	True	3	3	0.667	1.000	599	3	3	1.000	3	3	94.37	2.82	likely_legit
PANK22-1_SAMN12290826_MAG_00000005	Unknown HK1	HK1	PANK22-1	Marine sponge tissue	True	3	3	0.667	1.000	588	3	3	1.000	2	2	94.37	2.82	likely_legit
PANK22-1_SAMN12291151_MAG_00000009	Unknown HK1	HK1	PANK22-1	Marine sponge tissue	True	3	3	0.667	1.000	596	3	3	1.000	3	3	85.92	5.63	likely_legit
PANK22-1_SAMN12291211_MAG_00000073	Unknown HK1	HK1	PANK22-1	Marine sponge tissue	True	3	3	0.667	1.000	599	3	3	1.000	3	3	77.46	2.82	likely_legit
PANK22-1_SAMN12291260_MAG_00000030	Unknown HK1	HK1	PANK22-1	Marine sponge tissue	True	3	3	0.667	1.000	605	3	3	1.000	3	3	88.73	1.41	likely_legit
PANK22-1_SAMN12291261_MAG_00000019	Unknown Bin18	Bin18	PANK22-1	Marine sponge tissue	True	3	3	1.000	0.000	363	2	3	0.667	3	3	78.87	4.23	likely_legit
PANK22-1_SAMN12291263_MAG_00000018	Unknown HK1	HK1	PANK22-1	Marine sponge tissue	True	3	3	0.667	1.000	598	3	3	1.000	3	3	95.77	2.82	likely_legit
PANK22-1_SAMN12291265_MAG_00000005	Unknown HK1	HK1	PANK22-1	Marine sponge tissue	True	3	3	0.667	0.667	596	3	3	1.000	3	3	71.9	0.0	likely_legit
PANK22-1_SAMN12291595_MAG_00000033	Unknown HK1	HK1	PANK22-1	Marine sponge tissue	True	3	3	0.667	1.000	598	3	3	1.000	3	3	97.18	2.82	likely_legit
PANK22-1_SAMN12291596_MAG_00000028	Unknown HK1	HK1	PANK22-1	Marine sponge tissue	True	3	3	0.667	1.000	606	3	3	1.000	3	3	94.37	5.63	likely_legit
PANK22-1_SAMN12291663_MAG_00000028	Unknown HK1	HK1	PANK22-1	Marine sponge tissue	True	3	3	0.667	1.000	595	3	3	1.000	2	3	76.06	4.23	likely_legit
POHA15-1_SAMEA2555031_MAG_00000003	Limnobacter sp002954425	Limnobacter	POHA15-1	Seawater	True	3	3	0.333	0.333	368	3	3	1.000	3	3	87.92	0.59	uncertain
PRIE21-1_SAMEA7670916_MAG_00000107	Unknown JABJAG01	JABJAG01	PRIE21-1	Seawater	True	3	3	0.333	0.333	206	3	3	1.000	3	3	84.29	2.79	uncertain
PUEN22-1_SAMN25861433_MAG_00000044	Unknown JADHLJ01	JADHLJ01	PUEN22-1	Seawater	True	3	3	0.000	0.000	157	3	3	1.000	2	3	60.5	3.59	likely_artifact
PUEN22-1_SAMN25861433_MAG_00000083	Unknown VMCJ01	VMCJ01	PUEN22-1	Seawater	True	3	3	0.667	0.000	292	3	3	1.000	2	3	86.9	2.87	likely_legit
RAGG21-1_SAMN14329493_MAG_00000004	Phenylobacterium sp013911965	Phenylobacterium	RAGG21-1	Seawater	True	3	3	0.333	0.667	577	3	3	1.000	3	3	83.1	2.82	uncertain
RAGG21-1_SAMN14329496_MAG_00000033	JAABYT01 sp964194585	JAABYT01	RAGG21-1	Seawater	True	3	3	0.333	0.333	206	2	3	0.667	3	3	53.52	1.41	uncertain
REYS20-1_SAMN12239301_MAG_00000134	Unknown Paremcibacter	Paremcibacter	REYS20-1	Hydrothermal vent sediment	True	3	3	0.333	0.000	346	2	3	0.667	3	3	67.0	0.87	uncertain
REYS20-1_SAMN12239304_MAG_00000058	JAADEO01 sp015486445	JAADEO01	REYS20-1	Hydrothermal vent plume	True	3	3	0.667	1.000	602	3	3	1.000	2	3	83.82	0.65	likely_legit
REYS20-1_SAMN12239307_MAG_00000075	Unknown Legionellaceae	Unknown Legionellaceae	REYS20-1	Hydrothermal vent sediment	True	3	3	1.000	0.667	602	3	3	1.000	2	3	95.35	2.62	likely_legit
REYS20-1_SAMN12239307_MAG_00000198	Robiginitomaculum_B sp015485335	Robiginitomaculum_B	REYS20-1	Hydrothermal vent sediment	True	3	3	0.667	0.667	561	3	3	1.000	3	3	97.18	0.0	likely_legit
REYS20-1_SAMN12239307_MAG_00000266	S012-89 sp015487335	S012-89	REYS20-1	Hydrothermal vent sediment	True	3	3	0.667	0.667	590	2	3	0.667	3	3	72.1	2.23	likely_legit
REYS20-1_SAMN12239309_MAG_00000097	JALSRW01 sp027045875	JALSRW01	REYS20-1	Hydrothermal vent sediment	True	3	3	1.000	1.000	600	3	3	1.000	2	3	97.89	0.75	likely_legit
REYS20-1_SAMN12239314_MAG_00000040	JALSRW01 sp027045875	JALSRW01	REYS20-1	Hydrothermal vent sediment	True	3	3	1.000	1.000	600	3	3	1.000	2	2	97.18	1.41	likely_legit
REYS20-1_SAMN12239314_MAG_00000140	JALUTE01 sp027058255	JALUTE01	REYS20-1	Hydrothermal vent sediment	True	3	3	0.667	1.000	623	3	3	1.000	3	3	83.88	4.12	likely_legit
REYS20-1_SAMN12239315_MAG_00000016	Unknown JALSRG01	JALSRG01	REYS20-1	Hydrothermal vent sediment	True	3	3	1.000	0.667	575	3	3	1.000	3	3	85.13	1.18	likely_legit
ROBB19-1_SAMN11878279_MAG_00000080	Limnobacter sp000170915	Limnobacter	ROBB19-1	Seawater	True	3	3	0.667	0.333	408	3	3	1.000	1	1	97.35	0.64	likely_legit
ROBB21-1_SAMN13943197_MAG_00000012	HK1 sp026709935	HK1	ROBB21-1	Marine sponge tissue	True	3	3	0.667	0.667	587	3	3	1.000	2	3	71.83	0.0	likely_legit
ROBB21-1_SAMN13943198_MAG_00000002	HK1 sp026709935	HK1	ROBB21-1	Marine sponge tissue	True	3	3	0.667	0.667	587	3	3	1.000	2	3	89.57	5.79	likely_legit
ROBB21-1_SAMN13943214_MAG_00000090	JAJDZL01 sp028820695	JAJDZL01	ROBB21-1	Marine sponge tissue	True	3	3	1.000	0.333	352	3	3	1.000	3	3	94.37	1.41	likely_legit
ROBB21-1_SAMN13943215_MAG_00000075	Unknown HK1	HK1	ROBB21-1	Marine sponge tissue	True	3	3	0.667	0.667	500	3	3	1.000	3	3	59.15	2.82	likely_legit
ROBB21-1_SAMN13943220_MAG_00000038	GCA-2717185 sp028817685	GCA-2717185	ROBB21-1	Seawater	True	3	3	1.000	0.000	406	3	3	1.000	3	3	91.86	4.44	likely_legit
ROBB21-1_SAMN13943221_MAG_00000020	GCA-2717185 sp028817685	GCA-2717185	ROBB21-1	Seawater	True	3	3	1.000	0.333	411	3	3	1.000	2	2	97.18	2.82	likely_legit
ROBB21-1_SAMN13943223_MAG_00000027	GCA-2717185 sp028817685	GCA-2717185	ROBB21-1	Seawater	True	3	3	1.000	0.333	411	3	3	1.000	2	2	95.77	4.23	likely_legit
ROBB21-1_SAMN13943224_MAG_00000015	GCA-2717185 sp028817685	GCA-2717185	ROBB21-1	Seawater	True	3	3	1.000	0.333	411	3	3	1.000	0	0	91.55	2.82	likely_legit
ROBB21-1_SAMN13943228_MAG_00000020	Unknown UBA8079	UBA8079	ROBB21-1	Seawater	True	3	3	1.000	0.333	410	3	3	1.000	3	3	54.93	5.63	likely_legit
ROTH18-1_SAMN05730151-S003_MAG_00000002	Unknown CAKZTM01	CAKZTM01	ROTH18-1	Marine algae thallus	True	3	3	1.000	0.667	572	3	3	1.000	3	3	97.63	1.94	likely_legit
RSGB23-1_GCA-000211795-V2_GENO_10000001	Sphingomonas paucimobilis	Sphingomonas	RSGB23-1	NA	False	3	3	1.000	0.667	572	3	3	1.000	0	0	99.66	0.11	likely_legit
RSGB23-1_GCA-000215955-V3_GENO_10000001	Salinisphaera shabanensis	Salinisphaera	RSGB23-1	NA	False	3	3	0.667	0.333	382	3	3	1.000	3	3	98.59	0.0	likely_legit
RSGB23-1_GCA-000308235-V2_GENO_10000001	Acinetobacter venetianus	Acinetobacter	RSGB23-1	NA	False	3	3	0.333	0.333	383	3	3	1.000	1	1	97.18	0.0	uncertain
RSGB23-1_GCA-001292585-V1_GENO_10000001	Unknown Magnetomorum	Magnetomorum	RSGB23-1	NA	False	3	3	0.333	0.333	378	3	3	1.000	3	3	96.94	3.57	uncertain
RSGB23-1_GCA-003061185-V1_GENO_10000001	Unknown Sphingomonas	Sphingomonas	RSGB23-1	NA	False	3	3	0.667	0.333	356	3	3	1.000	3	3	100.0	0.0	likely_legit
RSGB23-1_GCA-003813925-V1_GENO_10000001	Pseudomonas_E putida_Y	Pseudomonas_E	RSGB23-1	NA	False	3	3	0.667	0.333	292	3	3	1.000	1	3	93.71	1.86	likely_legit
RSGB23-1_GCA-019641875-V1_GENO_10000001	Ralstonia sp001078575	Ralstonia	RSGB23-1	NA	False	3	3	1.000	0.667	583	3	3	1.000	0	0	100.0	1.41	likely_legit
RSGB23-1_GCA-019641885-V1_GENO_10000001	Ralstonia sp001078575	Ralstonia	RSGB23-1	NA	False	3	3	1.000	0.667	583	3	3	1.000	0	0	100.0	1.41	likely_legit
RSGB23-1_GCA-019642015-V1_GENO_10000001	Ralstonia sp001078575	Ralstonia	RSGB23-1	NA	False	3	3	1.000	0.667	583	3	3	1.000	0	0	100.0	1.41	likely_legit
RSGB23-1_GCA-901905185-V2_GENO_10000001	Methylocapsa tundrae	Methylocapsa	RSGB23-1	NA	False	3	3	1.000	1.000	624	3	3	1.000	3	3	99.69	0.94	likely_legit
RSGB23-1_GCF-000007705-V1_GENO_10000001	Chromobacterium violaceum	Chromobacterium	RSGB23-1	NA	False	3	3	0.667	1.000	748	3	3	1.000	1	3	99.04	0.45	likely_legit
RSGB23-1_GCF-000012985-V1_GENO_10000001	Hahella chejuensis	Hahella	RSGB23-1	NA	False	3	3	1.000	0.667	582	3	3	1.000	1	3	99.86	1.06	likely_legit
RSGB23-1_GCF-000015505-V1_GENO_10000001	Polaromonas naphthalenivorans	Polaromonas	RSGB23-1	NA	False	3	3	1.000	1.000	588	3	3	1.000	2	3	99.38	1.46	likely_legit
RSGB23-1_GCF-000015585-V1_GENO_10000001	Halorhodospira halophila	Halorhodospira	RSGB23-1	NA	False	3	3	1.000	0.667	586	3	3	1.000	1	3	98.91	1.41	likely_legit
RSGB23-1_GCF-000016185-V1_GENO_10000001	Rhodospirillum_A centenum	Rhodospirillum_A	RSGB23-1	NA	False	3	3	0.667	0.333	361	3	3	1.000	1	3	99.56	0.0	likely_legit
RSGB23-1_GCF-000016765-V1_GENO_10000001	Rhizorhabdus wittichii	Rhizorhabdus	RSGB23-1	NA	False	3	3	1.000	0.333	407	3	3	1.000	1	3	99.1	1.81	likely_legit
RSGB23-1_GCF-000022305-V1_GENO_10000001	Diaphorobacter nitroreducens	Diaphorobacter	RSGB23-1	NA	False	3	3	0.667	1.000	586	3	3	1.000	1	3	99.93	0.62	likely_legit
RSGB23-1_GCF-000154785-V2_GENO_10000001	Roseobacter litoralis	Roseobacter	RSGB23-1	NA	False	3	3	0.667	0.667	589	3	3	1.000	2	3	99.25	0.32	likely_legit
RSGB23-1_GCF-000156335-V1_GENO_10000001	Sulfitobacter sp000156335	Sulfitobacter	RSGB23-1	NA	False	3	3	1.000	1.000	601	3	3	1.000	2	3	99.36	0.04	likely_legit
RSGB23-1_GCF-000170915-V1_GENO_10000001	Limnobacter sp000170915	Limnobacter	RSGB23-1	NA	False	3	3	0.667	0.333	408	3	3	1.000	1	1	99.27	0.37	likely_legit
RSGB23-1_GCF-000174355-V1_GENO_10000001	Pseudogulbenkiania ferrooxidans	Pseudogulbenkiania	RSGB23-1	NA	False	3	3	1.000	1.000	590	3	3	1.000	3	3	98.59	0.0	likely_legit
RSGB23-1_GCF-000181515-V1_GENO_10000001	Qipengyuania sp000181515	Qipengyuania	RSGB23-1	NA	False	3	3	1.000	0.667	563	3	3	1.000	3	3	100.0	0.0	likely_legit
RSGB23-1_GCF-000226295-V1_GENO_10000001	Chloracidobacterium thermophilum	Chloracidobacterium	RSGB23-1	NA	False	3	3	0.667	0.000	392	3	3	1.000	2	3	95.71	2.56	likely_legit
RSGB23-1_GCF-000226565-V1_GENO_10000001	Glaciecola nitratireducens	Glaciecola	RSGB23-1	NA	False	3	3	0.667	0.667	578	3	3	1.000	1	3	100.0	0.9	likely_legit
RSGB23-1_GCF-000264455-V2_GENO_10000001	Tistrella mobilis	Tistrella	RSGB23-1	NA	False	3	3	1.000	0.667	601	3	3	1.000	1	3	100.0	0.25	likely_legit
RSGB23-1_GCF-000293785-V1_GENO_10000001	Rhodoplanes sp000293785	Rhodoplanes	RSGB23-1	NA	False	3	3	1.000	0.667	656	3	3	1.000	3	3	99.37	1.27	likely_legit
RSGB23-1_GCF-000299915-V1_GENO_10000001	Gallaecimonas xiamenensis	Gallaecimonas	RSGB23-1	NA	False	3	3	1.000	0.667	525	3	3	1.000	3	3	100.0	0.0	likely_legit
RSGB23-1_GCF-000299965-V1_GENO_10000001	Cycloclasticus pugetii	Cycloclasticus	RSGB23-1	NA	False	3	3	1.000	0.667	575	3	3	1.000	1	1	99.94	0.0	likely_legit
RSGB23-1_GCF-000300515-V1_GENO_10000001	Nitratireductor indicus	Nitratireductor	RSGB23-1	NA	False	3	3	1.000	1.000	598	3	3	1.000	3	3	100.0	0.0	likely_legit
RSGB23-1_GCF-000308295-V2_GENO_10000001	Afipia birgiae	Afipia	RSGB23-1	NA	False	3	3	0.667	0.667	606	3	3	1.000	1	3	99.66	1.11	likely_legit
RSGB23-1_GCF-000313875-V1_GENO_10000001	Alcaligenes phenolicus	Alcaligenes	RSGB23-1	NA	False	3	3	0.667	0.667	544	3	3	1.000	2	3	96.87	0.62	likely_legit
RSGB23-1_GCF-000319575-V2_GENO_10000001	Spiribacter salinus	Spiribacter	RSGB23-1	NA	False	3	3	1.000	0.667	584	3	3	1.000	1	3	98.59	0.0	likely_legit
RSGB23-1_GCF-000327525-V1_GENO_10000001	Cereibacter_A sphaeroides	Cereibacter_A	RSGB23-1	NA	False	3	3	1.000	0.667	574	3	3	1.000	2	3	99.39	0.0	likely_legit
RSGB23-1_GCF-000331245-V1_GENO_10000001	Blastomonas sp000331245	Blastomonas	RSGB23-1	NA	False	3	3	1.000	0.667	569	3	3	1.000	2	3	98.59	0.0	likely_legit
RSGB23-1_GCF-000335815-V1_GENO_10000001	Duganella rivuli	Duganella	RSGB23-1	NA	False	3	3	0.667	1.000	584	3	3	1.000	2	3	100.0	0.0	likely_legit
RSGB23-1_GCF-000374805-V1_GENO_10000001	Chitiniphilus shinanonensis	Chitiniphilus	RSGB23-1	NA	False	3	3	0.667	1.000	577	3	3	1.000	3	3	100.0	1.41	likely_legit
RSGB23-1_GCF-000378465-V1_GENO_10000001	Elioraea tepidiphila	Elioraea	RSGB23-1	NA	False	3	3	1.000	0.667	599	3	3	1.000	3	3	99.25	0.0	likely_legit
RSGB23-1_GCF-000381785-V1_GENO_10000001	Amphritea japonica	Amphritea	RSGB23-1	NA	False	3	3	1.000	0.667	581	3	3	1.000	2	3	100.0	0.0	likely_legit
RSGB23-1_GCF-000382365-V1_GENO_10000001	Pannonibacter phragmitetus	Pannonibacter	RSGB23-1	NA	False	3	3	0.667	1.000	636	3	3	1.000	1	3	100.0	0.0	likely_legit
RSGB23-1_GCF-000395345-V1_GENO_10000001	Cupriavidus basilensis_B	Cupriavidus	RSGB23-1	NA	False	3	3	1.000	1.000	628	3	3	1.000	3	3	99.87	2.68	likely_legit
RSGB23-1_GCF-000412715-V1_GENO_10000001	Pseudomonas_E plecoglossicida	Pseudomonas_E	RSGB23-1	NA	False	3	3	1.000	1.000	561	3	3	1.000	2	3	100.0	0.13	likely_legit
RSGB23-1_GCF-000425565-V1_GENO_10000001	Tepidiphilus margaritifer	Tepidiphilus	RSGB23-1	NA	False	3	3	1.000	1.000	589	3	3	1.000	3	3	100.0	0.0	likely_legit
RSGB23-1_GCF-000428045-V1_GENO_10000001	Sedimenticola selenatireducens	Sedimenticola	RSGB23-1	NA	False	3	3	1.000	0.667	611	3	3	1.000	3	3	99.77	1.03	likely_legit
RSGB23-1_GCF-000429365-V1_GENO_10000001	Pseudodonghicola xiamenensis	Pseudodonghicola	RSGB23-1	NA	False	3	3	1.000	0.667	589	3	3	1.000	3	3	99.89	0.72	likely_legit
RSGB23-1_GCF-000429765-V1_GENO_10000001	Wagnerdoeblera nectariphila	Wagnerdoeblera	RSGB23-1	NA	False	3	3	1.000	0.667	600	3	3	1.000	2	3	99.32	0.98	likely_legit
RSGB23-1_GCF-000462205-V1_GENO_10000001	Chromobacterium piscinae	Chromobacterium	RSGB23-1	NA	False	3	3	0.667	1.000	748	3	3	1.000	3	3	97.54	1.47	likely_legit
RSGB23-1_GCF-000478365-V1_GENO_10000001	Herbaspirillum huttiense	Herbaspirillum	RSGB23-1	NA	False	3	3	0.333	0.667	617	2	3	0.667	2	3	99.33	1.39	uncertain
RSGB23-1_GCF-000485905-V1_GENO_10000001	Spiribacter curvatus	Spiribacter	RSGB23-1	NA	False	3	3	1.000	0.667	588	3	3	1.000	1	3	95.77	0.0	likely_legit
RSGB23-1_GCF-000503895-V1_GENO_10000001	Hyphomicrobium_C nitrativorans	Hyphomicrobium_C	RSGB23-1	NA	False	3	3	0.667	0.667	602	3	3	1.000	1	3	98.88	0.0	likely_legit
RSGB23-1_GCF-000520135-V2_GENO_10000001	Rhodovulum sulfidophilum	Rhodovulum	RSGB23-1	NA	False	3	3	0.667	1.000	600	3	3	1.000	1	3	99.29	0.91	likely_legit
RSGB23-1_GCF-000521215-V1_GENO_10000001	Roseibium sp000521215	Roseibium	RSGB23-1	NA	False	3	3	0.667	1.000	602	3	3	1.000	3	3	98.58	0.47	likely_legit
RSGB23-1_GCF-000576205-V1_GENO_10000001	Methylibium petroleiphilum	Methylibium	RSGB23-1	NA	False	3	3	1.000	1.000	561	3	3	1.000	3	3	94.61	1.71	likely_legit
RSGB23-1_GCF-000661895-V1_GENO_10000001	Rubrobacter radiotolerans	Rubrobacter	RSGB23-1	NA	False	3	3	1.000	0.333	367	3	3	1.000	1	3	98.68	0.0	likely_legit
RSGB23-1_GCF-000682675-V1_GENO_10000001	Hyphomonas pacifica	Hyphomonas	RSGB23-1	NA	False	3	3	1.000	0.667	563	3	3	1.000	3	3	100.0	0.0	likely_legit
RSGB23-1_GCF-000682715-V1_GENO_10000001	Hyphomonas atlantica	Hyphomonas	RSGB23-1	NA	False	3	3	1.000	0.667	607	3	3	1.000	2	2	100.0	0.0	likely_legit
RSGB23-1_GCF-000682735-V1_GENO_10000001	Hyphomonas sp000682735	Hyphomonas	RSGB23-1	NA	False	3	3	1.000	1.000	588	3	3	1.000	1	1	100.0	1.02	likely_legit
RSGB23-1_GCF-000682755-V1_GENO_10000001	Hyphomonas beringensis	Hyphomonas	RSGB23-1	NA	False	3	3	0.667	0.667	563	3	3	1.000	2	2	100.0	0.0	likely_legit
RSGB23-1_GCF-000682775-V1_GENO_10000001	Hyphomonas sp000682775	Hyphomonas	RSGB23-1	NA	False	3	3	1.000	0.667	563	3	3	1.000	3	3	98.21	0.32	likely_legit
RSGB23-1_GCF-000685215-V1_GENO_10000001	Hyphomonas jannaschiana	Hyphomonas	RSGB23-1	NA	False	3	3	1.000	1.000	600	3	3	1.000	2	3	100.0	1.07	likely_legit
RSGB23-1_GCF-000691225-V1_GENO_10000001	Nitrincola lacisaponensis	Nitrincola	RSGB23-1	NA	False	3	3	1.000	0.667	579	3	3	1.000	2	3	100.0	0.0	likely_legit
RSGB23-1_GCF-000698575-V1_GENO_10000001	Caballeronia zhejiangensis	Caballeronia	RSGB23-1	NA	False	3	3	1.000	1.000	672	3	3	1.000	3	3	100.0	0.5	likely_legit
RSGB23-1_GCF-000705555-V1_GENO_10000001	Marinobacterium_D lacunae	Marinobacterium_D	RSGB23-1	NA	False	3	3	1.000	0.667	578	3	3	1.000	2	3	100.0	0.0	likely_legit
RSGB23-1_GCF-000731955-V1_GENO_10000001	Modicisalibacter zincidurans	Modicisalibacter	RSGB23-1	NA	False	3	3	1.000	1.000	640	3	3	1.000	1	2	98.59	0.0	likely_legit
RSGB23-1_GCF-000801125-V1_GENO_10000001	Rhodococcus pyridinivorans	Rhodococcus	RSGB23-1	NA	False	3	3	0.333	0.333	376	3	3	1.000	2	3	99.67	0.98	uncertain
RSGB23-1_GCF-000813605-V1_GENO_10000001	Comamonas thiooxydans	Comamonas	RSGB23-1	NA	False	3	3	1.000	1.000	631	3	3	1.000	2	3	99.69	0.46	likely_legit
RSGB23-1_GCF-000814005-V1_GENO_10000001	Ruegeria sp000814005	Ruegeria	RSGB23-1	NA	False	3	3	0.667	0.667	601	3	3	1.000	2	3	99.57	0.06	likely_legit
RSGB23-1_GCF-000828475-V1_GENO_10000001	Methyloceanibacter caenitepidi	Methyloceanibacter	RSGB23-1	NA	False	3	3	0.667	1.000	799	3	3	1.000	1	3	100.0	0.0	likely_legit
RSGB23-1_GCF-000828635-V1_GENO_10000001	Sulfuritalea hydrogenivorans	Sulfuritalea	RSGB23-1	NA	False	3	3	1.000	1.000	580	3	3	1.000	1	3	98.59	0.0	likely_legit
RSGB23-1_GCF-000982975-V1_GENO_10000001	Vreelandella titanicae	Vreelandella	RSGB23-1	NA	False	3	3	0.667	1.000	737	3	3	1.000	1	3	100.0	0.0	likely_legit
RSGB23-1_GCF-001005215-V1_GENO_10000001	Lampropedia cohaerens	Lampropedia	RSGB23-1	NA	False	3	3	1.000	1.000	598	3	3	1.000	2	3	100.0	1.17	likely_legit
RSGB23-1_GCF-001007875-V1_GENO_10000001	Sedimenticola thiotaurini	Sedimenticola	RSGB23-1	NA	False	3	3	1.000	0.667	603	3	3	1.000	1	3	98.59	0.0	likely_legit
RSGB23-1_GCF-001043175-V1_GENO_10000001	Marinobacter psychrophilus	Marinobacter	RSGB23-1	NA	False	3	3	1.000	0.667	603	3	3	1.000	1	3	99.99	0.0	likely_legit
RSGB23-1_GCF-001305515-V1_GENO_10000001	Prosthecodimorpha hirschii	Prosthecodimorpha	RSGB23-1	NA	False	3	3	0.667	0.667	604	3	3	1.000	1	3	100.0	0.0	likely_legit
RSGB23-1_GCF-001305615-V1_GENO_10000001	Actibacterium_A naphthalenivorans	Actibacterium_A	RSGB23-1	NA	False	3	3	0.667	1.000	613	3	3	1.000	1	3	99.39	1.18	likely_legit
RSGB23-1_GCF-001406795-V1_GENO_10000001	Comamonas thiooxydans	Comamonas	RSGB23-1	NA	False	3	3	1.000	1.000	631	3	3	1.000	1	3	99.85	0.15	likely_legit
RSGB23-1_GCF-001477625-V1_GENO_10000001	Paucibacter_A sp001477625	Paucibacter_A	RSGB23-1	NA	False	3	3	0.667	1.000	599	3	3	1.000	1	3	100.0	1.11	likely_legit
RSGB23-1_GCF-001484065-V1_GENO_10000001	Pannonibacter indicus	Pannonibacter	RSGB23-1	NA	False	3	3	0.667	1.000	619	3	3	1.000	1	3	99.58	0.16	likely_legit
RSGB23-1_GCF-001519055-V1_GENO_10000001	Novosphingobium sp001519055	Novosphingobium	RSGB23-1	NA	False	3	3	0.667	0.667	587	3	3	1.000	3	3	99.48	0.71	likely_legit
RSGB23-1_GCF-001542855-V1_GENO_10000001	Qipengyuania sp001542855	Qipengyuania	RSGB23-1	NA	False	3	3	1.000	0.667	563	3	3	1.000	3	3	100.0	0.0	likely_legit
RSGB23-1_GCF-001579905-V1_GENO_10000001	Roseibium algicola	Roseibium	RSGB23-1	NA	False	3	3	0.667	1.000	602	3	3	1.000	1	3	100.0	0.0	likely_legit
RSGB23-1_GCF-001597725-V1_GENO_10000001	Neptuniibacter marinus	Neptuniibacter	RSGB23-1	NA	False	3	3	1.000	0.667	586	3	3	1.000	2	3	99.57	0.46	likely_legit
RSGB23-1_GCF-001620265-V1_GENO_10000001	Frigidibacter mobilis	Frigidibacter	RSGB23-1	NA	False	3	3	1.000	0.667	606	3	3	1.000	1	3	98.36	0.45	likely_legit
RSGB23-1_GCF-001624695-V1_GENO_10000001	Roseibium sp001624695	Roseibium	RSGB23-1	NA	False	3	3	0.667	1.000	605	3	3	1.000	3	3	100.0	0.0	likely_legit
RSGB23-1_GCF-001625325-V1_GENO_10000001	Caenibius estronivorus	Caenibius	RSGB23-1	NA	False	3	3	1.000	0.667	575	3	3	1.000	3	3	98.09	0.85	likely_legit
RSGB23-1_GCF-001633165-V1_GENO_10000001	Rhodovulum sulfidophilum	Rhodovulum	RSGB23-1	NA	False	3	3	0.667	1.000	600	3	3	1.000	1	1	99.29	0.91	likely_legit
RSGB23-1_GCF-001634625-V1_GENO_10000001	Croceicoccus bisphenolivorans	Croceicoccus	RSGB23-1	NA	False	3	3	1.000	0.333	414	3	3	1.000	3	3	98.59	0.0	likely_legit
RSGB23-1_GCF-001651805-V1_GENO_10000001	Marinobacterium_A aestuarii	Marinobacterium_A	RSGB23-1	NA	False	3	3	1.000	0.667	578	3	3	1.000	1	3	100.0	0.0	likely_legit
RSGB23-1_GCF-001661915-V1_GENO_10000001	Croceicoccus pelagius	Croceicoccus	RSGB23-1	NA	False	3	3	1.000	0.333	415	3	3	1.000	2	3	98.59	0.0	likely_legit
RSGB23-1_GCF-001687105-V1_GENO_10000001	Salipiger sp001687105	Salipiger	RSGB23-1	NA	False	3	3	0.667	0.667	599	3	3	1.000	2	3	99.4	1.98	likely_legit
RSGB23-1_GCF-001698205-V1_GENO_10000001	Tsuneonella dongtanensis	Tsuneonella	RSGB23-1	NA	False	3	3	1.000	0.667	577	3	3	1.000	1	3	100.0	0.0	likely_legit
RSGB23-1_GCF-001703635-V1_GENO_10000001	Hoeflea olei	Hoeflea	RSGB23-1	NA	False	3	3	1.000	0.667	601	3	3	1.000	3	3	99.61	0.39	likely_legit
RSGB23-1_GCF-001715285-V2_GENO_10000001	Spiribacter roseus	Spiribacter	RSGB23-1	NA	False	3	3	1.000	0.667	584	3	3	1.000	1	3	95.81	1.96	likely_legit
RSGB23-1_GCF-001854245-V1_GENO_10000001	Desulfococcus multivorans	Desulfococcus	RSGB23-1	NA	False	3	3	0.667	0.333	446	2	3	0.667	1	3	98.39	1.94	likely_legit
RSGB23-1_GCF-001854325-V1_GENO_10000001	Cupriavidus malaysiensis	Cupriavidus	RSGB23-1	NA	False	3	3	1.000	1.000	593	3	3	1.000	2	3	99.94	1.63	likely_legit
RSGB23-1_GCF-001856665-V1_GENO_10000001	Sedimentimonas xanthinilyticus	Sedimentimonas	RSGB23-1	NA	False	3	3	1.000	1.000	598	3	3	1.000	1	3	99.39	1.11	likely_legit
RSGB23-1_GCF-001886615-V1_GENO_10000001	Halomonas aestuarii	Halomonas	RSGB23-1	NA	False	3	3	1.000	1.000	610	3	3	1.000	1	3	99.78	0.43	likely_legit
RSGB23-1_GCF-001932955-V1_GENO_10000001	Piscirickettsia salmonis	Piscirickettsia	RSGB23-1	NA	False	3	3	0.333	0.000	351	2	3	0.667	1	3	100.0	0.0	uncertain
RSGB23-1_GCF-001941945-V1_GENO_10000001	Roseomonas sp001941945	Roseomonas	RSGB23-1	NA	False	3	3	1.000	0.667	618	3	3	1.000	1	3	100.0	0.5	likely_legit
RSGB23-1_GCF-002072815-V1_GENO_10000001	Alloalcanivorax xenomutans	Alloalcanivorax	RSGB23-1	NA	False	3	3	0.667	0.000	374	3	3	1.000	1	1	100.0	0.0	likely_legit
RSGB23-1_GCF-002080415-V1_GENO_10000001	Roseovarius mucosus_A	Roseovarius	RSGB23-1	NA	False	3	3	0.667	1.000	601	3	3	1.000	2	3	99.3	0.6	likely_legit
RSGB23-1_GCF-002088975-V1_GENO_10000001	Henriciella aquimarina	Henriciella	RSGB23-1	NA	False	3	3	1.000	1.000	613	3	3	1.000	3	3	99.18	1.06	likely_legit
RSGB23-1_GCF-002115745-V1_GENO_10000001	Thalassospira alkalitolerans	Thalassospira	RSGB23-1	NA	False	3	3	1.000	0.667	601	3	3	1.000	3	3	100.0	0.0	likely_legit
RSGB23-1_GCF-002115755-V1_GENO_10000001	Thalassospira mesophila	Thalassospira	RSGB23-1	NA	False	3	3	1.000	0.667	600	3	3	1.000	3	3	100.0	0.75	likely_legit
RSGB23-1_GCF-002115825-V1_GENO_10000001	Thalassospira sp002115825	Thalassospira	RSGB23-1	NA	False	3	3	1.000	0.667	600	3	3	1.000	3	3	100.0	0.25	likely_legit
RSGB23-1_GCF-002127575-V1_GENO_10000001	Janthinobacterium sp002127655	Janthinobacterium	RSGB23-1	NA	False	3	3	0.667	1.000	602	3	3	1.000	3	3	100.0	1.41	likely_legit
RSGB23-1_GCF-002127585-V1_GENO_10000001	Janthinobacterium sp002127585	Janthinobacterium	RSGB23-1	NA	False	3	3	0.667	1.000	598	3	3	1.000	3	3	99.44	1.01	likely_legit
RSGB23-1_GCF-002127615-V1_GENO_10000001	Janthinobacterium sp002127655	Janthinobacterium	RSGB23-1	NA	False	3	3	0.667	1.000	602	3	3	1.000	0	0	100.0	1.41	likely_legit
RSGB23-1_GCF-002127625-V1_GENO_10000001	Janthinobacterium sp002127655	Janthinobacterium	RSGB23-1	NA	False	3	3	0.667	1.000	602	3	3	1.000	0	0	98.59	1.41	likely_legit
RSGB23-1_GCF-002127655-V1_GENO_10000001	Janthinobacterium sp002127655	Janthinobacterium	RSGB23-1	NA	False	3	3	0.667	1.000	602	3	3	1.000	0	0	100.0	1.41	likely_legit
RSGB23-1_GCF-002155695-V1_GENO_10000001	Erythrobacter tepidarius	Erythrobacter	RSGB23-1	NA	False	3	3	1.000	0.667	566	3	3	1.000	3	3	99.66	0.0	likely_legit
RSGB23-1_GCF-002211225-V1_GENO_10000001	Antarctobacter albus	Antarctobacter	RSGB23-1	NA	False	3	3	0.667	0.667	570	3	3	1.000	2	3	99.6	0.15	likely_legit
RSGB23-1_GCF-002242175-V1_GENO_10000001	Alcaligenes aquatilis	Alcaligenes	RSGB23-1	NA	False	3	3	0.667	1.000	585	3	3	1.000	1	3	100.0	0.12	likely_legit
RSGB23-1_GCF-002251635-V1_GENO_10000001	Pseudomonas_E mandelii_B	Pseudomonas_E	RSGB23-1	NA	False	3	3	1.000	1.000	561	3	3	1.000	2	3	100.0	1.41	likely_legit
RSGB23-1_GCF-002443155-V1_GENO_10000001	Alcaligenes faecalis	Alcaligenes	RSGB23-1	NA	False	3	3	0.667	1.000	585	3	3	1.000	1	3	100.0	0.0	likely_legit
RSGB23-1_GCF-002735615-V1_GENO_10000001	Janthinobacterium sp002127585	Janthinobacterium	RSGB23-1	NA	False	3	3	0.667	1.000	598	3	3	1.000	3	3	100.0	0.0	likely_legit
RSGB23-1_GCF-002735645-V1_GENO_10000001	Iodobacter sp002735645	Iodobacter	RSGB23-1	NA	False	3	3	0.667	1.000	574	3	3	1.000	3	3	100.0	1.41	likely_legit
RSGB23-1_GCF-002735765-V1_GENO_10000001	Janthinobacterium sp001758725	Janthinobacterium	RSGB23-1	NA	False	3	3	0.667	1.000	602	3	3	1.000	3	3	98.59	0.0	likely_legit
RSGB23-1_GCF-002751875-V1_GENO_10000001	Oceaniglobus indicus	Oceaniglobus	RSGB23-1	NA	False	3	3	1.000	0.667	606	3	3	1.000	2	3	99.9	0.56	likely_legit
RSGB23-1_GCF-002753995-V1_GENO_10000001	Pseudomonas_E defluvii	Pseudomonas_E	RSGB23-1	NA	False	3	3	0.667	0.333	448	2	3	0.667	1	3	99.59	0.14	likely_legit
RSGB23-1_GCF-002835605-V1_GENO_10000001	Pseudomonas_E fluvialis	Pseudomonas_E	RSGB23-1	NA	False	3	3	1.000	1.000	559	3	3	1.000	2	3	96.0	0.14	likely_legit
RSGB23-1_GCF-002836495-V1_GENO_10000001	Vreelandella titanicae	Vreelandella	RSGB23-1	NA	False	3	3	1.000	1.000	636	3	3	1.000	2	2	100.0	0.0	likely_legit
RSGB23-1_GCF-002848345-V1_GENO_10000001	Chromobacterium sp002848345	Chromobacterium	RSGB23-1	NA	False	3	3	0.667	1.000	747	3	3	1.000	1	3	98.61	0.03	likely_legit
RSGB23-1_GCF-002879935-V1_GENO_10000001	Trinickia symbiotica	Trinickia	RSGB23-1	NA	False	3	3	1.000	1.000	601	3	3	1.000	3	3	99.85	1.93	likely_legit
RSGB23-1_GCF-002883915-V1_GENO_10000001	Pseudomonas_E laurylsulfatiphila	Pseudomonas_E	RSGB23-1	NA	False	3	3	1.000	1.000	560	3	3	1.000	2	3	99.93	0.19	likely_legit
RSGB23-1_GCF-002901625-V1_GENO_10000001	Pseudomonas_E mohnii	Pseudomonas_E	RSGB23-1	NA	False	3	3	1.000	1.000	561	3	3	1.000	2	3	100.0	0.0	likely_legit
RSGB23-1_GCF-002906755-V1_GENO_10000001	Pseudomonas_E putida_Y	Pseudomonas_E	RSGB23-1	NA	False	3	3	1.000	1.000	560	3	3	1.000	1	1	100.0	1.41	likely_legit
RSGB23-1_GCF-002916655-V1_GENO_10000001	Novosphingobium panipatense	Novosphingobium	RSGB23-1	NA	False	3	3	1.000	0.667	585	3	3	1.000	2	3	99.59	1.47	likely_legit
RSGB23-1_GCF-002930645-V1_GENO_10000001	Solimonas_A fluminis	Solimonas_A	RSGB23-1	NA	False	3	3	0.667	0.333	414	3	3	1.000	3	3	99.64	0.86	likely_legit
RSGB23-1_GCF-002994485-V1_GENO_10000001	Chromobacterium amazonense	Chromobacterium	RSGB23-1	NA	False	3	3	0.667	1.000	757	3	3	1.000	3	3	100.0	1.41	likely_legit
RSGB23-1_GCF-003007685-V1_GENO_10000001	Marinobacter halophilus	Marinobacter	RSGB23-1	NA	False	3	3	0.333	0.333	406	3	3	1.000	2	3	100.0	0.37	uncertain
RSGB23-1_GCF-003012935-V1_GENO_10000001	Pannonibacter carbonis	Pannonibacter	RSGB23-1	NA	False	3	3	0.667	1.000	625	3	3	1.000	3	3	100.0	0.0	likely_legit
RSGB23-1_GCF-003034845-V1_GENO_10000001	Pseudothauera lacus	Pseudothauera	RSGB23-1	NA	False	3	3	1.000	1.000	581	3	3	1.000	2	3	99.9	0.0	likely_legit
RSGB23-1_GCF-003054515-V1_GENO_10000001	Pseudothauera hydrothermalis	Pseudothauera	RSGB23-1	NA	False	3	3	1.000	1.000	581	3	3	1.000	1	3	100.0	0.0	likely_legit
RSGB23-1_GCF-003058465-V1_GENO_10000001	Algicoccus marinus	Algicoccus	RSGB23-1	NA	False	3	3	1.000	1.000	742	3	3	1.000	1	3	98.59	0.0	likely_legit
RSGB23-1_GCF-003061205-V1_GENO_10000001	Pseudomonas_E monsensis	Pseudomonas_E	RSGB23-1	NA	False	3	3	0.667	0.333	328	2	3	0.667	1	2	95.75	1.34	likely_legit
RSGB23-1_GCF-003063475-V1_GENO_10000001	Limnohabitans curvus	Limnohabitans	RSGB23-1	NA	False	3	3	1.000	0.667	558	3	3	1.000	1	3	99.61	0.03	likely_legit
RSGB23-1_GCF-003063675-V1_GENO_10000001	Limnohabitans curvus	Limnohabitans	RSGB23-1	NA	False	3	3	1.000	0.667	558	3	3	1.000	1	1	100.0	0.0	likely_legit
RSGB23-1_GCF-003070625-V1_GENO_10000001	Legionella_C taurinensis	Legionella_C	RSGB23-1	NA	False	3	3	1.000	1.000	595	3	3	1.000	2	3	99.97	0.78	likely_legit
RSGB23-1_GCF-003070645-V1_GENO_10000001	Legionella_C taurinensis	Legionella_C	RSGB23-1	NA	False	3	3	1.000	1.000	595	3	3	1.000	0	0	99.97	0.78	likely_legit
RSGB23-1_GCF-003070665-V1_GENO_10000001	Legionella_C taurinensis	Legionella_C	RSGB23-1	NA	False	3	3	1.000	1.000	595	3	3	1.000	0	0	99.97	0.78	likely_legit
RSGB23-1_GCF-003070675-V1_GENO_10000001	Legionella_C taurinensis	Legionella_C	RSGB23-1	NA	False	3	3	1.000	1.000	595	3	3	1.000	0	0	99.97	0.88	likely_legit
RSGB23-1_GCF-003071365-V1_GENO_10000001	Methyloceanibacter sp003071365	Methyloceanibacter	RSGB23-1	NA	False	3	3	0.667	1.000	796	3	3	1.000	1	3	100.0	0.0	likely_legit
RSGB23-1_GCF-003113265-V1_GENO_10000001	Methylosinus sporium	Methylosinus	RSGB23-1	NA	False	3	3	0.667	0.667	599	3	3	1.000	2	3	100.0	0.31	likely_legit
RSGB23-1_GCF-003116135-V1_GENO_10000001	Pseudoroseomonas aestuarii	Pseudoroseomonas	RSGB23-1	NA	False	3	3	0.667	0.333	417	3	3	1.000	3	3	100.0	0.0	likely_legit
RSGB23-1_GCF-003130795-V1_GENO_10000001	Azospirillum thermophilum	Azospirillum	RSGB23-1	NA	False	3	3	1.000	0.000	428	3	3	1.000	1	3	98.46	2.47	likely_legit
RSGB23-1_GCF-003173035-V1_GENO_10000001	Zavarzinia aquatilis	Zavarzinia	RSGB23-1	NA	False	3	3	1.000	0.667	578	3	3	1.000	3	3	99.57	0.0	likely_legit
RSGB23-1_GCF-003263285-V1_GENO_10000001	Hyphomonas pacifica	Hyphomonas	RSGB23-1	NA	False	3	3	1.000	0.667	563	3	3	1.000	0	0	100.0	0.0	likely_legit
RSGB23-1_GCF-003263775-V1_GENO_10000001	Vibrio maritimus	Vibrio	RSGB23-1	NA	False	3	3	0.333	0.333	341	2	3	0.667	2	3	96.7	1.71	uncertain
RSGB23-1_GCF-003288315-V1_GENO_10000001	Roseovarius mucosus_A	Roseovarius	RSGB23-1	NA	False	3	3	0.667	1.000	601	3	3	1.000	1	1	99.3	0.6	likely_legit
RSGB23-1_GCF-003345255-V1_GENO_10000001	Pseudothauera hydrothermalis	Pseudothauera	RSGB23-1	NA	False	3	3	1.000	1.000	581	3	3	1.000	1	2	100.0	0.0	likely_legit
RSGB23-1_GCF-003352045-V1_GENO_10000001	JL08 sp003352045	JL08	RSGB23-1	NA	False	3	3	1.000	0.667	610	3	3	1.000	1	3	99.68	0.59	likely_legit
RSGB23-1_GCF-003352065-V1_GENO_10000001	Sulfitobacter sp003352065	Sulfitobacter	RSGB23-1	NA	False	3	3	1.000	0.667	551	3	3	1.000	1	3	99.89	0.08	likely_legit
RSGB23-1_GCF-003352085-V1_GENO_10000001	Sulfitobacter sp003352085	Sulfitobacter	RSGB23-1	NA	False	3	3	1.000	0.667	602	3	3	1.000	2	3	99.57	0.11	likely_legit
RSGB23-1_GCF-003355455-V1_GENO_10000001	Qipengyuania aurea	Qipengyuania	RSGB23-1	NA	False	3	3	1.000	0.667	563	3	3	1.000	1	3	100.0	0.0	likely_legit
RSGB23-1_GCF-003391255-V1_GENO_10000001	Pseudomonas_E plecoglossicida	Pseudomonas_E	RSGB23-1	NA	False	3	3	1.000	1.000	561	3	3	1.000	0	0	100.0	0.13	likely_legit
RSGB23-1_GCF-003428335-V1_GENO_10000001	Solimonas_A sp003428335	Solimonas_A	RSGB23-1	NA	False	3	3	0.667	0.333	415	3	3	1.000	1	3	100.0	0.0	likely_legit
RSGB23-1_GCF-003443535-V1_GENO_10000001	Ruegeria sp003443535	Ruegeria	RSGB23-1	NA	False	3	3	1.000	0.667	598	3	3	1.000	1	3	99.57	0.0	likely_legit
RSGB23-1_GCF-003448965-V1_GENO_10000001	Paroceanicella sp003448965	Paroceanicella	RSGB23-1	NA	False	3	3	1.000	0.667	605	3	3	1.000	3	3	99.9	0.4	likely_legit
RSGB23-1_GCF-003547075-V1_GENO_10000001	Halomonas alkalicola	Halomonas	RSGB23-1	NA	False	3	3	0.667	1.000	613	3	3	1.000	1	3	100.0	0.0	likely_legit
RSGB23-1_GCF-003568865-V1_GENO_10000001	Rubrobacter indicoceani	Rubrobacter	RSGB23-1	NA	False	3	3	0.667	0.333	415	3	3	1.000	1	3	98.39	0.88	likely_legit
RSGB23-1_GCF-003569915-V1_GENO_10000001	Comamonas testosteroni_D	Comamonas	RSGB23-1	NA	False	3	3	1.000	1.000	588	2	3	0.667	3	3	99.85	0.8	likely_legit
RSGB23-1_GCF-003574215-V1_GENO_10000001	Hydrogenophilus thermoluteolus	Hydrogenophilus	RSGB23-1	NA	False	3	3	1.000	1.000	598	3	3	1.000	1	3	95.9	0.2	likely_legit
RSGB23-1_GCF-003575965-V1_GENO_10000001	Pseudooceanicola sediminis	Pseudooceanicola	RSGB23-1	NA	False	3	3	1.000	1.000	597	3	3	1.000	3	3	100.0	0.0	likely_legit
RSGB23-1_GCF-003590795-V1_GENO_10000001	Azospirillum cavernae	Azospirillum	RSGB23-1	NA	False	3	3	1.000	0.333	415	3	3	1.000	2	3	99.56	1.68	likely_legit
RSGB23-1_GCF-003595175-V1_GENO_10000001	Pseudomonas_E cavernae	Pseudomonas_E	RSGB23-1	NA	False	3	3	1.000	0.667	561	3	3	1.000	1	3	99.59	0.65	likely_legit
RSGB23-1_GCF-003602125-V1_GENO_10000001	Legionella_C taurinensis	Legionella_C	RSGB23-1	NA	False	3	3	1.000	1.000	595	3	3	1.000	3	3	99.97	0.78	likely_legit
RSGB23-1_GCF-003667705-V1_GENO_10000001	Janthinobacterium sp001758725	Janthinobacterium	RSGB23-1	NA	False	3	3	0.667	1.000	602	3	3	1.000	1	3	99.57	1.8	likely_legit
RSGB23-1_GCF-003671915-V1_GENO_10000001	Alcaligenes aquatilis	Alcaligenes	RSGB23-1	NA	False	3	3	0.667	1.000	585	3	3	1.000	1	3	100.0	0.0	likely_legit
RSGB23-1_GCF-003703415-V1_GENO_10000001	Tatlockia jordanis	Tatlockia	RSGB23-1	NA	False	3	3	0.667	0.667	600	3	3	1.000	3	3	100.0	0.0	likely_legit
RSGB23-1_GCF-003716855-V1_GENO_10000001	Alcaligenes aquatilis	Alcaligenes	RSGB23-1	NA	False	3	3	0.667	1.000	585	3	3	1.000	1	3	100.0	0.0	likely_legit
RSGB23-1_GCF-003723955-V1_GENO_10000001	Pannonibacter indicus	Pannonibacter	RSGB23-1	NA	False	3	3	0.667	1.000	619	3	3	1.000	1	2	99.58	0.32	likely_legit
RSGB23-1_GCF-003730315-V1_GENO_10000001	Tsuneonella troitsensis	Tsuneonella	RSGB23-1	NA	False	3	3	1.000	0.667	563	3	3	1.000	2	3	100.0	0.0	likely_legit
RSGB23-1_GCF-003846365-V1_GENO_10000001	Cereibacter_A sphaeroides	Cereibacter_A	RSGB23-1	NA	False	3	3	1.000	0.667	574	3	3	1.000	1	2	98.9	0.15	likely_legit
RSGB23-1_GCF-003846385-V1_GENO_10000001	Cereibacter_A sphaeroides	Cereibacter_A	RSGB23-1	NA	False	3	3	1.000	0.667	574	3	3	1.000	1	3	99.44	0.1	likely_legit
RSGB23-1_GCF-003846405-V1_GENO_10000001	Cereibacter_A sphaeroides	Cereibacter_A	RSGB23-1	NA	False	3	3	1.000	0.667	574	3	3	1.000	0	0	98.79	0.1	likely_legit
RSGB23-1_GCF-003846425-V1_GENO_10000001	Cereibacter_A sphaeroides	Cereibacter_A	RSGB23-1	NA	False	3	3	1.000	0.667	574	3	3	1.000	0	0	99.7	5.57	likely_legit
RSGB23-1_GCF-003853505-V1_GENO_10000001	Burkholderia sp000949135	Burkholderia	RSGB23-1	NA	False	3	3	1.000	0.667	610	3	3	1.000	3	3	100.0	0.97	likely_legit
RSGB23-1_GCF-003853765-V1_GENO_10000001	Burkholderia cepacia	Burkholderia	RSGB23-1	NA	False	3	3	0.667	1.000	622	3	3	1.000	3	3	100.0	0.2	likely_legit
RSGB23-1_GCF-003853905-V1_GENO_10000001	Burkholderia contaminans	Burkholderia	RSGB23-1	NA	False	3	3	0.667	1.000	622	3	3	1.000	3	3	100.0	0.89	likely_legit
RSGB23-1_GCF-003853915-V1_GENO_10000001	Burkholderia cepacia	Burkholderia	RSGB23-1	NA	False	3	3	0.667	1.000	622	3	3	1.000	3	3	100.0	0.2	likely_legit
RSGB23-1_GCF-003854165-V1_GENO_10000001	Burkholderia sp000949135	Burkholderia	RSGB23-1	NA	False	3	3	1.000	0.667	610	3	3	1.000	3	3	100.0	0.71	likely_legit
RSGB23-1_GCF-003854195-V1_GENO_10000001	Burkholderia sp000949135	Burkholderia	RSGB23-1	NA	False	3	3	1.000	0.667	610	3	3	1.000	0	0	100.0	0.71	likely_legit
RSGB23-1_GCF-003854315-V1_GENO_10000001	Burkholderia seminalis	Burkholderia	RSGB23-1	NA	False	3	3	1.000	0.667	607	3	3	1.000	2	3	100.0	0.0	likely_legit
RSGB23-1_GCF-003854425-V1_GENO_10000001	Burkholderia cepacia	Burkholderia	RSGB23-1	NA	False	3	3	0.667	1.000	622	3	3	1.000	3	3	100.0	0.83	likely_legit
RSGB23-1_GCF-003854435-V1_GENO_10000001	Burkholderia cepacia	Burkholderia	RSGB23-1	NA	False	3	3	0.667	1.000	622	3	3	1.000	3	3	100.0	0.0	likely_legit
RSGB23-1_GCF-003854675-V1_GENO_10000001	Burkholderia orbicola	Burkholderia	RSGB23-1	NA	False	3	3	1.000	0.667	607	3	3	1.000	3	3	100.0	0.01	likely_legit
RSGB23-1_GCF-003857515-V1_GENO_10000001	Burkholderia cepacia	Burkholderia	RSGB23-1	NA	False	3	3	0.667	1.000	622	3	3	1.000	3	3	100.0	0.0	likely_legit
RSGB23-1_GCF-003858065-V1_GENO_10000001	Burkholderia cepacia	Burkholderia	RSGB23-1	NA	False	3	3	0.667	1.000	622	3	3	1.000	3	3	100.0	0.0	likely_legit
RSGB23-1_GCF-003858175-V1_GENO_10000001	Burkholderia cepacia	Burkholderia	RSGB23-1	NA	False	3	3	0.667	1.000	622	3	3	1.000	2	2	100.0	0.2	likely_legit
RSGB23-1_GCF-003858185-V1_GENO_10000001	Burkholderia cepacia	Burkholderia	RSGB23-1	NA	False	3	3	0.667	1.000	622	3	3	1.000	0	0	100.0	0.2	likely_legit
RSGB23-1_GCF-003858195-V1_GENO_10000001	Burkholderia cepacia	Burkholderia	RSGB23-1	NA	False	3	3	0.667	1.000	622	3	3	1.000	2	2	100.0	0.0	likely_legit
RSGB23-1_GCF-003858255-V1_GENO_10000001	Burkholderia sola	Burkholderia	RSGB23-1	NA	False	3	3	1.000	0.667	607	3	3	1.000	3	3	100.0	0.66	likely_legit
RSGB23-1_GCF-003858275-V1_GENO_10000001	Burkholderia sola	Burkholderia	RSGB23-1	NA	False	3	3	1.000	0.667	607	3	3	1.000	0	0	100.0	0.66	likely_legit
RSGB23-1_GCF-003858655-V1_GENO_10000001	Amphritea balenae	Amphritea	RSGB23-1	NA	False	3	3	1.000	0.667	581	3	3	1.000	2	3	100.0	0.0	likely_legit
RSGB23-1_GCF-003944755-V1_GENO_10000001	Rhodovulum iodosum	Rhodovulum	RSGB23-1	NA	False	3	3	0.667	1.000	608	3	3	1.000	3	3	98.89	0.45	likely_legit
RSGB23-1_GCF-003966125-V1_GENO_10000001	Azospirillum griseum	Azospirillum	RSGB23-1	NA	False	3	3	1.000	0.333	425	3	3	1.000	3	3	100.0	0.0	likely_legit
RSGB23-1_GCF-003967095-V1_GENO_10000001	Sphingosinicella microcystinivorans	Sphingosinicella	RSGB23-1	NA	False	3	3	1.000	0.333	396	3	3	1.000	1	3	98.91	0.0	likely_legit
RSGB23-1_GCF-004004515-V1_GENO_10000001	Croceicoccus ponticola	Croceicoccus	RSGB23-1	NA	False	3	3	1.000	0.333	415	3	3	1.000	3	3	98.94	0.07	likely_legit
RSGB23-1_GCF-004005485-V1_GENO_10000001	Sphingobium algorifonticola	Sphingobium	RSGB23-1	NA	False	3	3	1.000	0.333	374	3	3	1.000	3	3	100.0	0.0	likely_legit
RSGB23-1_GCF-004014695-V1_GENO_10000001	Hahella sp004135205	Hahella	RSGB23-1	NA	False	3	3	1.000	0.667	582	3	3	1.000	1	3	99.99	1.04	likely_legit
RSGB23-1_GCF-004022465-V1_GENO_10000001	Paenirhodobacter huangdaonensis	Paenirhodobacter	RSGB23-1	NA	False	3	3	1.000	0.667	598	3	3	1.000	3	3	99.39	0.15	likely_legit
RSGB23-1_GCF-004114695-V1_GENO_10000001	Parerythrobacter_A sp004114695	Parerythrobacter_A	RSGB23-1	NA	False	3	3	1.000	0.667	579	3	3	1.000	1	3	100.0	0.0	likely_legit
RSGB23-1_GCF-004122115-V1_GENO_10000001	Sphingobium fluviale	Sphingobium	RSGB23-1	NA	False	3	3	1.000	0.333	408	3	3	1.000	2	3	98.59	0.0	likely_legit
RSGB23-1_GCF-004135205-V1_GENO_10000001	Hahella sp004135205	Hahella	RSGB23-1	NA	False	3	3	1.000	0.667	582	3	3	1.000	0	0	99.99	1.04	likely_legit
RSGB23-1_GCF-004146235-V1_GENO_10000001	Tropicimonas sp004146235	Tropicimonas	RSGB23-1	NA	False	3	3	1.000	1.000	599	3	3	1.000	3	3	99.7	1.1	likely_legit
RSGB23-1_GCF-004194535-V1_GENO_10000001	Iodobacter fluviatilis_A	Iodobacter	RSGB23-1	NA	False	3	3	0.667	1.000	574	3	3	1.000	1	3	100.0	1.41	likely_legit
RSGB23-1_GCF-004310385-V1_GENO_10000001	Paracoccus sediminis	Paracoccus	RSGB23-1	NA	False	3	3	1.000	0.667	586	3	3	1.000	3	3	100.0	0.0	likely_legit
RSGB23-1_GCF-004331745-V1_GENO_10000001	Oricola cellulosilytica	Oricola	RSGB23-1	NA	False	3	3	0.667	0.667	611	3	3	1.000	3	3	99.38	0.0	likely_legit
RSGB23-1_GCF-004360145-V1_GENO_10000001	Aliiroseovarius marinus	Aliiroseovarius	RSGB23-1	NA	False	3	3	1.000	0.667	542	3	3	1.000	2	3	99.39	0.61	likely_legit
RSGB23-1_GCF-004551485-V1_GENO_10000001	Billgrantia azerbaijanica	Billgrantia	RSGB23-1	NA	False	3	3	1.000	1.000	613	3	3	1.000	3	3	100.0	0.97	likely_legit
RSGB23-1_GCF-004564135-V1_GENO_10000001	Terasakiella sp004564135	Terasakiella	RSGB23-1	NA	False	3	3	1.000	0.667	579	3	3	1.000	1	3	100.0	0.0	likely_legit
RSGB23-1_GCF-004762095-V1_GENO_10000001	Tabrizicola sp004762095	Tabrizicola	RSGB23-1	NA	False	3	3	1.000	0.667	602	3	3	1.000	2	3	99.64	0.08	likely_legit
RSGB23-1_GCF-004799285-V1_GENO_10000001	Gemmobacter_D aestuarii	Gemmobacter_D	RSGB23-1	NA	False	3	3	1.000	0.667	598	3	3	1.000	2	3	99.39	0.0	likely_legit
RSGB23-1_GCF-004912195-V1_GENO_10000001	Nocardioides caeni	Nocardioides	RSGB23-1	NA	False	3	3	0.333	0.333	395	3	3	1.000	3	3	97.15	0.52	uncertain
RSGB23-1_GCF-004920375-V1_GENO_10000001	Legionella_C taurinensis	Legionella_C	RSGB23-1	NA	False	3	3	1.000	1.000	595	3	3	1.000	0	0	99.97	1.36	likely_legit
RSGB23-1_GCF-004921845-V1_GENO_10000001	Acinetobacter junii	Acinetobacter	RSGB23-1	NA	False	3	3	0.000	0.000	362	3	3	1.000	2	2	98.59	0.0	likely_artifact
RSGB23-1_GCF-004959785-V1_GENO_10000001	Tabrizicola sp004762095	Tabrizicola	RSGB23-1	NA	False	3	3	1.000	0.667	602	3	3	1.000	2	3	99.64	0.08	likely_legit
RSGB23-1_GCF-004965515-V1_GENO_10000001	Alteraurantiacibacter aquimixticola	Alteraurantiacibacter	RSGB23-1	NA	False	3	3	0.667	0.333	408	3	3	1.000	3	3	98.79	0.21	likely_legit
RSGB23-1_GCF-005047655-V1_GENO_10000001	Fontimonas sp005047655	Fontimonas	RSGB23-1	NA	False	3	3	0.667	0.333	416	3	3	1.000	2	3	99.64	2.33	likely_legit
RSGB23-1_GCF-005096335-V1_GENO_10000001	Cereibacter changlensis	Cereibacter	RSGB23-1	NA	False	3	3	1.000	0.667	571	3	3	1.000	2	3	97.91	2.22	likely_legit
RSGB23-1_GCF-005160265-V1_GENO_10000001	Phreatobacter aquaticus	Phreatobacter	RSGB23-1	NA	False	3	3	1.000	1.000	579	3	3	1.000	1	3	100.0	0.0	likely_legit
RSGB23-1_GCF-005502415-V1_GENO_10000001	Pseudomonas_E sp900187565	Pseudomonas_E	RSGB23-1	NA	False	3	3	1.000	1.000	561	3	3	1.000	2	3	98.59	0.0	likely_legit
RSGB23-1_GCF-005502455-V1_GENO_10000001	Methylobacterium suomiense	Methylobacterium	RSGB23-1	NA	False	3	3	1.000	0.333	459	3	3	1.000	2	3	100.0	0.0	likely_legit
RSGB23-1_GCF-005502555-V1_GENO_10000001	Metapseudomonas resinovorans	Metapseudomonas	RSGB23-1	NA	False	3	3	1.000	1.000	561	3	3	1.000	2	3	100.0	0.57	likely_legit
RSGB23-1_GCF-005502705-V1_GENO_10000001	Variovorax sp003952185	Variovorax	RSGB23-1	NA	False	3	3	1.000	0.667	555	3	3	1.000	3	3	100.0	0.16	likely_legit
RSGB23-1_GCF-005502805-V1_GENO_10000001	Bosea sp005502805	Bosea	RSGB23-1	NA	False	3	3	1.000	0.667	597	3	3	1.000	3	3	98.75	1.25	likely_legit
RSGB23-1_GCF-005502875-V1_GENO_10000001	Aquabacterium sp005502875	Aquabacterium	RSGB23-1	NA	False	3	3	1.000	1.000	581	3	3	1.000	3	3	98.75	0.16	likely_legit
RSGB23-1_GCF-005503035-V1_GENO_10000001	Rhodococcus_G sp001040705	Rhodococcus_G	RSGB23-1	NA	False	3	3	0.333	0.333	390	3	3	1.000	3	3	99.56	0.99	uncertain
RSGB23-1_GCF-005503445-V1_GENO_10000001	Chitinivorax sp005503445	Chitinivorax	RSGB23-1	NA	False	3	3	1.000	1.000	594	3	3	1.000	3	3	99.57	0.85	likely_legit
RSGB23-1_GCF-005518135-V1_GENO_10000001	Shimia_E litoralis	Shimia_E	RSGB23-1	NA	False	3	3	1.000	1.000	582	3	3	1.000	3	3	99.36	0.64	likely_legit
RSGB23-1_GCF-005887615-V1_GENO_10000001	Sulfitobacter_E sabulilitoris	Sulfitobacter_E	RSGB23-1	NA	False	3	3	1.000	0.667	560	3	3	1.000	2	3	98.94	0.0	likely_legit
RSGB23-1_GCF-006125015-V1_GENO_10000001	Roseovarius arcticus	Roseovarius	RSGB23-1	NA	False	3	3	1.000	1.000	609	3	3	1.000	1	3	99.15	1.28	likely_legit
RSGB23-1_GCF-006152155-V1_GENO_10000001	Janthinobacterium lividum_C	Janthinobacterium	RSGB23-1	NA	False	3	3	0.667	1.000	602	3	3	1.000	3	3	98.59	0.0	likely_legit
RSGB23-1_GCF-006517255-V1_GENO_10000001	Janthinobacterium tructae	Janthinobacterium	RSGB23-1	NA	False	3	3	0.667	1.000	602	3	3	1.000	1	3	100.0	0.0	likely_legit
RSGB23-1_GCF-006517275-V1_GENO_10000001	Roseibium sp006517275	Roseibium	RSGB23-1	NA	False	3	3	0.667	1.000	614	3	3	1.000	1	3	100.0	0.0	likely_legit
RSGB23-1_GCF-006542605-V1_GENO_10000001	Erythrobacter sp006542605	Erythrobacter	RSGB23-1	NA	False	3	3	1.000	0.667	566	3	3	1.000	1	3	98.59	1.41	likely_legit
RSGB23-1_GCF-006547005-V1_GENO_10000001	Pandoraea pnomenusa	Pandoraea	RSGB23-1	NA	False	3	3	1.000	1.000	641	3	3	1.000	1	3	99.15	0.16	likely_legit
RSGB23-1_GCF-006980705-V1_GENO_10000001	Tepidiphilus olei	Tepidiphilus	RSGB23-1	NA	False	3	3	1.000	1.000	591	3	3	1.000	2	2	100.0	0.0	likely_legit
RSGB23-1_GCF-006980715-V1_GENO_10000001	Oleiliquidispirillum nitrogeniifigens	Oleiliquidispirillum	RSGB23-1	NA	False	3	3	0.667	0.333	429	3	3	1.000	3	3	97.18	0.0	likely_legit
RSGB23-1_GCF-006980785-V1_GENO_10000001	Tepidiphilus olei	Tepidiphilus	RSGB23-1	NA	False	3	3	1.000	1.000	591	3	3	1.000	1	2	100.0	0.0	likely_legit
RSGB23-1_GCF-007050995-V1_GENO_10000001	Glycocaulis profundi	Glycocaulis	RSGB23-1	NA	False	3	3	0.667	0.333	494	3	3	1.000	3	3	99.84	1.87	likely_legit
RSGB23-1_GCF-007655095-V1_GENO_10000001	Achromobacter dolens	Achromobacter	RSGB23-1	NA	False	3	3	0.667	1.000	534	3	3	1.000	2	3	99.53	0.47	likely_legit
RSGB23-1_GCF-007858255-V1_GENO_10000001	Pseudomonas_E rhodesiae	Pseudomonas_E	RSGB23-1	NA	False	3	3	1.000	1.000	560	3	3	1.000	1	2	100.0	1.41	likely_legit
RSGB23-1_GCF-007993065-V1_GENO_10000001	Paracoccus aurantiacus	Paracoccus	RSGB23-1	NA	False	3	3	1.000	1.000	584	2	3	0.667	3	3	100.0	0.0	likely_legit
RSGB23-1_GCF-008630015-V1_GENO_10000001	Rhodospira marina	Rhodospira	RSGB23-1	NA	False	3	3	1.000	0.667	605	3	3	1.000	3	3	100.0	0.0	likely_legit
RSGB23-1_GCF-008630635-V1_GENO_10000001	Neptunomonas concharum	Neptunomonas	RSGB23-1	NA	False	3	3	1.000	0.667	581	3	3	1.000	1	3	100.0	0.0	likely_legit
RSGB23-1_GCF-008727795-V1_GENO_10000001	Nitrincola iocasae	Nitrincola	RSGB23-1	NA	False	3	3	1.000	0.667	579	3	3	1.000	1	3	99.79	0.8	likely_legit
RSGB23-1_GCF-008973715-V1_GENO_10000001	Nitrincola schmidtii	Nitrincola	RSGB23-1	NA	False	3	3	1.000	0.667	579	3	3	1.000	2	3	100.0	0.0	likely_legit
RSGB23-1_GCF-009176745-V1_GENO_10000001	Alteromonas aggregata	Alteromonas	RSGB23-1	NA	False	3	3	1.000	0.667	578	3	3	1.000	1	2	98.59	0.0	likely_legit
RSGB23-1_GCF-009363595-V1_GENO_10000001	Roseibium algicola	Roseibium	RSGB23-1	NA	False	3	3	0.667	1.000	602	3	3	1.000	1	3	100.0	0.0	likely_legit
RSGB23-1_GCF-009363615-V1_GENO_10000001	Ruegeria sp009363615	Ruegeria	RSGB23-1	NA	False	3	3	1.000	0.667	598	3	3	1.000	1	3	99.47	0.0	likely_legit
RSGB23-1_GCF-009469595-V2_GENO_10000001	Thauera sp009469595	Thauera	RSGB23-1	NA	False	3	3	1.000	1.000	609	3	3	1.000	3	3	99.9	0.38	likely_legit
RSGB23-1_GCF-009676705-V1_GENO_10000001	Spiribacter sp009676705	Spiribacter	RSGB23-1	NA	False	3	3	1.000	0.667	589	3	3	1.000	1	3	96.34	0.0	likely_legit
RSGB23-1_GCF-009685175-V1_GENO_10000001	Methylocystis rosea_A	Methylocystis	RSGB23-1	NA	False	3	3	0.667	1.000	635	3	3	1.000	2	3	99.68	0.32	likely_legit
RSGB23-1_GCF-009720145-V1_GENO_10000001	Sphingobium sp009720145	Sphingobium	RSGB23-1	NA	False	3	3	0.667	0.333	408	3	3	1.000	1	3	100.0	0.0	likely_legit
RSGB23-1_GCF-009728585-V1_GENO_10000001	Vreelandella titanicae	Vreelandella	RSGB23-1	NA	False	3	3	1.000	1.000	643	3	3	1.000	1	1	94.01	0.97	likely_legit
RSGB23-1_GCF-009739515-V1_GENO_10000001	Sphingomonas_G profundi	Sphingomonas_G	RSGB23-1	NA	False	3	3	1.000	0.333	361	3	3	1.000	1	3	99.55	0.45	likely_legit
RSGB23-1_GCF-009765275-V1_GENO_10000001	Chachezhania sediminis	Chachezhania	RSGB23-1	NA	False	3	3	1.000	0.667	603	3	3	1.000	2	3	98.94	0.59	likely_legit
RSGB23-1_GCF-009834345-V1_GENO_10000001	Billgrantia tianxiuensis	Billgrantia	RSGB23-1	NA	False	3	3	1.000	1.000	613	3	3	1.000	1	3	97.93	0.65	likely_legit
RSGB23-1_GCF-009846745-V1_GENO_10000001	Alloalcanivorax xiamenensis	Alloalcanivorax	RSGB23-1	NA	False	3	3	0.667	0.000	374	3	3	1.000	2	2	100.0	0.0	likely_legit
RSGB23-1_GCF-009905735-V1_GENO_10000001	Erythrobacter sp009905735	Erythrobacter	RSGB23-1	NA	False	3	3	1.000	0.667	566	3	3	1.000	3	3	100.0	0.0	likely_legit
RSGB23-1_GCF-009909205-V1_GENO_10000001	Aquabacterium fontiphilum	Aquabacterium	RSGB23-1	NA	False	3	3	1.000	1.000	609	3	3	1.000	2	3	99.84	0.0	likely_legit
RSGB23-1_GCF-011074795-V1_GENO_10000001	Marinobacter salicampi	Marinobacter	RSGB23-1	NA	False	3	3	0.333	0.333	406	3	3	1.000	2	3	99.78	0.52	uncertain
RSGB23-1_GCF-011405015-V1_GENO_10000001	Antarctobacter albus	Antarctobacter	RSGB23-1	NA	False	3	3	0.667	0.667	570	3	3	1.000	1	1	98.44	0.23	likely_legit
RSGB23-1_GCF-011682145-V1_GENO_10000001	Telluria mucilaginosa	Telluria	RSGB23-1	NA	False	3	3	0.667	0.667	597	3	3	1.000	3	3	98.59	1.41	likely_legit
RSGB23-1_GCF-011682175-V1_GENO_10000001	Telluria frigida	Telluria	RSGB23-1	NA	False	3	3	0.333	0.333	347	3	3	1.000	2	3	99.8	1.16	uncertain
RSGB23-1_GCF-011764505-V1_GENO_10000001	Legionella antarctica	Legionella	RSGB23-1	NA	False	3	3	0.333	0.333	484	2	3	0.667	1	3	100.0	0.0	uncertain
RSGB23-1_GCF-012163145-V1_GENO_10000001	Falsiroseomonas frigidaquae	Falsiroseomonas	RSGB23-1	NA	False	3	3	1.000	0.667	637	3	3	1.000	3	3	98.59	0.0	likely_legit
RSGB23-1_GCF-012650175-V1_GENO_10000001	Sphingomonas sp012650175	Sphingomonas	RSGB23-1	NA	False	3	3	1.000	0.667	579	3	3	1.000	3	3	99.66	0.93	likely_legit
RSGB23-1_GCF-012844345-V1_GENO_10000001	Halopseudomonas sp012844345	Halopseudomonas	RSGB23-1	NA	False	3	3	0.667	1.000	567	3	3	1.000	1	3	100.0	1.41	likely_legit
RSGB23-1_GCF-012931745-V1_GENO_10000001	Rhodococcus_F opacus	Rhodococcus_F	RSGB23-1	NA	False	3	3	0.667	0.333	364	3	3	1.000	2	3	99.94	1.98	likely_legit
RSGB23-1_GCF-012979535-V1_GENO_10000001	Sphingopyxis lacunae	Sphingopyxis	RSGB23-1	NA	False	3	3	1.000	0.667	562	3	3	1.000	1	3	98.59	0.0	likely_legit
RSGB23-1_GCF-013374095-V1_GENO_10000001	Sphingomonas sp013374095	Sphingomonas	RSGB23-1	NA	False	3	3	1.000	0.333	356	3	3	1.000	1	3	100.0	0.0	likely_legit
RSGB23-1_GCF-013378035-V1_GENO_10000001	Pseudomonas_E plecoglossicida	Pseudomonas_E	RSGB23-1	NA	False	3	3	1.000	1.000	561	3	3	1.000	0	0	99.96	0.13	likely_legit
RSGB23-1_GCF-013394205-V1_GENO_10000001	Neptunomonas phycophila	Neptunomonas	RSGB23-1	NA	False	3	3	1.000	0.667	582	3	3	1.000	1	3	100.0	0.0	likely_legit
RSGB23-1_GCF-013407185-V1_GENO_10000001	Nitrosopumilus ureiphilus	Nitrosopumilus	RSGB23-1	NA	False	3	3	1.000	0.000	438	3	3	1.000	1	3	100.0	0.0	likely_legit
RSGB23-1_GCF-013466985-V1_GENO_10000001	Nocardioides ungokensis	Nocardioides	RSGB23-1	NA	False	3	3	0.000	0.000	326	2	3	0.667	1	3	91.62	1.04	likely_artifact
RSGB23-1_GCF-013822785-V1_GENO_10000001	Burkholderia vietnamiensis	Burkholderia	RSGB23-1	NA	False	3	3	1.000	0.667	605	3	3	1.000	3	3	100.0	0.43	likely_legit
RSGB23-1_GCF-014396785-V1_GENO_10000001	Sphingomicrobium luteum	Sphingomicrobium	RSGB23-1	NA	False	3	3	1.000	0.667	544	3	3	1.000	1	3	98.14	0.0	likely_legit
RSGB23-1_GCF-014397415-V1_GENO_10000001	Pseudoxanthomonas_A mexicana	Pseudoxanthomonas_A	RSGB23-1	NA	False	3	3	1.000	0.667	547	3	3	1.000	1	3	100.0	0.0	likely_legit
RSGB23-1_GCF-014489515-V1_GENO_10000001	Sphingomicrobium sediminicola_A	Sphingomicrobium	RSGB23-1	NA	False	3	3	0.333	0.000	329	3	3	1.000	1	3	94.61	0.0	uncertain
RSGB23-1_GCF-014840935-V1_GENO_10000001	Onishia sp014840935	Onishia	RSGB23-1	NA	False	3	3	1.000	1.000	616	3	3	1.000	1	3	100.0	0.09	likely_legit
RSGB23-1_GCF-015140455-V1_GENO_10000001	Jeongeupia sp015140455	Jeongeupia	RSGB23-1	NA	False	3	3	0.667	1.000	571	3	3	1.000	1	3	99.57	0.85	likely_legit
RSGB23-1_GCF-015291765-V1_GENO_10000001	Chromobacterium haemolyticum	Chromobacterium	RSGB23-1	NA	False	3	3	0.667	1.000	757	3	3	1.000	1	3	100.0	0.0	likely_legit
RSGB23-1_GCF-015992245-V1_GENO_10000001	Billgrantia sulfidoxydans	Billgrantia	RSGB23-1	NA	False	3	3	1.000	1.000	613	3	3	1.000	1	3	100.0	0.0	likely_legit
RSGB23-1_GCF-016446305-V1_GENO_10000001	Alcaligenes faecalis	Alcaligenes	RSGB23-1	NA	False	3	3	0.667	1.000	585	3	3	1.000	1	2	100.0	0.17	likely_legit
RSGB23-1_GCF-016446475-V1_GENO_10000001	Paracoccus binzhouensis	Paracoccus	RSGB23-1	NA	False	3	3	1.000	1.000	585	3	3	1.000	3	3	100.0	0.0	likely_legit
RSGB23-1_GCF-016592435-V1_GENO_10000001	Amphritea japonica	Amphritea	RSGB23-1	NA	False	3	3	1.000	0.667	581	3	3	1.000	0	0	100.0	0.0	likely_legit
RSGB23-1_GCF-016592555-V1_GENO_10000001	Neptunomonas japonica_A	Neptunomonas	RSGB23-1	NA	False	3	3	1.000	0.667	580	3	3	1.000	1	3	100.0	0.0	likely_legit
RSGB23-1_GCF-016807785-V1_GENO_10000001	Alcaligenes phenolicus	Alcaligenes	RSGB23-1	NA	False	3	3	0.667	1.000	585	3	3	1.000	1	3	100.0	0.05	likely_legit
RSGB23-1_GCF-016858125-V1_GENO_10000001	Proximibacter restrictus	Proximibacter	RSGB23-1	NA	False	3	3	1.000	1.000	585	3	3	1.000	1	3	99.53	0.71	likely_legit
RSGB23-1_GCF-016864195-V1_GENO_10000001	Azonexus sp016864195	Azonexus	RSGB23-1	NA	False	3	3	1.000	1.000	583	3	3	1.000	1	3	99.37	0.05	likely_legit
RSGB23-1_GCF-016864235-V1_GENO_10000001	Legionella_C sp016864235	Legionella_C	RSGB23-1	NA	False	3	3	1.000	1.000	595	3	3	1.000	2	3	99.97	0.19	likely_legit
RSGB23-1_GCF-017309955-V1_GENO_10000001	Novosphingobium sp006874585	Novosphingobium	RSGB23-1	NA	False	3	3	0.667	0.667	584	3	3	1.000	1	2	99.59	1.71	likely_legit
RSGB23-1_GCF-017309975-V1_GENO_10000001	Hyphomonas sp000682775	Hyphomonas	RSGB23-1	NA	False	3	3	1.000	0.667	563	3	3	1.000	1	2	99.51	0.16	likely_legit
RSGB23-1_GCF-017377355-V1_GENO_10000001	Desulfonema limicola	Desulfonema	RSGB23-1	NA	False	3	3	0.333	0.667	610	3	3	1.000	1	3	98.39	1.94	uncertain
RSGB23-1_GCF-017607425-V1_GENO_10000001	Rhizorhabdus wittichii	Rhizorhabdus	RSGB23-1	NA	False	3	3	1.000	0.333	407	3	3	1.000	1	2	98.64	1.81	likely_legit
RSGB23-1_GCF-018141405-V1_GENO_10000001	Serpentinicella alkaliphila	Serpentinicella	RSGB23-1	NA	False	3	3	0.333	0.000	176	1	3	0.333	1	3	100.0	0.0	uncertain
RSGB23-1_GCF-018286635-V1_GENO_10000001	Sphingobium phenoxybenzoativorans	Sphingobium	RSGB23-1	NA	False	3	3	1.000	0.667	585	3	3	1.000	1	2	100.0	0.0	likely_legit
RSGB23-1_GCF-018304665-V1_GENO_10000001	Chloracidobacterium thermophilum	Chloracidobacterium	RSGB23-1	NA	False	3	3	0.667	0.000	392	3	3	1.000	1	1	95.76	4.91	likely_legit
RSGB23-1_GCF-018304685-V1_GENO_10000001	Chloracidobacterium thermophilum	Chloracidobacterium	RSGB23-1	NA	False	3	3	0.667	0.000	392	3	3	1.000	2	3	95.71	1.71	likely_legit
RSGB23-1_GCF-018304705-V1_GENO_10000001	Chloracidobacterium aggregatum	Chloracidobacterium	RSGB23-1	NA	False	3	3	0.333	0.000	342	3	3	1.000	2	3	94.39	2.56	uncertain
RSGB23-1_GCF-018304725-V1_GENO_10000001	Chloracidobacterium aggregatum	Chloracidobacterium	RSGB23-1	NA	False	3	3	0.667	0.000	392	3	3	1.000	1	1	95.53	3.42	likely_legit
RSGB23-1_GCF-018304745-V1_GENO_10000001	Chloracidobacterium aggregatum	Chloracidobacterium	RSGB23-1	NA	False	3	3	0.667	0.000	392	3	3	1.000	0	0	95.39	3.42	likely_legit
RSGB23-1_GCF-018304765-V1_GENO_10000001	Chloracidobacterium aggregatum	Chloracidobacterium	RSGB23-1	NA	False	3	3	0.667	0.000	392	3	3	1.000	0	0	95.53	2.56	likely_legit
RSGB23-1_GCF-018304785-V1_GENO_10000001	Chloracidobacterium aggregatum	Chloracidobacterium	RSGB23-1	NA	False	3	3	0.667	0.000	392	3	3	1.000	0	0	92.96	4.23	likely_legit
RSGB23-1_GCF-018304805-V1_GENO_10000001	Chloracidobacterium aggregatum	Chloracidobacterium	RSGB23-1	NA	False	3	3	0.667	0.000	392	3	3	1.000	2	3	94.66	2.56	likely_legit
RSGB23-1_GCF-018304825-V1_GENO_10000001	Chloracidobacterium validum	Chloracidobacterium	RSGB23-1	NA	False	3	3	0.667	0.000	394	3	3	1.000	2	3	94.64	1.71	likely_legit
RSGB23-1_GCF-018417475-V1_GENO_10000001	Novosphingobium decolorationis	Novosphingobium	RSGB23-1	NA	False	3	3	0.667	0.667	594	3	3	1.000	1	3	99.76	1.22	likely_legit
RSGB23-1_GCF-018531445-V1_GENO_10000001	Pseudonocardia lacus	Pseudonocardia	RSGB23-1	NA	False	3	3	0.667	0.333	475	3	3	1.000	2	3	98.55	2.67	likely_legit
RSGB23-1_GCF-018729255-V1_GENO_10000001	Cupriavidus sp018729255	Cupriavidus	RSGB23-1	NA	False	3	3	0.333	0.333	388	2	3	0.667	1	3	98.76	0.22	uncertain
RSGB23-1_GCF-018905915-V1_GENO_10000001	Azospira inquinata	Azospira	RSGB23-1	NA	False	3	3	1.000	1.000	585	3	3	1.000	1	3	99.53	0.0	likely_legit
RSGB23-1_GCF-019334365-V1_GENO_10000001	Comamonas jiangduensis	Comamonas	RSGB23-1	NA	False	3	3	0.667	1.000	565	3	3	1.000	1	3	98.58	1.4	likely_legit
RSGB23-1_GCF-019343455-V1_GENO_10000001	Alcaligenes ammonioxydans	Alcaligenes	RSGB23-1	NA	False	3	3	0.667	1.000	587	3	3	1.000	1	3	100.0	0.12	likely_legit
RSGB23-1_GCF-019443285-V1_GENO_10000001	Aquisediminimonas profunda	Aquisediminimonas	RSGB23-1	NA	False	3	3	1.000	0.667	541	3	3	1.000	1	3	98.48	0.43	likely_legit
RSGB23-1_GCF-019654895-V1_GENO_10000001	Roseobacter litoralis	Roseobacter	RSGB23-1	NA	False	3	3	0.667	0.667	589	3	3	1.000	2	3	99.25	0.43	likely_legit
RSGB23-1_GCF-900446805-V1_GENO_10000001	Chromobacterium violaceum	Chromobacterium	RSGB23-1	NA	False	3	3	0.667	1.000	748	3	3	1.000	0	0	99.04	0.45	likely_legit
RSGB23-1_GCF-900574125-V1_GENO_10000001	Epibacterium mobile	Epibacterium	RSGB23-1	NA	False	3	3	0.667	0.667	596	3	3	1.000	2	2	99.65	0.35	likely_legit
RSGB23-1_GCF-900637685-V1_GENO_10000001	Legionella sainthelensi	Legionella	RSGB23-1	NA	False	3	3	1.000	1.000	596	3	3	1.000	1	3	100.0	0.57	likely_legit
RSGB23-1_GCF-902459565-V1_GENO_10000001	Pandoraea aquatica	Pandoraea	RSGB23-1	NA	False	3	3	1.000	1.000	617	3	3	1.000	2	3	99.5	0.49	likely_legit
RSGB23-1_GCF-902459675-V1_GENO_10000001	Pandoraea communis	Pandoraea	RSGB23-1	NA	False	3	3	1.000	1.000	635	3	3	1.000	3	3	99.5	0.36	likely_legit
RSGB23-1_GCF-902499025-V1_GENO_10000001	Burkholderia lata_C	Burkholderia	RSGB23-1	NA	False	3	3	0.667	1.000	622	3	3	1.000	3	3	100.0	1.21	likely_legit
RSGB23-1_GCF-902499285-V1_GENO_10000001	Burkholderia contaminans	Burkholderia	RSGB23-1	NA	False	3	3	0.667	1.000	622	3	3	1.000	1	1	100.0	0.89	likely_legit
RSGB23-1_GCF-903231395-V1_GENO_10000001	CAFBRK01 sp903231505	CAFBRK01	RSGB23-1	NA	False	3	3	0.333	0.000	393	3	3	1.000	2	3	92.9	0.0	uncertain
RSGB23-2_GCF-947331435-V1_GENO_10000001	Denitrobaculum sp947331435	Denitrobaculum	RSGB23-2	NA	False	3	3	1.000	0.667	600	3	3	1.000	3	3	98.59	1.41	likely_legit
RUSA22-1_SAMN23283060_MAG_00000072	Salinisphaera japonica	Salinisphaera	RUSA22-1	Seawater	True	3	3	0.333	0.333	367	3	3	1.000	2	2	93.7	8.76	uncertain
RUSA22-1_SAMN23283061_MAG_00000039	Cobetia amphilecti	Cobetia	RUSA22-1	Marine sponge tissue	True	3	3	1.000	0.667	655	3	3	1.000	3	3	98.99	1.03	likely_legit
RUSA22-1_SAMN23283063_MAG_00000005	Cobetia amphilecti	Cobetia	RUSA22-1	Marine sponge tissue	True	3	3	0.667	0.333	497	3	3	1.000	2	2	90.5	2.58	likely_legit
SANC23-1_SAMEA110646461_MAG_00000058	Sphingobium soli	Sphingobium	SANC23-1	Seawater	True	3	3	0.667	0.000	323	3	3	1.000	3	3	74.65	1.41	likely_legit
SANC23-1_SAMEA110646465_MAG_00000081	Sphingobium soli	Sphingobium	SANC23-1	Seawater	True	3	3	0.667	0.333	408	3	3	1.000	1	1	98.03	0.41	likely_legit
SANC23-1_SAMEA110646466_MAG_00000049	Unknown Micavibrionaceae	Unknown Micavibrionaceae	SANC23-1	Seawater	True	3	3	1.000	0.667	574	3	3	1.000	2	3	100.0	0.0	likely_legit
SANC23-1_SAMEA110646468_MAG_00000050	Alcanivorax sp900107995	Alcanivorax	SANC23-1	Seawater	True	3	3	0.333	0.000	311	2	3	0.667	3	3	53.91	2.85	uncertain
SANC23-1_SAMEA110646468_MAG_00000065	Modicisalibacter zincidurans	Modicisalibacter	SANC23-1	Seawater	True	3	3	1.000	1.000	640	3	3	1.000	1	1	69.06	0.36	likely_legit
SANC23-1_SAMEA110646469_MAG_00000106	Sphingobium soli	Sphingobium	SANC23-1	Seawater	True	3	3	0.667	0.333	408	3	3	1.000	0	0	98.66	0.77	likely_legit
SANC23-1_SAMEA110646470_MAG_00000028	Sphingobium soli	Sphingobium	SANC23-1	Seawater	True	3	3	0.667	0.333	408	3	3	1.000	1	1	84.51	1.41	likely_legit
SANC23-1_SAMEA110646475_MAG_00000059	Alteromonas aggregata	Alteromonas	SANC23-1	Seawater	True	3	3	1.000	0.667	538	3	3	1.000	2	3	60.34	0.0	likely_legit
SANC23-1_SAMEA110646477_MAG_00000095	Qipengyuania pelagi	Qipengyuania	SANC23-1	Seawater	True	3	3	1.000	0.667	565	3	3	1.000	3	3	75.29	1.56	likely_legit
SANC23-1_SAMEA110646477_MAG_00000123	Alteromonas aggregata	Alteromonas	SANC23-1	Seawater	True	3	3	1.000	0.667	578	3	3	1.000	2	2	82.9	1.2	likely_legit
SANC23-1_SAMEA110646481_MAG_00000046	Unknown JAYZVO01	JAYZVO01	SANC23-1	Seawater	True	3	3	0.667	0.000	408	3	3	1.000	1	1	67.61	2.82	likely_legit
SANC23-1_SAMEA110646482_MAG_00000052	Methylobacterium rhodesianum	Methylobacterium	SANC23-1	Seawater	True	3	3	0.333	0.333	427	2	3	0.667	2	3	75.35	2.25	uncertain
SANC23-1_SAMEA110646483_MAG_00000153	Qipengyuania pelagi	Qipengyuania	SANC23-1	Seawater	True	3	3	0.667	0.333	407	3	3	1.000	2	2	91.44	1.84	likely_legit
SANC23-1_SAMEA110646488_MAG_00000148	Qipengyuania pelagi	Qipengyuania	SANC23-1	Seawater	True	3	3	1.000	0.667	565	3	3	1.000	0	0	93.6	2.01	likely_legit
SANC23-1_SAMEA110646491_MAG_00000068	Vreelandella aquamarina	Vreelandella	SANC23-1	Seawater	True	3	3	0.333	0.333	423	3	3	1.000	1	2	100.0	1.41	uncertain
SANC23-1_SAMEA110646494_MAG_00000043	Unknown Hoeflea	Hoeflea	SANC23-1	Seawater	True	3	3	0.667	0.667	609	3	3	1.000	3	3	83.1	2.82	likely_legit
SANC23-1_SAMEA110646497_MAG_00000002	Qipengyuania pacifica	Qipengyuania	SANC23-1	Seawater	True	3	3	0.667	0.333	457	3	3	1.000	3	3	52.61	0.62	likely_legit
SANC23-1_SAMEA110646498_MAG_00000035	Hyphomonas sp000682775	Hyphomonas	SANC23-1	Seawater	True	3	3	0.667	0.000	319	3	3	1.000	3	3	65.7	0.61	likely_legit
SANC23-1_SAMEA110646499_MAG_00000120	Alteriqipengyuania_A marina	Alteriqipengyuania_A	SANC23-1	Seawater	True	3	3	1.000	0.667	562	3	3	1.000	1	1	99.01	0.34	likely_legit
SANC23-1_SAMEA110646501_MAG_00000063	Qipengyuania pelagi	Qipengyuania	SANC23-1	Seawater	True	3	3	1.000	0.667	565	3	3	1.000	0	0	96.51	0.46	likely_legit
SANC23-1_SAMEA110646501_MAG_00000068	Erythrobacter sp002706445	Erythrobacter	SANC23-1	Seawater	True	3	3	1.000	0.667	566	3	3	1.000	3	3	95.27	0.4	likely_legit
SANC23-1_SAMEA110646502_MAG_00000064	Alcanivorax sp900107995	Alcanivorax	SANC23-1	Seawater	True	3	3	0.000	0.000	308	2	3	0.667	1	2	54.31	1.72	likely_artifact
SANC23-1_SAMEA110646504_MAG_00000004	Alteriqipengyuania_A marina	Alteriqipengyuania_A	SANC23-1	Seawater	True	3	3	1.000	0.667	562	3	3	1.000	0	0	96.16	0.51	likely_legit
SANC23-1_SAMEA110646505_MAG_00000042	Alteriqipengyuania_A marina	Alteriqipengyuania_A	SANC23-1	Seawater	True	3	3	1.000	0.667	562	3	3	1.000	0	0	98.6	1.37	likely_legit
SANC23-1_SAMEA110646505_MAG_00000099	Nisaea sp963974195	Nisaea	SANC23-1	Seawater	True	3	3	1.000	0.333	444	3	3	1.000	3	3	100.0	0.0	likely_legit
SANC23-1_SAMEA110646508_MAG_00000088	Arenibacterium halophilum	Arenibacterium	SANC23-1	Seawater	True	3	3	0.333	0.667	575	2	3	0.667	2	2	96.79	1.21	uncertain
SANC23-1_SAMEA110646509_MAG_00000073	Sphingobium soli	Sphingobium	SANC23-1	Seawater	True	3	3	0.667	0.000	287	3	3	1.000	3	3	52.02	1.72	likely_legit
SANC23-1_SAMEA110646509_MAG_00000078	Porticoccus sp950063125	Porticoccus	SANC23-1	Seawater	True	3	3	1.000	1.000	567	3	3	1.000	3	3	95.77	1.41	likely_legit
SANC23-1_SAMEA110646513_MAG_00000103	Alteriqipengyuania_A marina	Alteriqipengyuania_A	SANC23-1	Seawater	True	3	3	0.667	0.000	401	3	3	1.000	2	2	77.73	0.67	likely_legit
SANC23-1_SAMEA110646516_MAG_00000045	Unknown Qipengyuania	Qipengyuania	SANC23-1	Seawater	True	3	3	1.000	0.667	563	3	3	1.000	1	1	66.85	0.0	likely_legit
SANC23-1_SAMEA110646516_MAG_00000087	Pseudonocardia alni	Pseudonocardia	SANC23-1	Seawater	True	3	3	0.333	0.000	56	3	3	1.000	3	3	94.37	2.82	uncertain
SANC23-1_SAMEA110646516_MAG_00000092	Marinobacter flavimaris	Marinobacter	SANC23-1	Seawater	True	3	3	0.667	0.333	406	3	3	1.000	2	2	59.66	1.72	likely_legit
SANC23-1_SAMEA110646516_MAG_00000101	Alteromonas oceani	Alteromonas	SANC23-1	Seawater	True	3	3	1.000	0.667	579	3	3	1.000	2	3	98.17	0.84	likely_legit
SANC23-1_SAMEA110646517_MAG_00000097	Cycloclasticus sp002700385	Cycloclasticus	SANC23-1	Seawater	True	3	3	1.000	0.667	575	3	3	1.000	3	3	98.59	0.0	likely_legit
SANC23-1_SAMEA110646521_MAG_00000019	Hyphomonas sp000682775	Hyphomonas	SANC23-1	Seawater	True	3	3	1.000	0.667	563	3	3	1.000	1	1	95.0	1.67	likely_legit
SANC23-1_SAMEA110646524_MAG_00000100	Sphingobium sp000508185	Sphingobium	SANC23-1	Seawater	True	3	3	0.667	0.333	408	3	3	1.000	3	3	87.32	3.04	likely_legit
SANC23-1_SAMEA110646526_MAG_00000055	UBA12578 sp002729195	UBA12578	SANC23-1	Seawater	True	3	3	1.000	0.667	574	3	3	1.000	2	2	98.59	0.0	likely_legit
SANC23-1_SAMEA110646529_MAG_00000033	GCA-002724395 sp002724395	GCA-002724395	SANC23-1	Seawater	True	3	3	0.333	0.000	213	2	3	0.667	2	3	67.93	1.3	uncertain
SANC23-1_SAMEA110646530_MAG_00000023	Erythrobacter sp002706445	Erythrobacter	SANC23-1	Seawater	True	3	3	0.667	0.333	363	3	3	1.000	1	1	92.25	1.85	likely_legit
SANC23-1_SAMEA110646532_MAG_00000035	Qipengyuania sp950071875	Qipengyuania	SANC23-1	Seawater	True	3	3	1.000	0.667	563	3	3	1.000	1	1	61.0	0.0	likely_legit
SANC23-1_SAMEA110646532_MAG_00000075	Unknown Hoeflea	Hoeflea	SANC23-1	Seawater	True	3	3	0.667	0.667	609	3	3	1.000	0	0	97.31	1.47	likely_legit
SANT17-1_SAMN02905733_MAG_00000068	Acinetobacter junii	Acinetobacter	SANT17-1	Freshwater river water	True	3	3	0.333	0.333	383	3	3	1.000	2	2	99.88	0.4	uncertain
SANT17-1_SAMN02905733_MAG_00000105	UBA3064 sp005787245	UBA3064	SANT17-1	Freshwater river water	True	3	3	0.333	0.333	407	3	3	1.000	2	2	98.56	0.0	uncertain
SANT17-1_SAMN02924044_MAG_00000082	Unknown SYFN01	SYFN01	SANT17-1	Freshwater lake water	True	3	3	1.000	1.000	600	3	3	1.000	3	3	91.55	2.82	likely_legit
SANT17-1_SAMN02924044_MAG_00000208	Unknown Limnohabitans	Limnohabitans	SANT17-1	Freshwater lake water	True	3	3	1.000	0.667	566	3	3	1.000	3	3	97.15	1.94	likely_legit
SANT17-1_SAMN02924045_MAG_00000044	CAIUPE01 sp963923565	CAIUPE01	SANT17-1	Freshwater lake water	True	3	3	1.000	1.000	579	3	3	1.000	2	2	93.06	0.63	likely_legit
SANT17-1_SAMN02924045_MAG_00000125	CAIYZJ01 sp963923415	CAIYZJ01	SANT17-1	Freshwater lake water	True	3	3	0.667	0.333	296	3	3	1.000	2	3	80.71	1.41	likely_legit
SANT17-1_SAMN02924045_MAG_00000176	Neoroseomonas sp039797035	Neoroseomonas	SANT17-1	Freshwater lake water	True	3	3	0.333	0.333	382	3	3	1.000	2	2	71.83	1.41	uncertain
SATI15-1_SAMN03252802_MAG_00000011	CAXBRX01 sp963977835	CAXBRX01	SATI15-1	Freshwater river water	True	3	3	1.000	0.333	326	3	3	1.000	2	2	89.74	1.82	likely_legit
SATI15-1_SAMN03252803_MAG_00000007	CAXBRX01 sp963977835	CAXBRX01	SATI15-1	Freshwater river water	True	3	3	1.000	1.000	593	3	3	1.000	1	1	97.18	5.63	likely_legit
SATI15-1_SAMN03252805_MAG_00000038	Unknown Ideonella	Ideonella	SATI15-1	Freshwater river water	True	3	3	0.333	0.333	427	3	3	1.000	3	3	68.1	1.81	uncertain
SATI15-1_SAMN03252805_MAG_00000044	CAXBRX01 sp963977835	CAXBRX01	SATI15-1	Freshwater river water	True	3	3	1.000	0.667	593	3	3	1.000	2	2	96.03	0.68	likely_legit
SATI15-1_SAMN03252806_MAG_00000012	CAXBRX01 sp963977835	CAXBRX01	SATI15-1	Freshwater river water	True	3	3	1.000	1.000	604	3	3	1.000	1	1	93.59	3.99	likely_legit
SATI15-1_SAMN03252807_MAG_00000022	CAXBRX01 sp963977835	CAXBRX01	SATI15-1	Freshwater river water	True	3	3	1.000	0.333	326	3	3	1.000	1	1	97.1	0.67	likely_legit
SATI15-1_SAMN03252808_MAG_00000010	CAXBRX01 sp963977835	CAXBRX01	SATI15-1	Freshwater river water	True	3	3	1.000	1.000	604	3	3	1.000	2	2	93.61	1.52	likely_legit
SATI15-1_SAMN03252815_MAG_00000010	CAXBRX01 sp963977835	CAXBRX01	SATI15-1	Freshwater river water	True	3	3	1.000	1.000	604	3	3	1.000	1	1	100.0	2.82	likely_legit
SATO17-1_SAMN04961670_MAG_00000018	Unknown UBA2562	Unknown UBA2562	SATO17-1	Coral tissue	True	3	3	0.667	1.000	599	3	3	1.000	3	3	95.77	1.41	likely_legit
SATO17-1_SAMN04961670_MAG_00000025	Unknown Ruegeria	Ruegeria	SATO17-1	Coral tissue	True	3	3	1.000	0.333	452	3	3	1.000	3	3	66.2	4.23	likely_legit
SATO17-1_SAMN04961670_MAG_00000030	Unknown VGDZ01	Unknown VGDZ01	SATO17-1	Coral tissue	True	3	3	0.667	1.000	697	3	3	1.000	3	3	97.83	0.43	likely_legit
SATO17-1_SAMN04961671_MAG_00000003	Unknown Neptuniibacter	Neptuniibacter	SATO17-1	Coral tissue	True	3	3	1.000	0.667	553	3	3	1.000	3	3	75.94	3.45	likely_legit
SCHO22-1_SAMN24006293_MAG_00000004	Unknown JARRKU01	JARRKU01	SCHO22-1	Marine sediment	True	3	3	1.000	0.667	552	3	3	1.000	3	3	69.44	3.15	likely_legit
SCHR19-1_SAMN09405884_MAG_00000013	Pontivivens nitratireducens	Pontivivens	SCHR19-1	Seawater	True	3	3	0.667	0.333	435	3	3	1.000	3	3	73.51	0.43	likely_legit
SCHR19-1_SAMN09405884_MAG_00000015	Opacimonas sp002292215	Opacimonas	SCHR19-1	Seawater	True	3	3	1.000	0.667	577	3	3	1.000	2	3	94.28	0.95	likely_legit
SCHR19-1_SAMN09405885_MAG_00000012	Opacimonas sp002292215	Opacimonas	SCHR19-1	Seawater	True	3	3	1.000	0.667	577	3	3	1.000	0	0	96.36	0.51	likely_legit
SCHR19-1_SAMN09405895_MAG_00000035	Opacimonas sp002292215	Opacimonas	SCHR19-1	Seawater	True	3	3	1.000	0.667	577	3	3	1.000	1	1	96.53	0.57	likely_legit
SCHR19-1_SAMN09405896_MAG_00000026	Opacimonas sp002292215	Opacimonas	SCHR19-1	Seawater	True	3	3	1.000	0.667	577	3	3	1.000	2	2	96.58	0.62	likely_legit
SCHR19-1_SAMN09405898_MAG_00000032	Pontivivens nitratireducens	Pontivivens	SCHR19-1	Seawater	True	3	3	1.000	0.667	600	3	3	1.000	3	3	100.0	0.0	likely_legit
SCHR19-1_SAMN09405904_MAG_00000023	Hyphomonas sp000682775	Hyphomonas	SCHR19-1	Seawater	True	3	3	1.000	0.667	548	3	3	1.000	2	2	52.76	0.0	likely_legit
SCHR19-1_SAMN09405909_MAG_00000012	Opacimonas sp002292215	Opacimonas	SCHR19-1	Seawater	True	3	3	1.000	0.667	577	3	3	1.000	0	0	96.11	0.51	likely_legit
SCHR19-1_SAMN09405911_MAG_00000005	Unknown Porticoccus	Porticoccus	SCHR19-1	Seawater	True	3	3	0.333	0.333	422	3	3	1.000	2	3	84.44	0.55	uncertain
SCHR19-1_SAMN09405913_MAG_00000017	Unknown Colwellia	Colwellia	SCHR19-1	Seawater	True	3	3	0.333	0.333	252	2	3	0.667	1	2	71.35	2.59	uncertain
SCHR19-1_SAMN09405915_MAG_00000019	Roseicyclus sp027592105	Roseicyclus	SCHR19-1	Seawater	True	3	3	0.333	0.000	343	2	3	0.667	2	3	81.8	6.59	uncertain
SCHR19-1_SAMN09405915_MAG_00000029	Unknown Henriciella	Henriciella	SCHR19-1	Seawater	True	3	3	0.667	0.667	548	3	3	1.000	3	3	92.85	0.97	likely_legit
SCHR19-1_SAMN09405918_MAG_00000032	Pontivivens nitratireducens	Pontivivens	SCHR19-1	Seawater	True	3	3	1.000	0.667	572	3	3	1.000	0	0	99.4	0.2	likely_legit
SCHR19-1_SAMN09405933_MAG_00000004	Cycloclasticus pugetii	Cycloclasticus	SCHR19-1	Seawater	True	3	3	1.000	0.667	575	3	3	1.000	3	3	94.37	1.41	likely_legit
SCHR19-1_SAMN09405937_MAG_00000004	Pontivivens nitratireducens	Pontivivens	SCHR19-1	Seawater	True	3	3	1.000	0.667	572	3	3	1.000	0	0	99.4	0.2	likely_legit
SCHR19-1_SAMN09405948_MAG_00000006	Unknown Porticoccus	Porticoccus	SCHR19-1	Seawater	True	3	3	0.333	0.333	383	2	3	0.667	2	3	88.73	1.41	uncertain
SCHR19-1_SAMN09405953_MAG_00000005	Pontivivens nitratireducens	Pontivivens	SCHR19-1	Seawater	True	3	3	1.000	0.667	572	3	3	1.000	0	0	100.0	0.0	likely_legit
SCHR19-1_SAMN09405963_MAG_00000008	UBA4479 sp002389385	UBA4479	SCHR19-1	Seawater	True	3	3	0.667	0.667	599	3	3	1.000	3	3	94.37	1.41	likely_legit
SCHR19-1_SAMN09405964_MAG_00000001	Hyphomonas sp000682775	Hyphomonas	SCHR19-1	Seawater	True	3	3	1.000	0.667	548	3	3	1.000	2	2	63.85	0.0	likely_legit
SCHR19-1_SAMN09405973_MAG_00000013	Unknown Sulfitobacter	Sulfitobacter	SCHR19-1	Seawater	True	3	3	1.000	0.667	585	3	3	1.000	2	3	98.84	0.04	likely_legit
SCHR19-1_SAMN09405985_MAG_00000002	Opacimonas sp002292215	Opacimonas	SCHR19-1	Seawater	True	3	3	1.000	0.667	572	3	3	1.000	3	3	90.9	0.89	likely_legit
SCHR19-1_SAMN09405996_MAG_00000002	Unknown Sulfitobacter	Sulfitobacter	SCHR19-1	Seawater	True	3	3	1.000	0.667	585	3	3	1.000	2	2	83.9	2.12	likely_legit
SCHR19-1_SAMN09405999_MAG_00000006	Pontivivens nitratireducens	Pontivivens	SCHR19-1	Seawater	True	3	3	1.000	0.667	600	3	3	1.000	0	0	97.23	0.68	likely_legit
SCHR19-1_SAMN09406001_MAG_00000003	Sulfitobacter sp017854855	Sulfitobacter	SCHR19-1	Seawater	True	3	3	1.000	0.667	569	3	3	1.000	3	3	85.99	1.49	likely_legit
SCHR19-1_SAMN09406009_MAG_00000002	Aurantiacibacter atlanticus	Aurantiacibacter	SCHR19-1	Seawater	True	3	3	0.667	0.000	364	3	3	1.000	1	2	82.43	2.37	likely_legit
SCHR19-1_SAMN09406010_MAG_00000014	Jannaschia helgolandensis	Jannaschia	SCHR19-1	Seawater	True	3	3	0.667	1.000	603	3	3	1.000	3	3	98.59	0.0	likely_legit
SCHR19-1_SAMN09406011_MAG_00000001	Unknown Neptuniibacter	Neptuniibacter	SCHR19-1	Seawater	True	3	3	0.333	0.000	240	2	3	0.667	1	2	80.28	0.0	uncertain
SCHR19-1_SAMN09406019_MAG_00000009	Opacimonas sp002292215	Opacimonas	SCHR19-1	Seawater	True	3	3	0.667	0.333	409	3	3	1.000	2	3	95.0	0.51	likely_legit
SCHR19-1_SAMN09406019_MAG_00000020	Unknown Henriciella	Henriciella	SCHR19-1	Seawater	True	3	3	0.667	0.333	410	3	3	1.000	1	1	91.47	1.01	likely_legit
SCHR19-1_SAMN09406022_MAG_00000006	Unknown Sandaracinaceae	Unknown Sandaracinaceae	SCHR19-1	Seawater	True	3	3	0.667	0.000	332	3	3	1.000	3	3	64.08	1.59	likely_legit
SCHR19-1_SAMN09406022_MAG_00000013	Unknown UBA4479	UBA4479	SCHR19-1	Seawater	True	3	3	1.000	0.667	598	3	3	1.000	3	3	100.0	0.5	likely_legit
SCHR19-1_SAMN09406022_MAG_00000018	Unknown Bin95	Unknown Bin95	SCHR19-1	Seawater	True	3	3	0.667	0.333	413	3	3	1.000	3	3	96.85	0.5	likely_legit
SCHR19-1_SAMN09406031_MAG_00000010	Unknown Parasphingopyxis	Parasphingopyxis	SCHR19-1	Seawater	True	3	3	1.000	0.667	563	3	3	1.000	3	3	99.48	0.9	likely_legit
SCHR19-1_SAMN09406038_MAG_00000005	Opacimonas sp002292215	Opacimonas	SCHR19-1	Seawater	True	3	3	1.000	0.333	468	3	3	1.000	3	3	93.01	2.22	likely_legit
SCHR19-1_SAMN09406039_MAG_00000011	Pseudomonas_E marincola	Pseudomonas_E	SCHR19-1	Seawater	True	3	3	0.667	0.333	395	3	3	1.000	1	3	75.79	0.0	likely_legit
SCHR19-1_SAMN09406039_MAG_00000023	Unknown Bin95	Unknown Bin95	SCHR19-1	Seawater	True	3	3	0.667	0.333	413	3	3	1.000	3	3	95.0	0.43	likely_legit
SCHR19-1_SAMN09406041_MAG_00000019	Pontivivens nitratireducens	Pontivivens	SCHR19-1	Seawater	True	3	3	1.000	0.667	600	3	3	1.000	0	0	95.53	0.4	likely_legit
SCHR19-1_SAMN09406045_MAG_00000009	Pontivivens nitratireducens	Pontivivens	SCHR19-1	Seawater	True	3	3	1.000	0.667	600	3	3	1.000	0	0	100.0	0.0	likely_legit
SCHR19-1_SAMN09406050_MAG_00000006	Unknown Henriciella	Henriciella	SCHR19-1	Seawater	True	3	3	1.000	0.333	443	3	3	1.000	1	1	92.77	0.36	likely_legit
SCHR19-1_SAMN09406063_MAG_00000001	UBA4479 sp002389385	UBA4479	SCHR19-1	Seawater	True	3	3	0.000	0.000	211	3	3	1.000	1	2	56.28	0.5	likely_artifact
SCHR19-1_SAMN09406093_MAG_00000021	Sphingobium sp040389985	Sphingobium	SCHR19-1	Seawater	True	3	3	0.667	0.333	408	3	3	1.000	3	3	98.29	1.08	likely_legit
SCHR19-1_SAMN09406099_MAG_00000007	Unknown Sulfitobacter	Sulfitobacter	SCHR19-1	Seawater	True	3	3	1.000	1.000	601	3	3	1.000	3	3	99.68	0.0	likely_legit
SCHR19-1_SAMN09406107_MAG_00000004	Unknown Litoreibacter	Litoreibacter	SCHR19-1	Seawater	True	3	3	1.000	1.000	612	3	3	1.000	3	3	99.02	0.2	likely_legit
SCHR19-1_SAMN09406119_MAG_00000006	Unknown Sulfitobacter	Sulfitobacter	SCHR19-1	Seawater	True	3	3	1.000	0.667	583	3	3	1.000	2	2	62.74	0.95	likely_legit
SCHR19-1_SAMN09406120_MAG_00000017	Neptuniibacter pectenicola	Neptuniibacter	SCHR19-1	Seawater	True	3	3	1.000	0.667	586	3	3	1.000	2	3	100.0	0.0	likely_legit
SCHR19-1_SAMN09406122_MAG_00000020	Pontivivens nitratireducens	Pontivivens	SCHR19-1	Seawater	True	3	3	1.000	0.667	600	3	3	1.000	0	0	100.0	4.23	likely_legit
SCHR19-1_SAMN09406130_MAG_00000001	Unknown UBA4479	UBA4479	SCHR19-1	Seawater	True	3	3	1.000	0.667	598	3	3	1.000	1	1	98.51	0.5	likely_legit
SCHR19-1_SAMN09406131_MAG_00000006	Unknown Colwellia	Colwellia	SCHR19-1	Seawater	True	3	3	1.000	1.000	588	2	3	0.667	1	1	59.64	1.72	likely_legit
SCHR19-1_SAMN09406140_MAG_00000012	Unknown Loktanella	Loktanella	SCHR19-1	Seawater	True	3	3	1.000	0.667	598	3	3	1.000	2	2	97.73	0.4	likely_legit
SCHR19-1_SAMN09406146_MAG_00000013	Cycloclasticus pugetii	Cycloclasticus	SCHR19-1	Seawater	True	3	3	1.000	0.667	575	3	3	1.000	1	1	97.82	0.12	likely_legit
SCHR21-1_SAMN15950816_MAG_00000006	Cycloclasticus pugetii	Cycloclasticus	SCHR21-1	Seawater microcosm	True	3	3	0.667	0.333	349	3	3	1.000	1	1	92.51	2.62	likely_legit
SCHR21-1_SAMN15950842_MAG_00000016	Unknown Rickettsiales	Unknown Rickettsiales	SCHR21-1	Seawater microcosm	True	3	3	1.000	0.000	414	3	3	1.000	2	2	81.69	1.41	likely_legit
SCHR21-1_SAMN15950858_MAG_00000004	Cycloclasticus sp001566825	Cycloclasticus	SCHR21-1	Seawater microcosm	True	3	3	1.000	0.667	561	3	3	1.000	3	3	92.96	1.41	likely_legit
SCHR21-1_SAMN15950865_MAG_00000005	Cycloclasticus sp001566825	Cycloclasticus	SCHR21-1	Seawater microcosm	True	3	3	0.667	0.333	349	3	3	1.000	3	3	79.86	2.2	likely_legit
SCHR21-1_SAMN15950866_MAG_00000002	Cycloclasticus sp001566825	Cycloclasticus	SCHR21-1	Seawater microcosm	True	3	3	1.000	0.667	574	3	3	1.000	1	1	98.25	1.21	likely_legit
SCRA20-1_SAMN11854481_MAG_00000011	Unknown GCA-2731375	GCA-2731375	SCRA20-1	Seawater	True	3	3	0.667	0.333	407	3	3	1.000	3	3	90.52	2.17	likely_legit
SCRA20-1_SAMN11854481_MAG_00000040	Unknown UBA11136	UBA11136	SCRA20-1	Seawater	True	3	3	1.000	0.667	602	3	3	1.000	3	3	100.0	0.0	likely_legit
SCRA20-1_SAMN11854481_MAG_00000106	Burkholderia contaminans	Burkholderia	SCRA20-1	Seawater	True	3	3	0.667	1.000	622	3	3	1.000	3	3	98.39	0.28	likely_legit
SCRA20-1_SAMN11854481_MAG_00000121	Unknown JABJES01	JABJES01	SCRA20-1	Seawater	True	3	3	1.000	0.667	583	3	3	1.000	3	3	98.59	0.0	likely_legit
SCRA20-1_SAMN11854482_MAG_00000007	Unknown UBA11136	UBA11136	SCRA20-1	Seawater	True	3	3	1.000	0.667	602	3	3	1.000	0	0	98.59	0.0	likely_legit
SCRA20-1_SAMN11854482_MAG_00000080	Unknown JABJES01	JABJES01	SCRA20-1	Seawater	True	3	3	1.000	0.667	583	3	3	1.000	0	0	98.59	0.0	likely_legit
SCRA20-1_SAMN11854482_MAG_00000104	Unknown GCA-2731375	GCA-2731375	SCRA20-1	Seawater	True	3	3	1.000	0.333	407	3	3	1.000	1	1	95.77	0.0	likely_legit
SCRA20-1_SAMN11854485_MAG_00000027	Unknown UBA11136	UBA11136	SCRA20-1	Seawater	True	3	3	1.000	0.667	602	3	3	1.000	1	1	98.59	0.0	likely_legit
SCRA20-1_SAMN11854485_MAG_00000029	Burkholderia contaminans	Burkholderia	SCRA20-1	Seawater	True	3	3	0.667	1.000	622	3	3	1.000	0	0	99.13	0.85	likely_legit
SCRA20-1_SAMN11854485_MAG_00000115	Unknown JABJES01	JABJES01	SCRA20-1	Seawater	True	3	3	1.000	0.667	583	3	3	1.000	0	0	98.59	0.0	likely_legit
SCRA20-1_SAMN11854485_MAG_00000223	Unknown UBA8366	Unknown UBA8366	SCRA20-1	Seawater	True	3	3	1.000	0.333	413	3	3	1.000	1	1	98.59	0.0	likely_legit
SCRA20-1_SAMN11854486_MAG_00000049	Unknown GCA-2731375	GCA-2731375	SCRA20-1	Seawater	True	3	3	1.000	0.333	407	3	3	1.000	0	0	95.77	0.0	likely_legit
SCRA20-1_SAMN11854486_MAG_00000070	Unknown JABJES01	JABJES01	SCRA20-1	Seawater	True	3	3	1.000	0.667	583	3	3	1.000	0	0	98.59	0.0	likely_legit
SCRA20-1_SAMN11854486_MAG_00000110	Unknown UBA11136	UBA11136	SCRA20-1	Seawater	True	3	3	1.000	0.667	602	3	3	1.000	0	0	100.0	0.0	likely_legit
SCRA20-1_SAMN11854489_MAG_00000040	Unknown UBA11136	UBA11136	SCRA20-1	Seawater	True	3	3	1.000	0.667	602	3	3	1.000	0	0	93.91	0.43	likely_legit
SCRA20-1_SAMN11854489_MAG_00000160	Unknown JABJES01	JABJES01	SCRA20-1	Seawater	True	3	3	1.000	0.667	583	3	3	1.000	0	0	98.59	0.0	likely_legit
SEON22-1_SAMN23460443_MAG_00000057	JABMNT01 sp938074585	JABMNT01	SEON22-1	Seawater	True	3	3	0.333	0.000	377	3	3	1.000	2	3	78.27	2.9	uncertain
SHAF22-1_SAMEA7723479_MAG_00000022	Unknown Nisaea	Nisaea	SHAF22-1	Marine sediment	True	3	3	1.000	0.667	600	3	3	1.000	3	3	71.83	5.63	likely_legit
SHAF22-1_SAMEA7723490_MAG_00000014	Unknown Tsuneonella	Tsuneonella	SHAF22-1	Marine sediment	True	3	3	0.667	0.333	415	3	3	1.000	3	3	70.79	1.08	likely_legit
SHAF22-1_SAMEA7723689_MAG_00000012	HK1 sp026709935	HK1	SHAF22-1	Marine sponge tissue	True	3	3	0.667	0.333	497	3	3	1.000	2	2	80.28	0.0	likely_legit
SHAF22-1_SAMEA7723696_MAG_00000013	Pseudomonas_E fulva	Pseudomonas_E	SHAF22-1	Marine sponge tissue	True	3	3	0.000	0.000	166	1	3	0.333	1	2	51.72	0.0	likely_artifact
SHAF22-1_SAMEA7723963_MAG_00000002	Unknown Vreelandella	Vreelandella	SHAF22-1	Marine sediment	True	3	3	0.333	1.000	737	3	3	1.000	3	3	100.0	3.93	uncertain
SHAF22-1_SAMEA7723971_MAG_00000001	Unknown Rhodospirillales	Unknown Rhodospirillales	SHAF22-1	Marine algae tissue	True	3	3	1.000	0.667	598	3	3	1.000	3	3	91.55	0.0	likely_legit
SHAF22-1_SAMEA7723972_MAG_00000017	Unknown JASBSO01	JASBSO01	SHAF22-1	Marine algae tissue	True	3	3	1.000	1.000	605	3	3	1.000	3	3	100.0	0.0	likely_legit
SHAF22-1_SAMEA7724386_MAG_00000005	Unknown CALKZN01	CALKZN01	SHAF22-1	Marine kelp tissue	True	3	3	0.000	0.000	111	1	3	0.333	2	3	50.0	1.72	likely_artifact
SHIN18-1_SAMEA104707360_MAG_00000096	Unknown JAABYT01	JAABYT01	SHIN18-1	Marine sediment	True	3	3	1.000	1.000	598	3	3	1.000	3	3	51.8	7.53	likely_legit
SHIN18-1_SAMEA104707361_MAG_00000088	Unknown JAABYT01	JAABYT01	SHIN18-1	Marine sediment	True	3	3	1.000	1.000	601	3	3	1.000	2	3	90.05	7.53	likely_legit
SHIN18-1_SAMEA104707365_MAG_00000022	Unknown Kiloniellaceae	Unknown Kiloniellaceae	SHIN18-1	Marine sediment	True	3	3	0.333	0.000	156	3	3	1.000	3	3	73.24	2.82	uncertain
SHIN18-1_SAMEA104707367_MAG_00000078	Unknown JAHEGP01	JAHEGP01	SHIN18-1	Marine sediment	True	3	3	1.000	0.667	572	3	3	1.000	3	3	65.04	5.6	likely_legit
SHIN18-1_SAMEA104707368_MAG_00000076	JABDQA01 sp024640625	JABDQA01	SHIN18-1	Marine sediment	True	3	3	0.333	0.000	289	3	3	1.000	2	3	96.29	0.6	uncertain
SHIN18-1_SAMEA104707368_MAG_00000077	Unknown QNFN01	QNFN01	SHIN18-1	Marine sediment	True	3	3	1.000	1.000	600	3	3	1.000	3	3	81.69	2.82	likely_legit
SHIN18-1_SAMEA104707374_MAG_00000015	Unknown JBBKWG01	JBBKWG01	SHIN18-1	Marine sediment	True	3	3	0.667	0.333	336	3	3	1.000	2	3	59.89	2.82	likely_legit
SHIN18-1_SAMEA104707375_MAG_00000011	JARRJC01 sp037379885	JARRJC01	SHIN18-1	Marine sediment	True	3	3	0.000	0.000	157	3	3	1.000	2	3	56.69	0.14	likely_artifact
SHIN18-1_SAMEA104707375_MAG_00000015	Unknown Halieaceae	Unknown Halieaceae	SHIN18-1	Marine sediment	True	3	3	0.667	0.333	344	3	3	1.000	3	3	76.06	2.8	likely_legit
SHIN18-1_SAMEA104707375_MAG_00000050	Unknown Pelagibius	Pelagibius	SHIN18-1	Marine sediment	True	3	3	1.000	0.667	601	3	3	1.000	3	3	93.62	2.61	likely_legit
SHIN18-1_SAMEA104707375_MAG_00000082	Unknown JAPPOI01	JAPPOI01	SHIN18-1	Marine sediment	True	3	3	1.000	1.000	600	3	3	1.000	3	3	92.33	3.86	likely_legit
SHIN18-1_SAMEA104707375_MAG_00000099	Unknown JAIPEL01	JAIPEL01	SHIN18-1	Marine sediment	True	3	3	0.333	0.333	360	3	3	1.000	3	3	86.0	1.31	uncertain
SHIN18-1_SAMEA104707375_MAG_00000110	Unknown JANQNX01	JANQNX01	SHIN18-1	Marine sediment	True	3	3	0.667	0.333	432	3	3	1.000	3	3	65.84	2.65	likely_legit
SHIN18-1_SAMEA104707376_MAG_00000116	CALJXB01 sp937974415	CALJXB01	SHIN18-1	Marine sediment	True	3	3	0.667	0.000	388	3	3	1.000	3	3	76.38	8.91	likely_legit
SIER19-1_SAMEA4692675_MAG_00000006	Unknown TMED26	TMED26	SIER19-1	Seawater	True	3	3	1.000	0.333	374	3	3	1.000	3	3	65.67	1.72	likely_legit
SIER19-1_SAMEA4692675_MAG_00000177	TMED26 sp003280605	TMED26	SIER19-1	Seawater	True	3	3	1.000	0.333	439	3	3	1.000	3	3	97.26	1.3	likely_legit
SIER19-1_SAMEA4692677_MAG_00000104	TMED26 sp003280605	TMED26	SIER19-1	Seawater	True	3	3	1.000	0.333	439	3	3	1.000	1	1	99.35	0.47	likely_legit
SIER19-1_SAMEA4692679_MAG_00000186	UBA830 sp905479125	UBA830	SIER19-1	Seawater	True	3	3	0.667	0.333	416	3	3	1.000	3	3	98.37	0.43	likely_legit
SIER19-1_SAMEA4692680_MAG_00000139	TMED26 sp003280605	TMED26	SIER19-1	Seawater	True	3	3	1.000	0.333	439	3	3	1.000	1	1	95.68	2.17	likely_legit
SIER19-1_SAMEA4692680_MAG_00000288	UBA830 sp905479125	UBA830	SIER19-1	Seawater	True	3	3	0.667	0.333	416	3	3	1.000	2	2	97.18	0.0	likely_legit
SIER19-1_SAMEA4692682_MAG_00000057	UBA830 sp905479125	UBA830	SIER19-1	Seawater	True	3	3	0.667	0.333	416	3	3	1.000	1	1	92.96	0.0	likely_legit
SIER19-1_SAMEA4692682_MAG_00000064	TMED26 sp003280605	TMED26	SIER19-1	Seawater	True	3	3	1.000	0.333	408	3	3	1.000	1	1	97.86	0.43	likely_legit
SIER19-1_SAMEA4692683_MAG_00000055	Unknown TMED26	TMED26	SIER19-1	Seawater	True	3	3	1.000	0.333	406	3	3	1.000	2	2	96.35	0.43	likely_legit
SIER19-1_SAMEA4692683_MAG_00000072	TMED26 sp003280605	TMED26	SIER19-1	Seawater	True	3	3	1.000	0.333	439	3	3	1.000	1	1	80.8	0.0	likely_legit
SIER19-1_SAMEA4692684_MAG_00000013	Unknown TMED26	TMED26	SIER19-1	Seawater	True	3	3	1.000	0.333	406	3	3	1.000	1	1	96.52	0.87	likely_legit
SIER19-1_SAMEA4692684_MAG_00000113	TMED26 sp003280605	TMED26	SIER19-1	Seawater	True	3	3	1.000	0.333	439	3	3	1.000	1	1	96.23	0.43	likely_legit
SIER19-1_SAMEA4692734_MAG_00000094	TMED26 sp003280605	TMED26	SIER19-1	Seawater	True	3	3	1.000	0.333	332	3	3	1.000	3	3	84.09	0.87	likely_legit
SIER19-1_SAMEA4692736_MAG_00000127	UBA830 sp905479125	UBA830	SIER19-1	Seawater	True	3	3	0.667	0.333	416	3	3	1.000	2	2	81.69	0.0	likely_legit
SIER19-1_SAMEA4692738_MAG_00000028	TMED26 sp003280605	TMED26	SIER19-1	Seawater	True	3	3	1.000	0.333	439	3	3	1.000	1	1	97.83	0.43	likely_legit
SIER19-1_SAMEA4692738_MAG_00000039	Unknown TMED26	TMED26	SIER19-1	Seawater	True	3	3	0.667	0.000	288	3	3	1.000	2	2	88.55	0.18	likely_legit
SILV23-1_SAMEA6872366_MAG_00000004	Unknown Tabrizicola	Tabrizicola	SILV23-1	Freshwater lake sediment	True	3	3	1.000	0.667	525	3	3	1.000	2	3	72.92	0.8	likely_legit
SILV23-1_SAMEA8700009_MAG_00000022	Unknown Jhaorihella	Jhaorihella	SILV23-1	Freshwater lake sediment	True	3	3	1.000	0.667	586	3	3	1.000	2	3	90.88	0.58	likely_legit
SILV23-1_SAMEA8700011_MAG_00000008	Unknown Jhaorihella	Jhaorihella	SILV23-1	Freshwater lake sediment	True	3	3	1.000	0.667	590	3	3	1.000	1	1	99.15	0.07	likely_legit
SILV23-1_SAMEA8700012_MAG_00000034	Unknown Jhaorihella	Jhaorihella	SILV23-1	Freshwater lake sediment	True	3	3	1.000	0.667	590	3	3	1.000	0	0	99.65	0.98	likely_legit
SOGI22-1_SAMEA6126155_MAG_00000006	Unknown JAKSBE01	Unknown JAKSBE01	SOGI22-1	Marine sediment	True	3	3	1.000	0.000	426	3	3	1.000	3	3	87.25	4.0	likely_legit
SOGI22-1_SAMEA6126155_MAG_00000009	Unknown JARRKU01	JARRKU01	SOGI22-1	Marine sediment	True	3	3	1.000	0.667	552	3	3	1.000	2	2	95.16	1.29	likely_legit
SOGI22-1_SAMEA6126158_MAG_00000041	Unknown J153	Unknown J153	SOGI22-1	Marine sediment	True	3	3	1.000	0.333	439	3	3	1.000	3	3	50.7	1.41	likely_legit
SOGI22-1_SAMEA6126158_MAG_00000051	Unknown JABDIP01	JABDIP01	SOGI22-1	Marine sediment	True	3	3	0.667	0.333	320	3	3	1.000	3	3	57.75	1.41	likely_legit
SOGI22-1_SAMEA6126159_MAG_00000019	Unknown CAXMNX01	CAXMNX01	SOGI22-1	Marine sediment	True	3	3	0.000	0.000	123	2	3	0.667	3	3	62.35	5.61	likely_artifact
SOGI22-1_SAMEA6126159_MAG_00000028	Unknown CALJXB01	CALJXB01	SOGI22-1	Marine sediment	True	3	3	0.333	0.000	345	3	3	1.000	3	3	70.57	8.29	uncertain
SOGI22-1_SAMEA6126160_MAG_00000005	Unknown JAKSBE01	Unknown JAKSBE01	SOGI22-1	Marine sediment	True	3	3	0.333	0.333	445	3	3	1.000	3	3	52.11	9.86	uncertain
SOLA22-1_SAMEA7060508_MAG_00000159	UBA981 sp002292285	UBA981	SOLA22-1	Seawater	True	3	3	1.000	0.000	354	3	3	1.000	1	1	91.55	1.41	likely_legit
SOLA22-1_SAMEA7060513_MAG_00000200	Sphingomonas sp000797515	Sphingomonas	SOLA22-1	Seawater	True	3	3	0.667	0.333	339	3	3	1.000	2	2	77.97	1.8	likely_legit
SOLA22-1_SAMEA7060514_MAG_00000066	Sphingomonas sp000797515	Sphingomonas	SOLA22-1	Seawater	True	3	3	1.000	0.667	582	3	3	1.000	1	1	92.26	2.67	likely_legit
SOLA22-1_SAMEA7060517_MAG_00000110	Sphingomonas sp000797515	Sphingomonas	SOLA22-1	Seawater	True	3	3	1.000	0.667	582	3	3	1.000	0	0	92.7	1.72	likely_legit
SOLA22-1_SAMEA7060523_MAG_00000152	Sulfitobacter sp013282155	Sulfitobacter	SOLA22-1	Seawater	True	3	3	0.667	0.667	551	3	3	1.000	1	1	97.44	0.02	likely_legit
SOLA22-1_SAMEA7060524_MAG_00000259	Sulfitobacter sp013282155	Sulfitobacter	SOLA22-1	Seawater	True	3	3	0.667	0.667	551	3	3	1.000	0	0	93.69	1.47	likely_legit
SOLA22-1_SAMEA7060526_MAG_00000200	UBA981 sp002292285	UBA981	SOLA22-1	Seawater	True	3	3	1.000	0.333	381	3	3	1.000	0	0	95.52	4.63	likely_legit
SOLA22-1_SAMEA7060527_MAG_00000138	Pseudophaeobacter sp905479575	Pseudophaeobacter	SOLA22-1	Seawater	True	3	3	0.667	0.667	585	3	3	1.000	3	3	91.55	1.41	likely_legit
SOLA22-1_SAMEA7060528_MAG_00000079	Pseudophaeobacter sp905479575	Pseudophaeobacter	SOLA22-1	Seawater	True	3	3	0.667	0.333	433	3	3	1.000	2	2	90.87	2.21	likely_legit
SOLA22-1_SAMEA7060532_MAG_00000095	Sulfitobacter sp013282155	Sulfitobacter	SOLA22-1	Seawater	True	3	3	0.667	0.667	551	3	3	1.000	0	0	97.95	0.97	likely_legit
SOLA22-1_SAMEA7060535_MAG_00000117	Hyphomonas adhaerens	Hyphomonas	SOLA22-1	Seawater	True	3	3	1.000	1.000	600	3	3	1.000	2	3	96.66	1.49	likely_legit
SOLA22-1_SAMEA7060536_MAG_00000008	Microbaculum sp905479765	Microbaculum	SOLA22-1	Seawater	True	3	3	1.000	0.667	517	3	3	1.000	0	0	98.59	1.41	likely_legit
SOLA22-1_SAMEA7060537_MAG_00000132	Unknown Leucothrix	Leucothrix	SOLA22-1	Seawater	True	3	3	0.667	0.333	340	3	3	1.000	3	3	83.81	4.13	likely_legit
SOLA22-1_SAMEA7060539_MAG_00000021	GCA-2402195 sp905479865	GCA-2402195	SOLA22-1	Seawater	True	3	3	1.000	0.333	416	3	3	1.000	1	1	99.53	1.42	likely_legit
SOME21-1_SAMN12878113_MAG_00000017	Unknown UBA11865	UBA11865	SOME21-1	Marine sediment	True	3	3	0.667	0.000	343	3	3	1.000	2	3	67.61	4.23	likely_legit
SOME21-1_SAMN12878115_MAG_00000089	Marinobacter salsuginis	Marinobacter	SOME21-1	Marine sediment	True	3	3	1.000	0.667	601	3	3	1.000	2	3	58.62	0.0	likely_legit
SOME21-1_SAMN12878180_MAG_00000083	Unknown Litorivicinus	Litorivicinus	SOME21-1	Seawater	True	3	3	0.667	0.333	406	3	3	1.000	2	3	62.07	0.0	likely_legit
SONG20-1_SAMN08290285_MAG_00000064	Sphingomonas hankookensis_A	Sphingomonas	SONG20-1	Seawater	True	3	3	0.667	0.333	437	3	3	1.000	3	3	87.32	0.0	likely_legit
SONG20-1_SAMN08290286_MAG_00000018	JAABYT01 sp009937425	JAABYT01	SONG20-1	Seawater	True	3	3	1.000	0.667	582	3	3	1.000	3	3	85.92	1.41	likely_legit
SONG20-1_SAMN08290291_MAG_00000008	Alcaligenes phenolicus	Alcaligenes	SONG20-1	Seawater	True	3	3	0.667	1.000	585	3	3	1.000	3	3	71.07	0.74	likely_legit
SONG20-1_SAMN08290291_MAG_00000020	JAABYT01 sp009937425	JAABYT01	SONG20-1	Seawater	True	3	3	1.000	0.667	598	3	3	1.000	2	3	97.18	1.41	likely_legit
SONG20-1_SAMN10738420_MAG_00000059	QNFN01 sp009937385	QNFN01	SONG20-1	Marine sediment	True	3	3	0.667	0.667	570	3	3	1.000	3	3	89.82	4.3	likely_legit
SONG20-1_SAMN10738424_MAG_00000066	QNFN01 sp009937385	QNFN01	SONG20-1	Marine sediment	True	3	3	1.000	0.667	570	3	3	1.000	2	2	88.73	2.82	likely_legit
SONG20-1_SAMN10738424_MAG_00000074	JAABYT01 sp009937425	JAABYT01	SONG20-1	Marine sediment	True	3	3	1.000	1.000	601	3	3	1.000	1	1	100.0	1.41	likely_legit
SPET22-1_SAMN18353073_MAG_00000050	BuS5 sp000472805	BuS5	SPET22-1	Hydrothermal vent sediment	True	3	3	0.333	0.333	389	3	3	1.000	2	2	90.41	2.97	uncertain
SPET22-1_SAMN18353073_MAG_00000059	Celeribacter baekdonensis_A	Celeribacter	SPET22-1	Hydrothermal vent sediment	True	3	3	1.000	0.667	602	3	3	1.000	2	3	99.24	0.86	likely_legit
SPET22-1_SAMN18353075_MAG_00000043	Celeribacter baekdonensis_A	Celeribacter	SPET22-1	Hydrothermal vent sediment	True	3	3	1.000	0.667	602	3	3	1.000	0	0	99.24	0.0	likely_legit
SPET22-1_SAMN18353077_MAG_00000045	BuS5 sp000472805	BuS5	SPET22-1	Hydrothermal vent sediment	True	3	3	0.333	0.333	389	3	3	1.000	0	0	91.0	1.8	uncertain
SPET22-1_SAMN18353077_MAG_00000053	JAGGXR01 sp021162935	JAGGXR01	SPET22-1	Hydrothermal vent sediment	True	3	3	0.667	0.333	452	3	3	1.000	3	3	98.59	9.86	likely_legit
SPET22-1_SAMN18353079_MAG_00000033	Variovorax sp900115375	Variovorax	SPET22-1	Hydrothermal vent sediment	True	3	3	1.000	0.667	527	3	3	1.000	1	1	99.42	1.09	likely_legit
SPET22-1_SAMN18353079_MAG_00000090	Celeribacter baekdonensis_A	Celeribacter	SPET22-1	Hydrothermal vent sediment	True	3	3	1.000	0.667	602	3	3	1.000	0	0	58.78	0.0	likely_legit
SUHA22-1_SAMN20336523_MAG_00000081	Unknown Stieleria	Stieleria	SUHA22-1	Seawater	True	3	3	1.000	0.333	480	3	3	1.000	2	3	98.75	0.59	likely_legit
SUHA22-1_SAMN20336525_MAG_00000082	Unknown Acinetobacter	Acinetobacter	SUHA22-1	Seawater	True	3	3	0.000	0.000	364	2	3	0.667	3	3	59.25	6.03	likely_artifact
SUHA22-1_SAMN20336528_MAG_00000064	Unknown Qipengyuania	Qipengyuania	SUHA22-1	Seawater	True	3	3	1.000	0.667	565	3	3	1.000	3	3	97.27	1.77	likely_legit
SUHA22-1_SAMN20336529_MAG_00000041	Unknown Oricola	Oricola	SUHA22-1	Seawater	True	3	3	1.000	0.667	516	2	3	0.667	3	3	52.11	7.04	likely_legit
SUHA22-1_SAMN20336529_MAG_00000067	Unknown VGDC01	Unknown VGDC01	SUHA22-1	Seawater	True	3	3	1.000	0.333	421	3	3	1.000	3	3	100.0	0.0	likely_legit
SUHA22-1_SAMN20336529_MAG_00000091	Sphingobium abikonense	Sphingobium	SUHA22-1	Seawater	True	3	3	0.667	0.333	408	3	3	1.000	3	3	95.77	1.41	likely_legit
SUHA22-1_SAMN20336529_MAG_00000127	Unknown Henriciella	Henriciella	SUHA22-1	Seawater	True	3	3	1.000	0.667	562	3	3	1.000	3	3	100.0	0.0	likely_legit
SUHA22-1_SAMN20336530_MAG_00000058	Unknown VGDC01	Unknown VGDC01	SUHA22-1	Seawater	True	3	3	1.000	0.333	421	3	3	1.000	0	0	100.0	0.0	likely_legit
SUHA22-1_SAMN20336534_MAG_00000057	Unknown BH17	BH17	SUHA22-1	Seawater	True	3	3	0.667	0.000	376	3	3	1.000	2	3	89.35	4.04	likely_legit
SUHA22-1_SAMN20336535_MAG_00000001	Unknown Methyloceanibacter	Methyloceanibacter	SUHA22-1	Seawater	True	3	3	0.667	1.000	616	3	3	1.000	3	3	59.15	1.41	likely_legit
SUHA22-1_SAMN20336538_MAG_00000034	Unknown Parvibaculum	Parvibaculum	SUHA22-1	Seawater	True	3	3	1.000	0.667	677	3	3	1.000	3	3	77.46	5.39	likely_legit
SUHA22-1_SAMN20336539_MAG_00000013	Unknown VGDC01	Unknown VGDC01	SUHA22-1	Seawater	True	3	3	1.000	0.333	421	3	3	1.000	0	0	100.0	0.0	likely_legit
SUHA22-1_SAMN20336539_MAG_00000065	Unknown UBA6187	Unknown UBA6187	SUHA22-1	Seawater	True	3	3	1.000	0.333	450	3	3	1.000	3	3	97.18	0.0	likely_legit
SUHA22-1_SAMN20336540_MAG_00000014	Unknown BH17	BH17	SUHA22-1	Seawater	True	3	3	0.667	0.000	376	3	3	1.000	0	0	97.06	0.84	likely_legit
SUHA22-1_SAMN20336540_MAG_00000038	Unknown VGDC01	Unknown VGDC01	SUHA22-1	Seawater	True	3	3	1.000	0.333	421	3	3	1.000	3	3	69.63	0.0	likely_legit
SUHA22-1_SAMN20336541_MAG_00000001	Unknown SMXP01	Unknown SMXP01	SUHA22-1	Seawater	True	3	3	1.000	0.667	625	3	3	1.000	3	3	100.0	0.0	likely_legit
SUHA22-1_SAMN20336541_MAG_00000016	Unknown Methyloceanibacter	Methyloceanibacter	SUHA22-1	Seawater	True	3	3	0.667	1.000	790	3	3	1.000	1	2	100.0	0.0	likely_legit
SUHA22-1_SAMN20336541_MAG_00000036	Algiphilus sp022763315	Algiphilus	SUHA22-1	Seawater	True	3	3	0.667	0.000	385	3	3	1.000	1	1	95.76	0.36	likely_legit
SUHA22-1_SAMN20336544_MAG_00000001	Sulfitobacter faviae	Sulfitobacter	SUHA22-1	Seawater	True	3	3	1.000	0.667	586	3	3	1.000	2	3	97.18	1.41	likely_legit
SUHA22-1_SAMN20336544_MAG_00000053	Donghicola eburneus	Donghicola	SUHA22-1	Seawater	True	3	3	0.667	0.667	548	3	3	1.000	2	3	92.4	0.81	likely_legit
SUHA22-1_SAMN20336546_MAG_00000062	Donghicola eburneus	Donghicola	SUHA22-1	Seawater	True	3	3	0.667	0.333	419	3	3	1.000	2	2	95.53	0.56	likely_legit
SUMM22-1_SAMN21164800_MAG_00000009	Unknown Pikeienuella	Pikeienuella	SUMM22-1	Animal bone biofilm	True	3	3	1.000	0.667	566	3	3	1.000	3	3	81.69	2.61	likely_legit
SUMM22-1_SAMN21164802_MAG_00000003	Unknown HXMU1428-3	HXMU1428-3	SUMM22-1	Animal bone biofilm	True	3	3	1.000	0.667	589	3	3	1.000	3	3	97.14	1.0	likely_legit
SUMM22-1_SAMN21164803_MAG_00000003	Unknown HXMU1428-3	HXMU1428-3	SUMM22-1	Animal bone biofilm	True	3	3	1.000	0.667	533	3	3	1.000	3	3	96.92	0.8	likely_legit
SUMM22-1_SAMN21164803_MAG_00000007	Unknown Pikeienuella	Pikeienuella	SUMM22-1	Animal bone biofilm	True	3	3	1.000	0.333	412	3	3	1.000	3	3	92.96	2.82	likely_legit
SUMM22-1_SAMN21164805_MAG_00000003	Unknown Pikeienuella	Pikeienuella	SUMM22-1	Animal bone biofilm	True	3	3	1.000	0.667	566	3	3	1.000	3	3	92.96	0.0	likely_legit
SUMM22-1_SAMN21164806_MAG_00000001	Unknown HXMU1428-3	HXMU1428-3	SUMM22-1	Animal bone biofilm	True	3	3	1.000	1.000	599	3	3	1.000	2	3	97.18	0.0	likely_legit
SUMM22-1_SAMN21164807_MAG_00000006	Unknown HXMU1428-3	HXMU1428-3	SUMM22-1	Animal bone biofilm	True	3	3	1.000	1.000	599	3	3	1.000	1	1	99.13	0.8	likely_legit
SUMM22-1_SAMN21164808_MAG_00000009	Unknown UBA7957	UBA7957	SUMM22-1	Animal bone biofilm	True	3	3	0.667	0.333	349	2	3	0.667	3	3	71.83	5.63	likely_legit
SUMM22-1_SAMN21164809_MAG_00000006	Unknown Pikeienuella	Pikeienuella	SUMM22-1	Animal bone biofilm	True	3	3	0.667	0.667	511	3	3	1.000	2	2	94.37	0.0	likely_legit
SUMM22-1_SAMN21164810_MAG_00000005	Unknown HXMU1428-3	HXMU1428-3	SUMM22-1	Animal bone biofilm	True	3	3	1.000	1.000	599	3	3	1.000	1	2	96.59	0.8	likely_legit
SUMM22-1_SAMN21164811_MAG_00000013	Unknown HXMU1428-3	HXMU1428-3	SUMM22-1	Animal bone biofilm	True	3	3	1.000	1.000	599	3	3	1.000	1	1	97.52	0.8	likely_legit
SUMM22-1_SAMN21164812_MAG_00000008	Unknown Pikeienuella	Pikeienuella	SUMM22-1	Animal bone biofilm	True	3	3	0.667	0.667	566	3	3	1.000	2	2	97.18	1.41	likely_legit
SUMM22-1_SAMN21164813_MAG_00000001	HXMU1428-3 sp017640685	HXMU1428-3	SUMM22-1	Animal bone biofilm	True	3	3	1.000	0.667	601	3	3	1.000	3	3	66.81	2.64	likely_legit
SUMM22-1_SAMN21164813_MAG_00000008	Unknown Pikeienuella	Pikeienuella	SUMM22-1	Animal bone biofilm	True	3	3	1.000	0.667	566	3	3	1.000	1	1	95.77	0.0	likely_legit
SUMM22-1_SAMN21164813_MAG_00000010	Unknown HXMU1428-3	HXMU1428-3	SUMM22-1	Animal bone biofilm	True	3	3	1.000	0.667	589	3	3	1.000	2	2	81.63	1.85	likely_legit
SUMM22-1_SAMN21164814_MAG_00000007	Unknown HXMU1428-3	HXMU1428-3	SUMM22-1	Animal bone biofilm	True	3	3	1.000	1.000	599	3	3	1.000	1	1	97.93	3.61	likely_legit
SUMM22-1_SAMN21164814_MAG_00000011	Ketobacter sp964016105	Ketobacter	SUMM22-1	Animal bone biofilm	True	3	3	0.333	0.000	215	2	3	0.667	1	2	98.59	2.82	uncertain
SUMM22-1_SAMN21164815_MAG_00000009	Unknown HXMU1428-3	HXMU1428-3	SUMM22-1	Animal bone biofilm	True	3	3	1.000	1.000	599	3	3	1.000	1	1	97.59	0.8	likely_legit
SUMM22-1_SAMN21164816_MAG_00000003	Unknown Pikeienuella	Pikeienuella	SUMM22-1	Animal bone biofilm	True	3	3	1.000	0.667	566	3	3	1.000	2	2	83.85	0.63	likely_legit
SUMM22-1_SAMN21164817_MAG_00000011	Unknown Pikeienuella	Pikeienuella	SUMM22-1	Animal bone biofilm	True	3	3	1.000	0.667	566	3	3	1.000	2	2	100.0	0.0	likely_legit
SUMM22-1_SAMN21164819_MAG_00000014	Unknown HXMU1428-3	HXMU1428-3	SUMM22-1	Animal bone biofilm	True	3	3	1.000	1.000	599	3	3	1.000	1	1	100.0	1.41	likely_legit
SUMM22-1_SAMN21164821_MAG_00000004	Unknown Pikeienuella	Pikeienuella	SUMM22-1	Animal bone biofilm	True	3	3	1.000	0.667	566	3	3	1.000	1	1	95.77	2.82	likely_legit
SUMM22-1_SAMN21164821_MAG_00000008	Unknown Marinibacterium	Marinibacterium	SUMM22-1	Animal bone biofilm	True	3	3	0.667	1.000	603	3	3	1.000	3	3	92.51	3.37	likely_legit
SUMM22-1_SAMN21164822_MAG_00000004	Unknown HXMU1428-3	HXMU1428-3	SUMM22-1	Animal bone biofilm	True	3	3	1.000	1.000	599	3	3	1.000	1	1	98.33	6.43	likely_legit
SUMM22-1_SAMN21164823_MAG_00000004	Unknown HXMU1428-3	HXMU1428-3	SUMM22-1	Animal bone biofilm	True	3	3	1.000	1.000	599	3	3	1.000	1	1	96.93	1.2	likely_legit
SUMM22-1_SAMN21164825_MAG_00000003	Unknown Pikeienuella	Pikeienuella	SUMM22-1	Animal bone biofilm	True	3	3	1.000	0.667	566	3	3	1.000	1	1	88.59	1.84	likely_legit
SUMM22-1_SAMN21164826_MAG_00000003	Unknown HXMU1428-3	HXMU1428-3	SUMM22-1	Animal bone biofilm	True	3	3	1.000	1.000	599	3	3	1.000	2	2	97.52	0.8	likely_legit
SUMM22-1_SAMN21164827_MAG_00000005	Unknown HXMU1428-3	HXMU1428-3	SUMM22-1	Animal bone biofilm	True	3	3	1.000	1.000	599	3	3	1.000	0	0	98.73	1.0	likely_legit
SUMM22-1_SAMN21164832_MAG_00000001	Unknown Cognatishimia	Cognatishimia	SUMM22-1	Animal bone biofilm	True	3	3	1.000	0.333	423	3	3	1.000	2	3	90.58	3.71	likely_legit
SUMM22-1_SAMN21164844_MAG_00000001	HXMU1428-3 sp017640685	HXMU1428-3	SUMM22-1	Animal bone biofilm	True	3	3	1.000	1.000	601	3	3	1.000	3	3	96.95	2.03	likely_legit
SUMM22-1_SAMN21164848_MAG_00000002	HXMU1428-3 sp017640685	HXMU1428-3	SUMM22-1	Animal bone biofilm	True	3	3	1.000	1.000	601	3	3	1.000	1	1	83.13	1.61	likely_legit
SUMM22-1_SAMN21164852_MAG_00000014	Unknown HXMU1428-3	HXMU1428-3	SUMM22-1	Animal bone biofilm	True	3	3	0.333	0.333	281	2	3	0.667	1	2	55.0	0.0	uncertain
SUMM22-1_SAMN21164856_MAG_00000001	HXMU1428-3 sp017640685	HXMU1428-3	SUMM22-1	Animal bone biofilm	True	3	3	1.000	1.000	601	3	3	1.000	2	2	88.44	1.45	likely_legit
SUMM22-1_SAMN21164857_MAG_00000005	HXMU1428-3 sp017640685	HXMU1428-3	SUMM22-1	Animal bone biofilm	True	3	3	1.000	0.667	601	3	3	1.000	1	1	76.06	0.0	likely_legit
SUNY21-1_SAMEA6942736_MAG_00000165	Oceanibaculum nanhaiense	Oceanibaculum	SUNY21-1	Seawater	True	3	3	1.000	0.667	602	3	3	1.000	3	3	95.04	1.3	likely_legit
SUNY21-1_SAMEA6942736_MAG_00000219	Sphingobium sp000508185	Sphingobium	SUNY21-1	Seawater	True	3	3	0.667	0.667	540	3	3	1.000	3	3	50.0	3.45	likely_legit
SUNY21-1_SAMEA6942736_MAG_00000429	TMED2 sp002168225	TMED2	SUNY21-1	Seawater	True	3	3	1.000	0.333	431	3	3	1.000	1	1	98.7	0.0	likely_legit
SUNY21-1_SAMEA6942736_MAG_00000442	Neptunomonas phycophila	Neptunomonas	SUNY21-1	Seawater	True	3	3	0.667	0.333	304	2	3	0.667	2	3	50.0	0.0	likely_legit
SUTE22-1_SAMN10231891_MAG_00000092	Unknown Desulfobacula	Desulfobacula	SUTE22-1	Seawater	True	3	3	0.333	0.000	359	2	3	0.667	1	3	98.71	2.28	uncertain
SUTE22-1_SAMN10231893_MAG_00000016	Unknown NIOZ-UU35	NIOZ-UU35	SUTE22-1	Seawater	True	3	3	0.333	0.000	273	3	3	1.000	1	3	87.32	7.04	uncertain
SUTE22-1_SAMN10231893_MAG_00000097	Unknown JAJDOA01	Unknown JAJDOA01	SUTE22-1	Seawater	True	3	3	0.667	0.333	398	3	3	1.000	2	3	89.19	1.94	likely_legit
SUTE22-1_SAMN10231894_MAG_00000015	Unknown JABJES01	JABJES01	SUTE22-1	Seawater	True	3	3	1.000	0.667	553	3	3	1.000	3	3	87.32	1.41	likely_legit
SUTE22-1_SAMN10231901_MAG_00000150	Unknown JASMHC01	JASMHC01	SUTE22-1	Seawater	True	3	3	1.000	0.667	598	3	3	1.000	0	0	91.49	1.38	likely_legit
SUTE22-1_SAMN10231905_MAG_00000107	Unknown Nitrosopelagicus	Nitrosopelagicus	SUTE22-1	Seawater	True	3	3	1.000	0.000	355	2	3	0.667	3	3	61.35	4.21	likely_legit
SUTE22-1_SAMN10231905_MAG_00000164	Burkholderia contaminans	Burkholderia	SUTE22-1	Seawater	True	3	3	0.667	1.000	622	3	3	1.000	0	0	98.5	0.42	likely_legit
SUTE22-1_SAMN10231906_MAG_00000094	Burkholderia contaminans	Burkholderia	SUTE22-1	Seawater	True	3	3	0.667	1.000	622	3	3	1.000	0	0	98.19	0.75	likely_legit
SUTE22-1_SAMN10231906_MAG_00000183	Unknown Telluria	Telluria	SUTE22-1	Seawater	True	3	3	0.667	0.333	414	3	3	1.000	3	3	98.76	0.96	likely_legit
SUTE22-1_SAMN10231907_MAG_00000114	Burkholderia contaminans	Burkholderia	SUTE22-1	Seawater	True	3	3	0.667	1.000	622	3	3	1.000	0	0	99.51	0.69	likely_legit
SUTE22-1_SAMN10231911_MAG_00000028	Herbaspirillum huttiense	Herbaspirillum	SUTE22-1	Seawater	True	3	3	0.000	0.000	158	2	3	0.667	2	3	92.96	0.0	likely_artifact
SUTE22-1_SAMN10231911_MAG_00000121	Unknown GCA-2863065	Unknown GCA-2863065	SUTE22-1	Seawater	True	3	3	1.000	0.000	364	3	3	1.000	2	3	97.18	4.23	likely_legit
SUTE22-1_SAMN10231912_MAG_00000089	Unknown GCA-2863065	Unknown GCA-2863065	SUTE22-1	Seawater	True	3	3	1.000	0.000	364	3	3	1.000	1	1	96.75	5.0	likely_legit
SUTE22-1_SAMN10231912_MAG_00000190	Unknown UBA9042	Unknown UBA9042	SUTE22-1	Seawater	True	3	3	1.000	0.000	361	3	3	1.000	2	2	98.59	2.82	likely_legit
SUTE22-1_SAMN10231913_MAG_00000058	Unknown UBA9042	Unknown UBA9042	SUTE22-1	Seawater	True	3	3	1.000	0.000	361	3	3	1.000	1	1	98.59	4.23	likely_legit
SUTE22-1_SAMN10231913_MAG_00000073	Unknown CALDOK01	CALDOK01	SUTE22-1	Seawater	True	3	3	0.667	0.333	351	3	3	1.000	3	3	94.21	2.69	likely_legit
SUTE22-1_SAMN10231913_MAG_00000098	Unknown JAAESI01	JAAESI01	SUTE22-1	Seawater	True	3	3	0.667	0.000	381	3	3	1.000	3	3	91.77	8.04	likely_legit
SUTE22-1_SAMN10231913_MAG_00000147	Unknown JAJDOA01	Unknown JAJDOA01	SUTE22-1	Seawater	True	3	3	0.667	0.333	398	3	3	1.000	1	2	84.89	0.81	likely_legit
SUTE22-1_SAMN10231914_MAG_00000212	Unknown CAIXZC01	Unknown CAIXZC01	SUTE22-1	Seawater	True	3	3	0.667	0.000	289	3	3	1.000	1	1	81.69	1.41	likely_legit
SUTE22-1_SAMN10231914_MAG_00000243	Unknown UBA9042	Unknown UBA9042	SUTE22-1	Seawater	True	3	3	1.000	0.000	361	3	3	1.000	0	0	98.59	4.23	likely_legit
SUTE22-1_SAMN10231920_MAG_00000077	Unknown UBA868	UBA868	SUTE22-1	Seawater	True	3	3	0.333	0.000	351	2	3	0.667	2	3	88.73	1.41	uncertain
TANS21-1_SAMN12687857-S001_MAG_00000222	Unknown JAEUMD01	JAEUMD01	TANS21-1	Marine sediment	True	3	3	1.000	0.667	564	3	3	1.000	3	3	90.56	5.01	likely_legit
TANS21-1_SAMN12687857-S002_MAG_00000291	Unknown GLO-3	GLO-3	TANS21-1	Marine sediment	True	3	3	0.667	0.333	414	3	3	1.000	3	3	92.07	1.62	likely_legit
TANS21-1_SAMN12687857-S003_MAG_00000105	Unknown GLO-3	GLO-3	TANS21-1	Marine sediment	True	3	3	1.000	0.667	577	3	3	1.000	1	1	94.45	5.41	likely_legit
TANS21-1_SAMN12687859-S001_MAG_00000040	Unknown CAJQQK01	CAJQQK01	TANS21-1	Marine sediment	True	3	3	0.333	0.667	636	3	3	1.000	3	3	75.73	1.01	uncertain
TAOJ22-1_SAMN27365854_MAG_00000018	Aliiroseovarius sp938023895	Aliiroseovarius	TAOJ22-1	Seawater	True	3	3	1.000	0.667	542	3	3	1.000	2	2	74.04	1.1	likely_legit
TAOJ22-1_SAMN27365854_MAG_00000070	Aliiroseovarius crassostreae	Aliiroseovarius	TAOJ22-1	Seawater	True	3	3	1.000	0.333	454	3	3	1.000	2	3	92.98	1.26	likely_legit
TAOJ22-1_SAMN27365854_MAG_00000074	Rhodocyclus purpureus	Rhodocyclus	TAOJ22-1	Seawater	True	3	3	1.000	1.000	608	3	3	1.000	3	3	83.1	7.04	likely_legit
TAOJ22-1_SAMN27365854_MAG_00000087	Pseudothioclava arenosa	Pseudothioclava	TAOJ22-1	Seawater	True	3	3	1.000	1.000	599	3	3	1.000	3	3	86.53	1.4	likely_legit
TAOJ22-1_SAMN27365854_MAG_00000093	Pseudomonas_E fluvialis	Pseudomonas_E	TAOJ22-1	Seawater	True	3	3	0.667	0.667	558	3	3	1.000	2	3	68.1	0.86	likely_legit
TAOJ22-1_SAMN27365854_MAG_00000106	Unknown WKFI01	WKFI01	TAOJ22-1	Seawater	True	3	3	0.667	0.000	314	3	3	1.000	3	3	86.05	1.76	likely_legit
TAOJ22-1_SAMN27365854_MAG_00000158	Unknown Shimia	Shimia	TAOJ22-1	Seawater	True	3	3	1.000	0.667	589	3	3	1.000	2	3	54.42	0.0	likely_legit
TAOJ22-1_SAMN27365854_MAG_00000166	Unknown Thalassobius	Thalassobius	TAOJ22-1	Seawater	True	3	3	0.667	0.667	596	3	3	1.000	3	3	95.44	1.58	likely_legit
TAOJ22-1_SAMN27365855_MAG_00000141	Unknown Shimia	Shimia	TAOJ22-1	Seawater	True	3	3	1.000	0.667	589	3	3	1.000	0	0	93.68	1.98	likely_legit
TAOJ22-1_SAMN27365855_MAG_00000153	Phycobacter sp028890115	Phycobacter	TAOJ22-1	Seawater	True	3	3	1.000	1.000	601	3	3	1.000	1	1	95.95	1.06	likely_legit
TAOJ22-1_SAMN27365855_MAG_00000163	Pseudomonas_E fluvialis	Pseudomonas_E	TAOJ22-1	Seawater	True	3	3	0.667	0.667	558	3	3	1.000	2	3	54.48	0.0	likely_legit
TAOJ22-1_SAMN27365855_MAG_00000183	Aliiroseovarius sp938023895	Aliiroseovarius	TAOJ22-1	Seawater	True	3	3	1.000	0.667	541	3	3	1.000	2	2	83.49	2.19	likely_legit
TAOJ22-1_SAMN27365855_MAG_00000203	Unknown Thalassobius	Thalassobius	TAOJ22-1	Seawater	True	3	3	0.667	0.667	596	3	3	1.000	1	1	93.19	1.86	likely_legit
TAOJ22-1_SAMN27365855_MAG_00000269	Pseudothioclava arenosa	Pseudothioclava	TAOJ22-1	Seawater	True	3	3	1.000	1.000	599	3	3	1.000	1	1	96.08	1.62	likely_legit
TAOJ22-1_SAMN27365856_MAG_00000118	Bradyrhizobium_A sp018131225	Bradyrhizobium_A	TAOJ22-1	Seawater	True	3	3	1.000	0.333	366	3	3	1.000	2	3	99.89	0.43	likely_legit
TAOJ22-1_SAMN27365856_MAG_00000198	Unknown Shimia	Shimia	TAOJ22-1	Seawater	True	3	3	1.000	0.667	589	3	3	1.000	2	2	86.85	0.66	likely_legit
TAOJ22-1_SAMN27365858_MAG_00000009	Aliiroseovarius sp938023895	Aliiroseovarius	TAOJ22-1	Seawater	True	3	3	1.000	0.667	542	3	3	1.000	1	1	85.69	3.34	likely_legit
TAOJ22-1_SAMN27365858_MAG_00000217	Unknown Shimia	Shimia	TAOJ22-1	Seawater	True	3	3	1.000	1.000	589	3	3	1.000	1	1	96.16	0.64	likely_legit
TAOJ22-1_SAMN27365858_MAG_00000302	TMED26 sp003280605	TMED26	TAOJ22-1	Seawater	True	3	3	1.000	0.333	439	3	3	1.000	2	2	97.17	0.16	likely_legit
TAOJ22-1_SAMN27365858_MAG_00000382	UBA981 sp964012875	UBA981	TAOJ22-1	Seawater	True	3	3	1.000	0.000	391	3	3	1.000	3	3	93.78	5.48	likely_legit
TAOJ22-1_SAMN27365859_MAG_00000406	CALJDF01 sp938023835	CALJDF01	TAOJ22-1	Seawater	True	3	3	1.000	0.333	406	3	3	1.000	1	1	100.0	4.23	likely_legit
TAOJ22-1_SAMN27365859_MAG_00000454	Unknown Ponticoccus	Ponticoccus	TAOJ22-1	Seawater	True	3	3	0.667	0.667	593	3	3	1.000	2	3	83.53	4.05	likely_legit
TAOJ22-1_SAMN27365860_MAG_00000067	Sulfitobacter sp017854675	Sulfitobacter	TAOJ22-1	Seawater	True	3	3	1.000	1.000	577	3	3	1.000	3	3	78.05	3.03	likely_legit
TAOJ22-1_SAMN27365860_MAG_00000095	Planktotalea arctica	Planktotalea	TAOJ22-1	Seawater	True	3	3	1.000	0.667	570	3	3	1.000	2	2	95.2	1.6	likely_legit
TAOJ22-1_SAMN27365860_MAG_00000128	Sulfitobacter sp017854855	Sulfitobacter	TAOJ22-1	Seawater	True	3	3	1.000	1.000	601	3	3	1.000	3	3	99.25	0.38	likely_legit
TAOJ22-1_SAMN27365860_MAG_00000137	Yoonia sp023955335	Yoonia	TAOJ22-1	Seawater	True	3	3	1.000	0.667	554	3	3	1.000	1	2	87.42	2.58	likely_legit
TAOJ22-1_SAMN27365860_MAG_00000146	Unknown Sulfitobacter	Sulfitobacter	TAOJ22-1	Seawater	True	3	3	1.000	0.667	602	3	3	1.000	2	3	95.14	1.0	likely_legit
TAOJ22-1_SAMN27365860_MAG_00000163	Unknown Glaciecola	Glaciecola	TAOJ22-1	Seawater	True	3	3	0.667	0.667	578	3	3	1.000	3	3	62.7	5.17	likely_legit
TAOJ22-1_SAMN27365860_MAG_00000169	Sulfitobacter sp041552635	Sulfitobacter	TAOJ22-1	Seawater	True	3	3	1.000	0.667	602	3	3	1.000	3	3	72.73	0.0	likely_legit
TAOJ22-1_SAMN27365860_MAG_00000202	Unknown Ascidiaceihabitans	Ascidiaceihabitans	TAOJ22-1	Seawater	True	3	3	1.000	1.000	570	3	3	1.000	3	3	97.09	0.34	likely_legit
TAOJ22-1_SAMN27365861_MAG_00000121	Telluria timonae	Telluria	TAOJ22-1	Seawater	True	3	3	0.667	0.667	589	3	3	1.000	3	3	70.64	0.0	likely_legit
TAOJ22-1_SAMN27365861_MAG_00000191	Unknown Aquabacterium	Aquabacterium	TAOJ22-1	Seawater	True	3	3	1.000	1.000	597	3	3	1.000	2	3	98.26	0.93	likely_legit
TAOJ22-1_SAMN27365861_MAG_00000227	Unknown Telluria	Telluria	TAOJ22-1	Seawater	True	3	3	0.667	0.333	414	3	3	1.000	3	3	100.0	2.82	likely_legit
TAOJ22-1_SAMN27365862_MAG_00000114	Sulfitobacter sp041552635	Sulfitobacter	TAOJ22-1	Seawater	True	3	3	1.000	1.000	602	3	3	1.000	2	2	89.96	0.99	likely_legit
TAOJ22-1_SAMN27365862_MAG_00000138	Telluria timonae	Telluria	TAOJ22-1	Seawater	True	3	3	0.667	0.667	585	3	3	1.000	1	1	91.16	1.4	likely_legit
TAOJ22-1_SAMN27365862_MAG_00000140	Planktotalea arctica	Planktotalea	TAOJ22-1	Seawater	True	3	3	1.000	0.667	570	3	3	1.000	1	1	95.35	0.32	likely_legit
TAOJ22-1_SAMN27365862_MAG_00000199	Opacimonas sp002292215	Opacimonas	TAOJ22-1	Seawater	True	3	3	1.000	0.667	577	3	3	1.000	3	3	94.37	2.82	likely_legit
TAOJ22-1_SAMN27365862_MAG_00000250	Unknown Shimia	Shimia	TAOJ22-1	Seawater	True	3	3	1.000	1.000	598	3	3	1.000	1	1	85.81	0.98	likely_legit
TAOJ22-1_SAMN27365862_MAG_00000268	Unknown Sulfitobacter	Sulfitobacter	TAOJ22-1	Seawater	True	3	3	1.000	0.667	549	3	3	1.000	1	1	95.07	0.0	likely_legit
TAOJ22-1_SAMN27365863_MAG_00000055	Unknown Aquabacterium	Aquabacterium	TAOJ22-1	Seawater	True	3	3	1.000	0.667	597	3	3	1.000	2	2	84.67	2.49	likely_legit
TAOJ22-1_SAMN27365863_MAG_00000059	Telluria timonae	Telluria	TAOJ22-1	Seawater	True	3	3	0.667	0.667	587	3	3	1.000	3	3	65.52	1.72	likely_legit
TARA_SAMEA2591063_MAG_00000001	Pseudophaeobacter sp905479575	Pseudophaeobacter	TOPC	Seawater	True	3	3	0.667	0.667	602	3	3	1.000	2	2	52.59	3.45	likely_legit
TARA_SAMEA2591063_MAG_00000068	Alteromonas sp002335925	Alteromonas	TOPC	Seawater	True	3	3	1.000	0.667	579	3	3	1.000	2	3	54.02	0.0	likely_legit
TARA_SAMEA2591063_MAG_00000072	Afipia broomeae	Afipia	TOPC	Seawater	True	3	3	1.000	0.667	586	3	3	1.000	3	3	100.0	0.63	likely_legit
TARA_SAMEA2591074_MAG_00000063	Afipia broomeae	Afipia	TOPC	Seawater	True	3	3	1.000	0.333	436	3	3	1.000	1	1	97.28	2.48	likely_legit
TARA_SAMEA2591074_MAG_00000087	Alteromonas sp002691625	Alteromonas	TOPC	Seawater	True	3	3	1.000	0.667	579	3	3	1.000	2	3	97.21	0.51	likely_legit
TARA_SAMEA2591093_MAG_00000091	TMED26 sp003280605	TMED26	TOPC	Seawater	True	3	3	0.333	0.000	195	3	3	1.000	3	3	92.96	2.82	uncertain
TARA_SAMEA2591093_MAG_00000127	Afipia broomeae	Afipia	TOPC	Seawater	True	3	3	1.000	0.667	586	3	3	1.000	0	0	99.68	0.63	likely_legit
TARA_SAMEA2591094_MAG_00000009	Afipia broomeae	Afipia	TOPC	Seawater	True	3	3	1.000	0.667	586	3	3	1.000	0	0	100.0	0.63	likely_legit
TARA_SAMEA2611379_MAG_00000038	Unknown Henriciella	Henriciella	TOPC	Seawater	True	3	3	1.000	0.667	562	3	3	1.000	3	3	98.38	0.81	likely_legit
TARA_SAMEA2619398_MAG_00000011	Pseudophaeobacter sp000152965	Pseudophaeobacter	TOPC	Seawater	True	3	3	0.667	0.667	596	3	3	1.000	2	3	98.82	0.06	likely_legit
TARA_SAMEA2619443_MAG_00000075	Alteromonas sp002335925	Alteromonas	TOPC	Seawater	True	3	3	1.000	0.333	406	3	3	1.000	1	2	86.38	1.16	likely_legit
TARA_SAMEA2619505_MAG_00000078	Marinobacter flavimaris	Marinobacter	TOPC	Seawater	True	3	3	0.333	0.333	179	3	3	1.000	2	2	85.96	1.65	uncertain
TARA_SAMEA2619677_MAG_00000016	UBA1479 sp963972065	UBA1479	TOPC	Seawater	True	3	3	0.667	0.667	619	3	3	1.000	2	2	94.34	3.08	likely_legit
TARA_SAMEA2619754_MAG_00000034	UBA830 sp905479125	UBA830	TOPC	Seawater	True	3	3	0.667	0.333	416	3	3	1.000	1	1	69.52	1.74	likely_legit
TARA_SAMEA2619779_MAG_00000006	Actibacterium_A naphthalenivorans	Actibacterium_A	TOPC	Seawater	True	3	3	0.667	1.000	613	3	3	1.000	3	3	93.12	2.9	likely_legit
TARA_SAMEA2619791_MAG_00000033	Celeribacter baekdonensis_A	Celeribacter	TOPC	Seawater	True	3	3	1.000	0.667	602	3	3	1.000	1	1	98.33	0.0	likely_legit
TARA_SAMEA2619815_MAG_00000032	Unknown Amorphus	Amorphus	TOPC	Seawater	True	3	3	0.667	0.667	594	3	3	1.000	3	3	73.44	0.69	likely_legit
TARA_SAMEA2619815_MAG_00000041	Alloalcanivorax xenomutans	Alloalcanivorax	TOPC	Seawater	True	3	3	0.667	0.000	374	3	3	1.000	0	0	96.02	0.4	likely_legit
TARA_SAMEA2619832_MAG_00000010	Limnobacter sp002954425	Limnobacter	TOPC	Seawater	True	3	3	0.333	0.333	303	3	3	1.000	2	2	75.75	1.45	uncertain
TARA_SAMEA2619840_MAG_00000109	GCA-2717185 sp913044215	GCA-2717185	TOPC	Seawater	True	3	3	0.667	0.333	391	3	3	1.000	3	3	85.92	0.0	likely_legit
TARA_SAMEA2619907_MAG_00000068	GCA-2725445 sp002725445	GCA-2725445	TOPC	Seawater	True	3	3	0.667	0.333	400	3	3	1.000	3	3	97.18	1.41	likely_legit
TARA_SAMEA2619970_MAG_00000214	Unknown GCA-2731375	GCA-2731375	TOPC	Seawater	True	3	3	0.667	0.333	411	3	3	1.000	3	3	71.83	0.0	likely_legit
TARA_SAMEA2619970_MAG_00000231	Unknown JAPYRI01	JAPYRI01	TOPC	Seawater	True	3	3	1.000	0.333	429	3	3	1.000	3	3	90.14	1.41	likely_legit
TARA_SAMEA2619974_MAG_00000175	Blastomonas delafieldii_A	Blastomonas	TOPC	Seawater	True	3	3	1.000	0.333	407	3	3	1.000	1	1	77.46	0.0	likely_legit
TARA_SAMEA2619992_MAG_00000013	Unknown Amorphus	Amorphus	TOPC	Seawater	True	3	3	0.333	0.333	220	3	3	1.000	3	3	76.06	4.23	uncertain
TARA_SAMEA2620053_MAG_00000019	Halopseudomonas aestusnigri	Halopseudomonas	TOPC	Seawater	True	3	3	0.333	0.333	211	2	3	0.667	1	3	65.58	0.35	uncertain
TARA_SAMEA2620097_MAG_00000019	Casp-alpha2 sp002686255	Casp-alpha2	TOPC	Seawater	True	3	3	1.000	0.667	602	3	3	1.000	2	2	97.51	7.72	likely_legit
TARA_SAMEA2620097_MAG_00000150	UBA5680 sp002420425	UBA5680	TOPC	Seawater	True	3	3	1.000	0.667	501	3	3	1.000	2	2	92.96	4.23	likely_legit
TARA_SAMEA2620097_MAG_00000152	Alteromonas aggregata	Alteromonas	TOPC	Seawater	True	3	3	1.000	0.333	406	3	3	1.000	2	2	90.53	1.03	likely_legit
TARA_SAMEA2620120_MAG_00000011	Pacificimonas sp002375465	Pacificimonas	TOPC	Seawater	True	3	3	0.667	1.000	594	3	3	1.000	1	1	85.92	0.0	likely_legit
TARA_SAMEA2620139_MAG_00000007	Unknown Sulfitobacter	Sulfitobacter	TOPC	Seawater	True	3	3	0.667	0.667	569	3	3	1.000	2	2	87.32	1.41	likely_legit
TARA_SAMEA2620139_MAG_00000033	Salipiger bermudensis	Salipiger	TOPC	Seawater	True	3	3	0.667	0.667	580	3	3	1.000	1	1	96.01	0.6	likely_legit
TARA_SAMEA2620204_MAG_00000035	Abyssibacter profundi	Abyssibacter	TOPC	Seawater	True	3	3	0.000	0.000	122	2	3	0.667	3	3	92.83	1.35	likely_artifact
TARA_SAMEA2620249_MAG_00000015	Qipengyuania aurea	Qipengyuania	TOPC	Seawater	True	3	3	1.000	0.667	563	3	3	1.000	1	1	93.1	1.62	likely_legit
TARA_SAMEA2620256_MAG_00000020	Sneathiella sp002694385	Sneathiella	TOPC	Seawater	True	3	3	1.000	0.667	608	3	3	1.000	1	1	97.39	0.43	likely_legit
TARA_SAMEA2620355_MAG_00000015	Alteromonas sp002335925	Alteromonas	TOPC	Seawater	True	3	3	1.000	0.667	579	3	3	1.000	2	3	88.97	2.28	likely_legit
TARA_SAMEA2620379_MAG_00000010	Alteromonas sp002335925	Alteromonas	TOPC	Seawater	True	3	3	1.000	0.667	579	3	3	1.000	0	0	93.59	0.75	likely_legit
TARA_SAMEA2620379_MAG_00000027	Alteromonas aggregata	Alteromonas	TOPC	Seawater	True	3	3	1.000	0.667	578	3	3	1.000	2	2	91.2	0.81	likely_legit
TARA_SAMEA2620484_MAG_00000039	Hyphomonas sp017792385	Hyphomonas	TOPC	Seawater	True	3	3	1.000	0.667	547	3	3	1.000	3	3	74.93	1.54	likely_legit
TARA_SAMEA2620484_MAG_00000044	Unknown Qipengyuania	Qipengyuania	TOPC	Seawater	True	3	3	0.667	0.333	407	3	3	1.000	3	3	86.15	5.81	likely_legit
TARA_SAMEA2620663_MAG_00000021	Vreelandella lionensis	Vreelandella	TOPC	Seawater	True	3	3	1.000	1.000	617	3	3	1.000	3	3	92.63	2.98	likely_legit
TARA_SAMEA2620668_MAG_00000020	Hyphomonas sp002695785	Hyphomonas	TOPC	Seawater	True	3	3	1.000	0.667	563	3	3	1.000	3	3	91.7	1.14	likely_legit
TARA_SAMEA2620824_MAG_00000027	Marinobacter manganoxydans	Marinobacter	TOPC	Seawater	True	3	3	0.667	0.333	414	3	3	1.000	0	0	88.84	2.47	likely_legit
TARA_SAMEA2620925_MAG_00000015	Hyphomonas sp000682775	Hyphomonas	TOPC	Seawater	True	3	3	1.000	0.667	563	3	3	1.000	1	1	98.49	0.83	likely_legit
TARA_SAMEA2620967_MAG_00000026	Roseovarius mucosus	Roseovarius	TOPC	Seawater	True	3	3	1.000	1.000	611	2	3	0.667	2	2	96.14	1.33	likely_legit
TARA_SAMEA2621027_MAG_00000005	Alteromonas sp002335925	Alteromonas	TOPC	Seawater	True	3	3	1.000	0.667	579	3	3	1.000	1	1	91.84	1.43	likely_legit
TARA_SAMEA2621085_MAG_00000026	Hyphomonas atlantica	Hyphomonas	TOPC	Seawater	True	3	3	0.667	0.000	327	2	3	0.667	1	2	61.78	1.72	likely_legit
TARA_SAMEA2621092_MAG_00000059	Roseovarius mucosus	Roseovarius	TOPC	Seawater	True	3	3	1.000	0.667	601	2	3	0.667	1	1	94.55	1.45	likely_legit
TARA_SAMEA2621107_MAG_00000002	Roseovarius mucosus	Roseovarius	TOPC	Seawater	True	3	3	1.000	1.000	611	2	3	0.667	0	0	99.0	0.4	likely_legit
TARA_SAMEA2621132_MAG_00000081	UBA1479 sp964012715	UBA1479	TOPC	Seawater	True	3	3	0.667	0.667	622	3	3	1.000	3	3	91.18	2.49	likely_legit
TARA_SAMEA2621155_MAG_00000041	UBA1479 sp964012715	UBA1479	TOPC	Seawater	True	3	3	0.667	0.667	622	3	3	1.000	2	2	99.0	0.76	likely_legit
TARA_SAMEA2621167_MAG_00000011	Qipengyuania sp947258465	Qipengyuania	TOPC	Seawater	True	3	3	0.667	0.667	563	3	3	1.000	2	2	86.86	1.92	likely_legit
TARA_SAMEA2621191_MAG_00000027	Actibacterium_A naphthalenivorans	Actibacterium_A	TOPC	Seawater	True	3	3	0.667	1.000	613	3	3	1.000	3	3	95.82	1.61	likely_legit
TARA_SAMEA2621191_MAG_00000030	Roseovarius mucosus	Roseovarius	TOPC	Seawater	True	3	3	1.000	1.000	611	2	3	0.667	0	0	99.3	0.25	likely_legit
TARA_SAMEA2621198_MAG_00000011	UBA1479 sp964012715	UBA1479	TOPC	Seawater	True	3	3	0.333	0.333	429	3	3	1.000	2	2	60.44	1.0	uncertain
TARA_SAMEA2621204_MAG_00000070	UBA1479 sp964012715	UBA1479	TOPC	Seawater	True	3	3	0.333	0.333	429	3	3	1.000	1	1	93.73	1.24	uncertain
TARA_SAMEA2621209_MAG_00000010	Hyphomonas sp002700305	Hyphomonas	TOPC	Seawater	True	3	3	1.000	1.000	600	3	3	1.000	2	3	99.61	2.86	likely_legit
TARA_SAMEA2621216_MAG_00000072	Alteromonas sp002335925	Alteromonas	TOPC	Seawater	True	3	3	1.000	0.667	579	3	3	1.000	0	0	98.63	0.59	likely_legit
TARA_SAMEA2621222_MAG_00000127	Alteromonas sp002335925	Alteromonas	TOPC	Seawater	True	3	3	1.000	0.667	579	3	3	1.000	0	0	66.38	0.86	likely_legit
TARA_SAMEA2621225_MAG_00000009	Alteromonas sp950073835	Alteromonas	TOPC	Seawater	True	3	3	1.000	0.667	579	3	3	1.000	0	0	95.99	0.73	likely_legit
TARA_SAMEA2621242_MAG_00000020	Actibacterium_A naphthalenivorans	Actibacterium_A	TOPC	Seawater	True	3	3	0.667	1.000	613	3	3	1.000	1	1	98.64	1.89	likely_legit
TARA_SAMEA2621242_MAG_00000052	Sphingomonas sp002707985	Sphingomonas	TOPC	Seawater	True	3	3	1.000	0.667	583	3	3	1.000	3	3	97.78	1.65	likely_legit
TARA_SAMEA2621247_MAG_00000039	Hyphomonas sp036964145	Hyphomonas	TOPC	Seawater	True	3	3	1.000	0.667	610	3	3	1.000	3	3	50.0	0.0	likely_legit
TARA_SAMEA2621272_MAG_00000061	Limnobacter sp000170915	Limnobacter	TOPC	Seawater	True	3	3	0.667	0.333	408	3	3	1.000	2	2	98.59	0.0	likely_legit
TARA_SAMEA2621285_MAG_00000026	UBA1479 sp002325375	UBA1479	TOPC	Seawater	True	3	3	1.000	0.667	604	3	3	1.000	0	0	83.16	0.0	likely_legit
TARA_SAMEA2621287_MAG_00000099	Limnobacter sp000170915	Limnobacter	TOPC	Seawater	True	3	3	0.667	0.333	408	3	3	1.000	0	0	98.59	0.0	likely_legit
TARA_SAMEA2621298_MAG_00000078	Qipengyuania aurea	Qipengyuania	TOPC	Seawater	True	3	3	0.333	0.000	173	3	3	1.000	2	2	73.86	1.93	uncertain
TARA_SAMEA2621315_MAG_00000051	Tistrella mobilis	Tistrella	TOPC	Seawater	True	3	3	1.000	0.667	601	3	3	1.000	2	2	99.5	0.5	likely_legit
TARA_SAMEA2621388_MAG_00000020	Tistrella mobilis	Tistrella	TOPC	Seawater	True	3	3	1.000	0.667	601	3	3	1.000	0	0	98.01	1.0	likely_legit
TARA_SAMEA2621448_MAG_00000010	Leisingera aquimarina	Leisingera	TOPC	Seawater	True	3	3	0.000	0.333	318	3	3	1.000	2	3	80.28	1.41	likely_artifact
TARA_SAMEA2621470_MAG_00000066	Pseudophaeobacter sp000152965	Pseudophaeobacter	TOPC	Seawater	True	3	3	0.667	0.667	596	3	3	1.000	1	1	86.36	0.52	likely_legit
TARA_SAMEA2621470_MAG_00000096	SW4 sp002732825	SW4	TOPC	Seawater	True	3	3	1.000	0.667	590	3	3	1.000	2	2	94.37	0.0	likely_legit
TARA_SAMEA2621528_MAG_00000021	Loktanella salsilacus	Loktanella	TOPC	Seawater	True	3	3	1.000	0.333	436	3	3	1.000	2	3	97.68	0.76	likely_legit
TARA_SAMEA2621528_MAG_00000034	Roseovarius nitratireducens	Roseovarius	TOPC	Seawater	True	3	3	0.667	0.667	603	3	3	1.000	2	2	98.08	0.68	likely_legit
TARA_SAMEA2621724_MAG_00000053	Vreelandella aquamarina	Vreelandella	TOPC	Seawater	True	3	3	0.333	0.333	360	2	3	0.667	3	3	73.77	1.09	uncertain
TARA_SAMEA2621823_MAG_00000058	Marinibacterium anthonyi	Marinibacterium	TOPC	Seawater	True	3	3	0.667	1.000	614	3	3	1.000	2	2	98.72	0.53	likely_legit
TARA_SAMEA2621839_MAG_00000276	Cycloclasticus sp002700385	Cycloclasticus	TOPC	Seawater	True	3	3	0.333	0.000	264	3	3	1.000	3	3	69.01	0.0	uncertain
TARA_SAMEA2621859_MAG_00000118	Cycloclasticus sp002700385	Cycloclasticus	TOPC	Seawater	True	3	3	1.000	0.667	575	3	3	1.000	2	2	98.59	0.0	likely_legit
TARA_SAMEA2621872_MAG_00000027	Cycloclasticus sp002700385	Cycloclasticus	TOPC	Seawater	True	3	3	1.000	0.333	408	3	3	1.000	2	2	59.15	0.0	likely_legit
TARA_SAMEA2621872_MAG_00000041	Hyphomonas sp002700305	Hyphomonas	TOPC	Seawater	True	3	3	1.000	1.000	600	3	3	1.000	0	0	95.1	3.08	likely_legit
TARA_SAMEA2621897_MAG_00000017	Variovorax sp900115375	Variovorax	TOPC	Seawater	True	3	3	1.000	0.667	555	3	3	1.000	3	3	95.77	9.86	likely_legit
TARA_SAMEA2621897_MAG_00000036	Methylobacterium fujisawaense	Methylobacterium	TOPC	Seawater	True	3	3	1.000	0.667	614	3	3	1.000	3	3	88.58	0.94	likely_legit
TARA_SAMEA2621920_MAG_00000084	Cycloclasticus sp002700385	Cycloclasticus	TOPC	Seawater	True	3	3	1.000	0.667	575	3	3	1.000	0	0	68.37	1.51	likely_legit
TARA_SAMEA2622012_MAG_00000007	HT1-32 sp009649675	HT1-32	TOPC	Seawater	True	3	3	1.000	0.667	588	3	3	1.000	3	3	98.01	0.5	likely_legit
TARA_SAMEA2622012_MAG_00000020	Unknown Terasakiella	Terasakiella	TOPC	Seawater	True	3	3	1.000	0.667	579	3	3	1.000	3	3	100.0	0.0	likely_legit
TARA_SAMEA2622012_MAG_00000026	Alteromonas sp950073835	Alteromonas	TOPC	Seawater	True	3	3	1.000	0.667	579	3	3	1.000	0	0	98.59	1.41	likely_legit
TARA_SAMEA2622119_MAG_00000009	UBA1479 sp913030825	UBA1479	TOPC	Seawater	True	3	3	1.000	0.667	611	3	3	1.000	3	3	97.51	0.25	likely_legit
TARA_SAMEA2622197_MAG_00000028	Venatoribacter sp002314145	Venatoribacter	TOPC	Seawater	True	3	3	1.000	0.667	609	3	3	1.000	3	3	98.27	0.73	likely_legit
TARA_SAMEA2622206_MAG_00000015	Venatoribacter sp002314145	Venatoribacter	TOPC	Seawater	True	3	3	1.000	0.667	609	3	3	1.000	0	0	99.13	0.73	likely_legit
TARA_SAMEA2622212_MAG_00000003	Parvibaculum sp002684405	Parvibaculum	TOPC	Seawater	True	3	3	1.000	0.333	476	3	3	1.000	2	2	98.48	0.0	likely_legit
TARA_SAMEA2622212_MAG_00000022	Marinobacter_A sp002717955	Marinobacter_A	TOPC	Seawater	True	3	3	0.000	0.000	126	3	3	1.000	2	3	82.18	1.15	likely_artifact
TARA_SAMEA2622232_MAG_00000001	Alteromonas sp950073835	Alteromonas	TOPC	Seawater	True	3	3	1.000	0.667	579	3	3	1.000	0	0	99.5	0.74	likely_legit
TARA_SAMEA2622305_MAG_00000007	Alteromonas sp950073835	Alteromonas	TOPC	Seawater	True	3	3	1.000	0.667	579	3	3	1.000	0	0	76.83	1.24	likely_legit
TARA_SAMEA2622325_MAG_00000011	Hyphomonas sp002700305	Hyphomonas	TOPC	Seawater	True	3	3	1.000	1.000	563	3	3	1.000	1	1	91.35	2.16	likely_legit
TARA_SAMEA2622343_MAG_00000016	Roseovarius sp002720475	Roseovarius	TOPC	Seawater	True	3	3	0.333	0.667	601	3	3	1.000	1	1	52.49	0.6	uncertain
TARA_SAMEA2622345_MAG_00000029	Hyphomonas adhaerens	Hyphomonas	TOPC	Seawater	True	3	3	1.000	1.000	586	3	3	1.000	0	0	61.83	2.59	likely_legit
TARA_SAMEA2622376_MAG_00000103	Venatoribacter sp002314145	Venatoribacter	TOPC	Seawater	True	3	3	1.000	0.667	609	3	3	1.000	0	0	98.7	0.73	likely_legit
TARA_SAMEA2622389_MAG_00000018	Venatoribacter sp002314145	Venatoribacter	TOPC	Seawater	True	3	3	1.000	0.667	609	3	3	1.000	0	0	98.7	0.73	likely_legit
TARA_SAMEA2622391_MAG_00000007	Salinisphaera sp002433465	Salinisphaera	TOPC	Seawater	True	3	3	0.667	0.333	381	3	3	1.000	3	3	95.77	0.0	likely_legit
TARA_SAMEA2622402_MAG_00000082	Hyphomonas adhaerens	Hyphomonas	TOPC	Seawater	True	3	3	0.667	0.333	459	3	3	1.000	2	2	60.02	1.06	likely_legit
TARA_SAMEA2622461_MAG_00000016	Venatoribacter sp002314145	Venatoribacter	TOPC	Seawater	True	3	3	1.000	0.667	609	3	3	1.000	0	0	95.51	2.02	likely_legit
TARA_SAMEA2622489_MAG_00000025	Salinisphaera sp002433465	Salinisphaera	TOPC	Seawater	True	3	3	0.667	0.333	382	3	3	1.000	1	1	92.96	1.41	likely_legit
TARA_SAMEA2622517_MAG_00000002	Porticoccus hydrocarbonoclasticus	Porticoccus	TOPC	Seawater	True	3	3	0.667	0.667	595	2	3	0.667	2	2	93.3	2.9	likely_legit
TARA_SAMEA2622536_MAG_00000005	Salinisphaera sp002433465	Salinisphaera	TOPC	Seawater	True	3	3	0.667	0.333	382	3	3	1.000	0	0	91.55	1.41	likely_legit
TARA_SAMEA2622561_MAG_00000013	Salinisphaera sp002433465	Salinisphaera	TOPC	Seawater	True	3	3	0.667	0.333	382	3	3	1.000	0	0	98.59	2.82	likely_legit
TARA_SAMEA2622584_MAG_00000052	Pacificitalea manganoxidans	Pacificitalea	TOPC	Seawater	True	3	3	1.000	0.667	585	3	3	1.000	0	0	100.0	0.0	likely_legit
TARA_SAMEA2622614_MAG_00000041	Stappia sp002722295	Stappia	TOPC	Seawater	True	3	3	0.667	0.333	456	3	3	1.000	2	2	78.87	0.0	likely_legit
TARA_SAMEA2622619_MAG_00000060	Unknown JAVJON01	JAVJON01	TOPC	Seawater	True	3	3	1.000	0.667	652	3	3	1.000	0	0	98.51	1.63	likely_legit
TARA_SAMEA2622678_MAG_00000031	Alteromonas aggregata	Alteromonas	TOPC	Seawater	True	3	3	1.000	0.667	578	3	3	1.000	0	0	95.31	1.46	likely_legit
TARA_SAMEA2622690_MAG_00000106	Onishia taeanensis_B	Onishia	TOPC	Seawater	True	3	3	0.667	1.000	610	3	3	1.000	3	3	98.76	0.54	likely_legit
TARA_SAMEA2622696_MAG_00000042	Salinisphaera sp002433465	Salinisphaera	TOPC	Seawater	True	3	3	0.667	0.333	382	3	3	1.000	1	1	97.18	1.41	likely_legit
TARA_SAMEA2622737_MAG_00000041	Alteromonas aggregata	Alteromonas	TOPC	Seawater	True	3	3	1.000	0.667	578	3	3	1.000	0	0	77.74	2.59	likely_legit
TARA_SAMEA2622738_MAG_00000043	Alteromonas aggregata	Alteromonas	TOPC	Seawater	True	3	3	1.000	0.667	578	3	3	1.000	0	0	97.72	1.12	likely_legit
TARA_SAMEA2622744_MAG_00000002	Alteromonas aggregata	Alteromonas	TOPC	Seawater	True	3	3	1.000	0.667	578	3	3	1.000	0	0	97.75	1.99	likely_legit
TARA_SAMEA2622759_MAG_00000246	Thalassospira sp002709775	Thalassospira	TOPC	Seawater	True	3	3	0.667	0.333	381	3	3	1.000	3	3	98.84	1.49	likely_legit
TARA_SAMEA2622765_MAG_00000013	Stappia sp002722295	Stappia	TOPC	Seawater	True	3	3	0.667	1.000	636	3	3	1.000	0	0	97.78	0.95	likely_legit
TARA_SAMEA2622765_MAG_00000136	Unknown UBA6544	UBA6544	TOPC	Seawater	True	3	3	0.333	0.000	270	3	3	1.000	3	3	54.43	1.52	uncertain
TARA_SAMEA2622766_MAG_00000112	Thalassospira sp002709775	Thalassospira	TOPC	Seawater	True	3	3	0.667	0.333	381	3	3	1.000	0	0	97.18	0.0	likely_legit
TARA_SAMEA2622804_MAG_00000062	Marinibacterium sp002709405	Marinibacterium	TOPC	Seawater	True	3	3	0.667	1.000	659	3	3	1.000	3	3	98.05	2.41	likely_legit
TARA_SAMEA2622823_MAG_00000330	TMED2 sp002168225	TMED2	TOPC	Seawater	True	3	3	1.000	0.333	431	3	3	1.000	2	2	66.2	2.82	likely_legit
TARA_SAMEA2622837_MAG_00000118	TMED2 sp002168225	TMED2	TOPC	Seawater	True	3	3	1.000	0.667	609	3	3	1.000	1	1	91.78	1.89	likely_legit
TARA_SAMEA2622837_MAG_00000189	UBA3002 sp002346425	UBA3002	TOPC	Seawater	True	3	3	0.667	0.333	456	3	3	1.000	3	3	95.6	0.0	likely_legit
TARA_SAMEA2622846_MAG_00000046	Qipengyuania aurea	Qipengyuania	TOPC	Seawater	True	3	3	1.000	0.667	563	3	3	1.000	0	0	95.78	1.33	likely_legit
TARA_SAMEA2622893_MAG_00000030	Unknown Yoonia	Yoonia	TOPC	Seawater	True	3	3	0.667	0.000	424	3	3	1.000	3	3	52.11	0.0	likely_legit
TARA_SAMEA2622997_MAG_00000035	Roseibium algicola	Roseibium	TOPC	Seawater	True	3	3	0.667	1.000	602	3	3	1.000	3	3	98.59	0.0	likely_legit
TARA_SAMEA2622997_MAG_00000047	Qipengyuania aurea	Qipengyuania	TOPC	Seawater	True	3	3	1.000	0.667	563	3	3	1.000	0	0	99.54	0.74	likely_legit
TARA_SAMEA2623037_MAG_00000015	Unknown Aquabacterium	Aquabacterium	TOPC	Seawater	True	3	3	1.000	1.000	600	3	3	1.000	1	1	97.96	0.05	likely_legit
TARA_SAMEA2623037_MAG_00000037	Tistrella mobilis	Tistrella	TOPC	Seawater	True	3	3	1.000	0.333	422	3	3	1.000	2	2	95.65	2.42	likely_legit
TARA_SAMEA2623054_MAG_00000003	Cupriavidus campinensis	Cupriavidus	TOPC	Seawater	True	3	3	0.667	1.000	629	3	3	1.000	1	1	96.51	0.82	likely_legit
TARA_SAMEA2623054_MAG_00000084	Marinibacterium sp002709405	Marinibacterium	TOPC	Seawater	True	3	3	0.667	0.667	607	3	3	1.000	1	1	88.44	2.94	likely_legit
TARA_SAMEA2623054_MAG_00000089	Unknown Aquabacterium	Aquabacterium	TOPC	Seawater	True	3	3	1.000	1.000	600	3	3	1.000	0	0	97.02	0.0	likely_legit
TARA_SAMEA2623054_MAG_00000090	Tistrella mobilis	Tistrella	TOPC	Seawater	True	3	3	1.000	0.667	601	3	3	1.000	0	0	98.51	1.66	likely_legit
TARA_SAMEA2623108_MAG_00000033	Unknown Salinisphaera	Salinisphaera	TOPC	Seawater	True	3	3	0.667	0.333	382	3	3	1.000	3	3	78.87	8.45	likely_legit
TARA_SAMEA2623108_MAG_00000042	Unknown Allosediminivita	Allosediminivita	TOPC	Seawater	True	3	3	0.333	0.333	421	3	3	1.000	2	2	73.58	3.51	uncertain
TARA_SAMEA2623108_MAG_00000073	Marinibacterium sp002709405	Marinibacterium	TOPC	Seawater	True	3	3	0.667	1.000	659	3	3	1.000	0	0	93.03	1.42	likely_legit
TARA_SAMEA2623264_MAG_00000025	Variovorax sp900115375	Variovorax	TOPC	Seawater	True	3	3	1.000	0.667	555	3	3	1.000	2	2	71.13	1.08	likely_legit
TARA_SAMEA2623264_MAG_00000058	GCA-2700365 sp002700365	GCA-2700365	TOPC	Seawater	True	3	3	1.000	0.667	605	3	3	1.000	3	3	95.11	0.45	likely_legit
TARA_SAMEA2623266_MAG_00000042	Variovorax sp900115375	Variovorax	TOPC	Seawater	True	3	3	1.000	0.667	555	3	3	1.000	1	1	90.14	4.23	likely_legit
TARA_SAMEA2623282_MAG_00000037	Qipengyuania aurea	Qipengyuania	TOPC	Seawater	True	3	3	0.667	0.667	563	3	3	1.000	3	3	76.43	2.43	likely_legit
TARA_SAMEA2623284_MAG_00000015	Variovorax sp900115375	Variovorax	TOPC	Seawater	True	3	3	1.000	0.667	555	3	3	1.000	0	0	98.79	0.75	likely_legit
TARA_SAMEA2623284_MAG_00000040	Methylobacterium fujisawaense	Methylobacterium	TOPC	Seawater	True	3	3	1.000	0.667	614	3	3	1.000	0	0	100.0	0.0	likely_legit
TARA_SAMEA2623321_MAG_00000133	Methylobacterium fujisawaense	Methylobacterium	TOPC	Seawater	True	3	3	1.000	0.667	614	3	3	1.000	1	1	97.96	0.71	likely_legit
TARA_SAMEA2623327_MAG_00000029	Thalassospira lucentensis	Thalassospira	TOPC	Seawater	True	3	3	0.667	0.000	375	2	3	0.667	2	3	92.96	1.41	likely_legit
TARA_SAMEA2623357_MAG_00000002	Salinisphaera sp002729955	Salinisphaera	TOPC	Seawater	True	3	3	0.667	0.333	381	3	3	1.000	3	3	98.59	0.0	likely_legit
TARA_SAMEA2623359_MAG_00000023	Salinisphaera sp002729955	Salinisphaera	TOPC	Seawater	True	3	3	0.667	0.333	382	3	3	1.000	1	1	94.37	0.0	likely_legit
TARA_SAMEA2623377_MAG_00000005	Salinisphaera sp002729955	Salinisphaera	TOPC	Seawater	True	3	3	0.667	0.333	382	3	3	1.000	0	0	97.42	2.82	likely_legit
TARA_SAMEA2623379_MAG_00000026	Marinobacterium_D litorale	Marinobacterium_D	TOPC	Seawater	True	3	3	1.000	0.667	578	3	3	1.000	1	1	99.14	0.57	likely_legit
TARA_SAMEA2623390_MAG_00000007	Unknown GCA-2731375	GCA-2731375	TOPC	Seawater	True	3	3	0.667	0.333	411	3	3	1.000	2	2	91.58	0.71	likely_legit
TARA_SAMEA2623390_MAG_00000008	Unknown Albimonas	Albimonas	TOPC	Seawater	True	3	3	1.000	0.667	605	3	3	1.000	3	3	96.0	0.73	likely_legit
TARA_SAMEA2623390_MAG_00000085	UBA12578 sp002729195	UBA12578	TOPC	Seawater	True	3	3	1.000	0.667	574	3	3	1.000	0	0	95.77	0.0	likely_legit
TARA_SAMEA2623397_MAG_00000042	Marinobacterium_D litorale	Marinobacterium_D	TOPC	Seawater	True	3	3	1.000	0.667	578	3	3	1.000	0	0	100.0	0.0	likely_legit
TARA_SAMEA2623397_MAG_00000090	Methylobacterium fujisawaense	Methylobacterium	TOPC	Seawater	True	3	3	1.000	0.667	614	3	3	1.000	0	0	100.0	0.0	likely_legit
TARA_SAMEA2623397_MAG_00000147	UBA12578 sp002729195	UBA12578	TOPC	Seawater	True	3	3	0.667	0.333	352	3	3	1.000	1	1	97.18	2.82	likely_legit
TARA_SAMEA2623403_MAG_00000003	Hyphomonas sp000682775	Hyphomonas	TOPC	Seawater	True	3	3	0.667	0.667	515	3	3	1.000	3	3	67.45	1.46	likely_legit
TARA_SAMEA2623446_MAG_00000005	Salinisphaera sp017744135	Salinisphaera	TOPC	Seawater	True	3	3	0.667	0.333	383	3	3	1.000	3	3	83.1	2.82	likely_legit
TARA_SAMEA2623477_MAG_00000028	Hyphomonas sp002700305	Hyphomonas	TOPC	Seawater	True	3	3	1.000	0.667	600	3	3	1.000	1	1	96.11	3.0	likely_legit
TARA_SAMEA2623479_MAG_00000013	L1I39 sp028863665	L1I39	TOPC	Seawater	True	3	3	0.667	1.000	602	3	3	1.000	2	3	98.63	0.0	likely_legit
TARA_SAMEA2623479_MAG_00000037	Unknown Sphingomonas	Sphingomonas	TOPC	Seawater	True	3	3	1.000	0.667	584	3	3	1.000	2	2	98.59	2.82	likely_legit
TARA_SAMEA2623513_MAG_00000048	Salinisphaera sp017744135	Salinisphaera	TOPC	Seawater	True	3	3	0.667	0.333	383	3	3	1.000	0	0	92.58	3.32	likely_legit
TARA_SAMEA2623513_MAG_00000088	Unknown Alteromonas	Alteromonas	TOPC	Seawater	True	3	3	1.000	0.333	406	3	3	1.000	3	3	50.5	3.45	likely_legit
TARA_SAMEA2623523_MAG_00000050	Pseudooceanicola alkaliphilus_A	Pseudooceanicola	TOPC	Seawater	True	3	3	1.000	0.667	600	3	3	1.000	2	3	95.63	2.33	likely_legit
TARA_SAMEA2623523_MAG_00000062	Unknown Pseudooceanicola	Pseudooceanicola	TOPC	Seawater	True	3	3	0.667	0.667	560	3	3	1.000	2	2	97.06	2.04	likely_legit
TARA_SAMEA2623523_MAG_00000070	Unknown Allosediminivita	Allosediminivita	TOPC	Seawater	True	3	3	0.667	0.667	596	3	3	1.000	2	2	91.27	2.19	likely_legit
TARA_SAMEA2623523_MAG_00000086	Methylobacterium fujisawaense	Methylobacterium	TOPC	Seawater	True	3	3	1.000	0.667	614	3	3	1.000	1	1	100.0	0.0	likely_legit
TARA_SAMEA2623523_MAG_00000092	Unknown Aquabacterium	Aquabacterium	TOPC	Seawater	True	3	3	1.000	1.000	600	3	3	1.000	0	0	98.5	0.38	likely_legit
TARA_SAMEA2623523_MAG_00000113	Unknown Pseudodonghicola	Pseudodonghicola	TOPC	Seawater	True	3	3	0.667	0.333	431	3	3	1.000	3	3	89.78	3.83	likely_legit
TARA_SAMEA2623562_MAG_00000025	Modicisalibacter zincidurans	Modicisalibacter	TOPC	Seawater	True	3	3	1.000	1.000	640	3	3	1.000	0	0	98.59	0.0	likely_legit
TARA_SAMEA2623564_MAG_00000048	Modicisalibacter zincidurans	Modicisalibacter	TOPC	Seawater	True	3	3	1.000	1.000	640	3	3	1.000	0	0	98.59	0.0	likely_legit
TARA_SAMEA2623601_MAG_00000036	Unknown Oricola	Oricola	TOPC	Seawater	True	3	3	0.667	1.000	596	3	3	1.000	3	3	92.99	2.8	likely_legit
TARA_SAMEA2623601_MAG_00000051	Luteithermobacter gelatinilyticus	Luteithermobacter	TOPC	Seawater	True	3	3	1.000	0.000	429	3	3	1.000	1	1	90.14	1.41	likely_legit
TARA_SAMEA2623601_MAG_00000106	Unknown Roseibium	Roseibium	TOPC	Seawater	True	3	3	0.333	0.333	461	3	3	1.000	3	3	74.56	0.74	uncertain
TARA_SAMEA2623621_MAG_00000016	Salipiger thiooxidans	Salipiger	TOPC	Seawater	True	3	3	1.000	0.667	586	3	3	1.000	2	3	96.97	2.26	likely_legit
TARA_SAMEA2623667_MAG_00000020	Salipiger thiooxidans	Salipiger	TOPC	Seawater	True	3	3	1.000	0.667	586	3	3	1.000	1	1	86.39	2.99	likely_legit
TARA_SAMEA2623667_MAG_00000043	Unknown Allosediminivita	Allosediminivita	TOPC	Seawater	True	3	3	0.333	0.333	421	3	3	1.000	1	1	100.0	1.41	uncertain
TARA_SAMEA2623673_MAG_00000127	Cycloclasticus sp002700385	Cycloclasticus	TOPC	Seawater	True	3	3	0.667	0.333	408	3	3	1.000	1	1	94.82	1.84	likely_legit
TARA_SAMEA2623703_MAG_00000016	Salipiger thiooxidans	Salipiger	TOPC	Seawater	True	3	3	1.000	0.667	586	3	3	1.000	0	0	96.83	2.24	likely_legit
TARA_SAMEA2623741_MAG_00000050	Hyphococcus sp002704915	Hyphococcus	TOPC	Seawater	True	3	3	1.000	1.000	627	3	3	1.000	2	3	100.0	0.0	likely_legit
TARA_SAMEA2623741_MAG_00000080	Unknown Roseibium	Roseibium	TOPC	Seawater	True	3	3	0.667	1.000	616	3	3	1.000	2	2	71.15	1.21	likely_legit
TARA_SAMEA2623763_MAG_00000063	Salipiger thiooxidans	Salipiger	TOPC	Seawater	True	3	3	1.000	0.667	586	3	3	1.000	0	0	98.14	2.69	likely_legit
TARA_SAMEA2623799_MAG_00000005	Salipiger thiooxidans	Salipiger	TOPC	Seawater	True	3	3	1.000	0.667	586	3	3	1.000	0	0	97.99	1.33	likely_legit
TARA_SAMEA2623837_MAG_00000065	Unknown Oricola	Oricola	TOPC	Seawater	True	3	3	0.667	1.000	596	3	3	1.000	0	0	97.15	4.37	likely_legit
TARA_SAMEA2623861_MAG_00000014	Unknown Aquabacterium	Aquabacterium	TOPC	Seawater	True	3	3	1.000	1.000	600	3	3	1.000	0	0	99.79	0.47	likely_legit
TARA_SAMEA2623907_MAG_00000080	UBA3002 sp002346425	UBA3002	TOPC	Seawater	True	3	3	1.000	0.333	456	3	3	1.000	1	1	92.96	0.0	likely_legit
TARA_SAMEA2656959_MAG_00000009	Unknown Terasakiella	Terasakiella	TOPC	Seawater	True	3	3	1.000	0.667	579	3	3	1.000	0	0	100.0	0.0	likely_legit
TARA_SAMEA2730749_MAG_00000004	JASMHC01 sp030750975	JASMHC01	TOPC	Seawater	True	3	3	0.667	0.667	596	3	3	1.000	2	3	87.86	0.91	likely_legit
TARA_SAMEA2730749_MAG_00000053	Unknown Oceanospirillum	Oceanospirillum	TOPC	Seawater	True	3	3	0.667	0.333	431	3	3	1.000	2	3	98.59	0.0	likely_legit
TARA_SAMEA2730749_MAG_00000069	Unknown GCA-2746425	GCA-2746425	TOPC	Seawater	True	3	3	0.667	1.000	601	3	3	1.000	3	3	100.0	0.0	likely_legit
TARA_SAMEA2730749_MAG_00000082	Unknown JAHQVK01	JAHQVK01	TOPC	Seawater	True	3	3	0.667	0.333	359	3	3	1.000	3	3	98.59	1.41	likely_legit
TARA_SAMEA2730749_MAG_00000104	Unknown Vreelandella	Vreelandella	TOPC	Seawater	True	3	3	0.667	0.333	437	3	3	1.000	3	3	56.34	4.23	likely_legit
TARA_SAMEA2730749_MAG_00000122	Unknown Phaeobacter_A	Phaeobacter_A	TOPC	Seawater	True	3	3	0.667	0.667	602	3	3	1.000	2	3	97.7	0.48	likely_legit
TARA_SAMEA2730900_MAG_00000009	Rickettsia felis	Rickettsia	TOPC	Seawater	True	3	3	1.000	0.333	426	3	3	1.000	3	3	99.05	0.17	likely_legit
TARA_SAMEA2730908_MAG_00000028	Halomonas litopenaei	Halomonas	TOPC	Seawater	True	3	3	1.000	1.000	598	3	3	1.000	2	2	97.18	0.0	likely_legit
TARA_SAMEA2730908_MAG_00000053	Qipengyuania sp950071875	Qipengyuania	TOPC	Seawater	True	3	3	1.000	0.667	563	3	3	1.000	1	1	78.94	6.41	likely_legit
TARA_SAMEA4396489_MAG_00000036	Unknown Hoeflea	Hoeflea	TOPC	Seawater	True	3	3	0.667	0.667	600	3	3	1.000	3	3	98.84	0.58	likely_legit
TARA_SAMEA4396489_MAG_00000073	Oceanibaculum nanhaiense	Oceanibaculum	TOPC	Seawater	True	3	3	1.000	0.667	602	3	3	1.000	0	0	90.94	1.09	likely_legit
TARA_SAMEA4396515_MAG_00000008	Hyphomonas sp963973995	Hyphomonas	TOPC	Seawater	True	3	3	0.000	0.000	197	2	3	0.667	2	3	64.0	0.65	likely_artifact
TARA_SAMEA4396515_MAG_00000009	Unknown Nisaea	Nisaea	TOPC	Seawater	True	3	3	0.667	0.333	437	3	3	1.000	3	3	95.51	0.43	likely_legit
TARA_SAMEA4396515_MAG_00000058	Thalassospira sp963976115	Thalassospira	TOPC	Seawater	True	3	3	1.000	0.667	600	3	3	1.000	3	3	95.78	0.0	likely_legit
TARA_SAMEA4396515_MAG_00000077	Nisaea sp963974195	Nisaea	TOPC	Seawater	True	3	3	1.000	0.667	600	3	3	1.000	1	1	97.29	1.01	likely_legit
TARA_SAMEA4396515_MAG_00000088	Jannaschia helgolandensis	Jannaschia	TOPC	Seawater	True	3	3	0.667	1.000	603	3	3	1.000	3	3	94.9	1.15	likely_legit
TARA_SAMEA4396941_MAG_00000021	Unknown Hyphomonas	Hyphomonas	TOPC	Seawater	True	3	3	1.000	1.000	610	3	3	1.000	3	3	88.31	1.08	likely_legit
TARA_SAMEA4396941_MAG_00000022	CAXBMB01 sp963976695	CAXBMB01	TOPC	Seawater	True	3	3	1.000	0.000	463	3	3	1.000	3	3	64.83	0.22	likely_legit
TARA_SAMEA4396941_MAG_00000026	Abyssibius alkaniclasticus	Abyssibius	TOPC	Seawater	True	3	3	0.667	0.667	594	3	3	1.000	3	3	96.0	0.43	likely_legit
TARA_SAMEA4396941_MAG_00000030	Jannaschia helgolandensis	Jannaschia	TOPC	Seawater	True	3	3	0.667	1.000	603	3	3	1.000	3	3	98.59	0.0	likely_legit
TARA_SAMEA4396941_MAG_00000067	UBA7359 sp963976795	UBA7359	TOPC	Seawater	True	3	3	0.667	0.667	587	3	3	1.000	3	3	100.0	2.82	likely_legit
TARA_SAMEA4396941_MAG_00000089	Maricaulis sp963976135	Maricaulis	TOPC	Seawater	True	3	3	1.000	1.000	618	3	3	1.000	3	3	75.0	0.0	likely_legit
TARA_SAMEA4396941_MAG_00000093	UBA830 sp963974055	UBA830	TOPC	Seawater	True	3	3	0.667	0.333	409	3	3	1.000	3	3	91.77	1.24	likely_legit
TARA_SAMEA4396941_MAG_00000109	Unknown Pseudorhodobacter	Pseudorhodobacter	TOPC	Seawater	True	3	3	1.000	1.000	612	3	3	1.000	3	3	89.99	1.01	likely_legit
TARA_SAMEA4396941_MAG_00000130	Unknown JBEPTK01	JBEPTK01	TOPC	Seawater	True	3	3	0.667	0.333	415	3	3	1.000	3	3	77.45	0.5	likely_legit
TARA_SAMEA4396941_MAG_00000135	Sulfitobacter sp011050655	Sulfitobacter	TOPC	Seawater	True	3	3	0.667	0.333	484	3	3	1.000	1	1	78.22	5.12	likely_legit
TARA_SAMEA4396941_MAG_00000143	GCA-2746425 sp963974065	GCA-2746425	TOPC	Seawater	True	3	3	0.667	1.000	608	3	3	1.000	3	3	100.0	0.0	likely_legit
TARA_SAMEA4396941_MAG_00000161	Cycloclasticus pugetii	Cycloclasticus	TOPC	Seawater	True	3	3	0.333	0.667	515	3	3	1.000	2	2	71.95	0.09	uncertain
TARA_SAMEA4396988_MAG_00000049	Hyphomonas sp963973995	Hyphomonas	TOPC	Seawater	True	3	3	1.000	1.000	610	3	3	1.000	2	3	88.73	0.0	likely_legit
TARA_SAMEA4396988_MAG_00000054	Neptuniibacter pectenicola	Neptuniibacter	TOPC	Seawater	True	3	3	1.000	0.667	586	3	3	1.000	3	3	77.59	0.0	likely_legit
TARA_SAMEA4396988_MAG_00000072	Oceanibaculum nanhaiense	Oceanibaculum	TOPC	Seawater	True	3	3	0.667	0.333	417	3	3	1.000	2	2	79.61	0.87	likely_legit
TARA_SAMEA4396988_MAG_00000096	Nisaea sp963974195	Nisaea	TOPC	Seawater	True	3	3	1.000	0.667	600	3	3	1.000	0	0	100.0	1.73	likely_legit
TARA_SAMEA4396988_MAG_00000109	Thalassospira sp963976115	Thalassospira	TOPC	Seawater	True	3	3	1.000	0.667	600	3	3	1.000	3	3	94.8	0.0	likely_legit
TARA_SAMEA4397004_MAG_00000098	Unknown Sphingobium	Sphingobium	TOPC	Seawater	True	3	3	1.000	0.333	408	3	3	1.000	3	3	97.18	0.0	likely_legit
TARA_SAMEA4397004_MAG_00000114	Aquabacterium commune	Aquabacterium	TOPC	Seawater	True	3	3	1.000	0.667	597	3	3	1.000	3	3	93.65	1.4	likely_legit
TARA_SAMEA4397023_MAG_00000019	Unknown Yoonia	Yoonia	TOPC	Seawater	True	3	3	1.000	1.000	585	3	3	1.000	1	1	96.36	0.41	likely_legit
TARA_SAMEA4397023_MAG_00000025	Thalassospira sp963976115	Thalassospira	TOPC	Seawater	True	3	3	1.000	0.667	600	3	3	1.000	0	0	100.0	0.0	likely_legit
TARA_SAMEA4397023_MAG_00000085	Sulfitobacter sp011050655	Sulfitobacter	TOPC	Seawater	True	3	3	0.667	0.333	484	3	3	1.000	1	1	81.4	1.29	likely_legit
TARA_SAMEA4397023_MAG_00000110	Sulfitobacter sp013139555	Sulfitobacter	TOPC	Seawater	True	3	3	1.000	0.667	602	3	3	1.000	0	0	98.72	6.08	likely_legit
TARA_SAMEA4397023_MAG_00000111	UBA830 sp963974055	UBA830	TOPC	Seawater	True	3	3	0.667	0.333	409	3	3	1.000	2	2	91.55	0.0	likely_legit
TARA_SAMEA4397051_MAG_00000003	Jannaschia helgolandensis	Jannaschia	TOPC	Seawater	True	3	3	0.667	1.000	603	3	3	1.000	0	0	100.0	0.0	likely_legit
TARA_SAMEA4397051_MAG_00000025	Hyphomonas sp963973995	Hyphomonas	TOPC	Seawater	True	3	3	1.000	1.000	610	3	3	1.000	0	0	64.83	0.0	likely_legit
TARA_SAMEA4397051_MAG_00000050	Thalassospira sp963976115	Thalassospira	TOPC	Seawater	True	3	3	1.000	0.667	600	3	3	1.000	2	2	100.0	0.0	likely_legit
TARA_SAMEA4397118_MAG_00000009	Vreelandella sp000235725	Vreelandella	TOPC	Seawater	True	3	3	1.000	1.000	636	3	3	1.000	1	1	85.92	2.3	likely_legit
TARA_SAMEA4397118_MAG_00000015	Hyphomonas sp963973995	Hyphomonas	TOPC	Seawater	True	3	3	1.000	1.000	610	3	3	1.000	0	0	95.53	0.67	likely_legit
TARA_SAMEA4397118_MAG_00000046	Maricaulis sp963976135	Maricaulis	TOPC	Seawater	True	3	3	1.000	1.000	618	3	3	1.000	2	2	88.73	0.0	likely_legit
TARA_SAMEA4397118_MAG_00000051	Pararhodobacter sp905479725	Pararhodobacter	TOPC	Seawater	True	3	3	0.667	0.667	595	3	3	1.000	2	2	98.59	1.41	likely_legit
TARA_SAMEA4397118_MAG_00000097	Jannaschia helgolandensis	Jannaschia	TOPC	Seawater	True	3	3	0.667	0.667	585	3	3	1.000	2	2	90.0	0.68	likely_legit
TARA_SAMEA4397118_MAG_00000109	UBA7359 sp963976795	UBA7359	TOPC	Seawater	True	3	3	1.000	0.667	587	3	3	1.000	1	1	98.59	3.66	likely_legit
TARA_SAMEA4397118_MAG_00000134	Cycloclasticus pugetii	Cycloclasticus	TOPC	Seawater	True	3	3	1.000	0.667	552	3	3	1.000	1	1	94.89	0.18	likely_legit
TARA_SAMEA4397174_MAG_00000003	HT1-32 sp009649675	HT1-32	TOPC	Seawater	True	3	3	0.667	0.333	450	3	3	1.000	2	2	84.37	1.0	likely_legit
TARA_SAMEA4397174_MAG_00000009	UBA1479 sp002325375	UBA1479	TOPC	Seawater	True	3	3	1.000	0.667	604	3	3	1.000	1	1	91.0	1.24	likely_legit
TARA_SAMEA4397174_MAG_00000026	UBA1479 sp040221095	UBA1479	TOPC	Seawater	True	3	3	1.000	0.667	604	3	3	1.000	2	2	72.73	0.0	likely_legit
TARA_SAMEA4397174_MAG_00000068	SW4 sp002732825	SW4	TOPC	Seawater	True	3	3	1.000	0.667	590	3	3	1.000	2	2	94.79	0.74	likely_legit
TARA_SAMEA4397174_MAG_00000087	Maricaulis sp963976135	Maricaulis	TOPC	Seawater	True	3	3	1.000	1.000	618	3	3	1.000	2	2	84.74	3.14	likely_legit
TARA_SAMEA4397174_MAG_00000092	Pararhodobacter sp905479725	Pararhodobacter	TOPC	Seawater	True	3	3	0.667	0.667	595	3	3	1.000	1	1	99.6	2.47	likely_legit
TARA_SAMEA4397174_MAG_00000100	Unknown Pseudorhodobacter	Pseudorhodobacter	TOPC	Seawater	True	3	3	1.000	1.000	612	3	3	1.000	1	1	93.89	1.34	likely_legit
TARA_SAMEA4397174_MAG_00000119	GCA-2746425 sp963974065	GCA-2746425	TOPC	Seawater	True	3	3	0.667	1.000	608	3	3	1.000	0	0	98.59	0.0	likely_legit
TARA_SAMEA4397174_MAG_00000124	UBA7359 sp963976795	UBA7359	TOPC	Seawater	True	3	3	1.000	0.667	587	3	3	1.000	0	0	97.18	0.0	likely_legit
TARA_SAMEA4397174_MAG_00000128	Porticoccus sp963974675	Porticoccus	TOPC	Seawater	True	3	3	0.667	0.667	573	3	3	1.000	2	2	91.55	0.0	likely_legit
TARA_SAMEA4397215_MAG_00000006	Hyphomonas sp963973995	Hyphomonas	TOPC	Seawater	True	3	3	1.000	1.000	610	3	3	1.000	0	0	95.73	2.52	likely_legit
TARA_SAMEA4397215_MAG_00000039	UBA830 sp963974055	UBA830	TOPC	Seawater	True	3	3	0.667	0.333	409	3	3	1.000	2	2	70.21	1.59	likely_legit
TARA_SAMEA4397215_MAG_00000061	Abyssibius alkaniclasticus	Abyssibius	TOPC	Seawater	True	3	3	0.333	0.333	271	3	3	1.000	3	3	95.64	0.73	uncertain
TARA_SAMEA4397215_MAG_00000074	Maricaulis sp963976135	Maricaulis	TOPC	Seawater	True	3	3	1.000	1.000	618	3	3	1.000	3	3	100.0	0.0	likely_legit
TARA_SAMEA4397215_MAG_00000084	UBA7359 sp963976795	UBA7359	TOPC	Seawater	True	3	3	0.667	0.667	587	3	3	1.000	0	0	98.59	0.0	likely_legit
TARA_SAMEA4397215_MAG_00000130	Pararhodobacter sp905479725	Pararhodobacter	TOPC	Seawater	True	3	3	0.667	0.667	595	3	3	1.000	1	1	96.71	1.21	likely_legit
TARA_SAMEA4397215_MAG_00000142	UBA1479 sp002325375	UBA1479	TOPC	Seawater	True	3	3	1.000	0.667	604	3	3	1.000	0	0	95.04	0.75	likely_legit
TARA_SAMEA4397215_MAG_00000153	Jannaschia helgolandensis	Jannaschia	TOPC	Seawater	True	3	3	0.333	0.667	585	3	3	1.000	2	2	93.13	1.15	uncertain
TARA_SAMEA4397255_MAG_00000019	GCA-2746425 sp963974065	GCA-2746425	TOPC	Seawater	True	3	3	0.667	1.000	608	3	3	1.000	1	1	100.0	0.0	likely_legit
TARA_SAMEA4397255_MAG_00000029	UBA7359 sp963976795	UBA7359	TOPC	Seawater	True	3	3	0.667	0.333	356	3	3	1.000	1	1	97.18	1.41	likely_legit
TARA_SAMEA4397255_MAG_00000031	Maricaulis sp963976135	Maricaulis	TOPC	Seawater	True	3	3	1.000	1.000	618	3	3	1.000	2	2	85.65	1.32	likely_legit
TARA_SAMEA4397255_MAG_00000033	UBA2705 sp963977105	UBA2705	TOPC	Seawater	True	3	3	0.667	0.667	587	3	3	1.000	1	1	100.0	1.41	likely_legit
TARA_SAMEA4397255_MAG_00000034	Unknown Sulfitobacter	Sulfitobacter	TOPC	Seawater	True	3	3	0.667	0.333	427	3	3	1.000	2	3	85.53	1.72	likely_legit
TARA_SAMEA4397255_MAG_00000042	HT1-32 sp009649675	HT1-32	TOPC	Seawater	True	3	3	1.000	0.667	592	3	3	1.000	1	1	95.33	1.24	likely_legit
TARA_SAMEA4397255_MAG_00000050	Porticoccus sp963974675	Porticoccus	TOPC	Seawater	True	3	3	1.000	1.000	604	3	3	1.000	0	0	98.59	1.41	likely_legit
TARA_SAMEA4397280_MAG_00000067	Marinobacter sp003030785	Marinobacter	TOPC	Seawater	True	3	3	0.333	0.667	587	3	3	1.000	2	2	86.47	5.23	uncertain
TARA_SAMEA4397295_MAG_00000015	Unknown Pseudorhodobacter	Pseudorhodobacter	TOPC	Seawater	True	3	3	1.000	1.000	612	3	3	1.000	0	0	98.64	0.66	likely_legit
TARA_SAMEA4397295_MAG_00000022	Maricaulis sp963976135	Maricaulis	TOPC	Seawater	True	3	3	1.000	1.000	618	3	3	1.000	0	0	81.66	0.81	likely_legit
TARA_SAMEA4397295_MAG_00000046	Sneathiella sp963973085	Sneathiella	TOPC	Seawater	True	3	3	0.333	0.000	412	3	3	1.000	2	2	50.11	0.8	uncertain
TARA_SAMEA4397295_MAG_00000078	Unknown HT1-32	HT1-32	TOPC	Seawater	True	3	3	0.333	0.000	216	3	3	1.000	3	3	53.6	1.03	uncertain
TARA_SAMEA4397295_MAG_00000098	Unknown Hyphomonas	Hyphomonas	TOPC	Seawater	True	3	3	1.000	1.000	610	3	3	1.000	0	0	86.21	4.39	likely_legit
TARA_SAMEA4397295_MAG_00000139	GCA-2746425 sp963974065	GCA-2746425	TOPC	Seawater	True	3	3	0.667	1.000	608	3	3	1.000	0	0	100.0	0.0	likely_legit
TARA_SAMEA4397295_MAG_00000151	Jannaschia helgolandensis	Jannaschia	TOPC	Seawater	True	3	3	0.667	1.000	603	3	3	1.000	3	3	94.37	0.0	likely_legit
TARA_SAMEA4397330_MAG_00000002	UBA830 sp963974055	UBA830	TOPC	Seawater	True	3	3	0.667	0.333	409	3	3	1.000	1	1	93.22	1.74	likely_legit
TARA_SAMEA4397330_MAG_00000017	Unknown Sulfitobacter	Sulfitobacter	TOPC	Seawater	True	3	3	1.000	0.667	602	3	3	1.000	1	1	99.31	0.0	likely_legit
TARA_SAMEA4397330_MAG_00000042	Pararhodobacter sp905479725	Pararhodobacter	TOPC	Seawater	True	3	3	0.667	0.667	595	3	3	1.000	0	0	96.35	0.66	likely_legit
TARA_SAMEA4397330_MAG_00000044	Maricaulis sp963976135	Maricaulis	TOPC	Seawater	True	3	3	1.000	1.000	618	3	3	1.000	0	0	100.0	0.0	likely_legit
TARA_SAMEA4397330_MAG_00000045	Vreelandella maris	Vreelandella	TOPC	Seawater	True	3	3	0.333	0.667	644	2	3	0.667	2	3	93.7	0.43	uncertain
TARA_SAMEA4397330_MAG_00000050	Unknown Sulfitobacter	Sulfitobacter	TOPC	Seawater	True	3	3	0.667	0.667	602	3	3	1.000	2	3	76.78	0.91	likely_legit
TARA_SAMEA4397330_MAG_00000069	Motiliproteus sp963974645	Motiliproteus	TOPC	Seawater	True	3	3	1.000	0.667	570	3	3	1.000	1	1	94.37	1.41	likely_legit
TARA_SAMEA4397330_MAG_00000093	Unknown Parvibaculum	Parvibaculum	TOPC	Seawater	True	3	3	0.667	1.000	595	3	3	1.000	2	3	100.0	0.0	likely_legit
TARA_SAMEA4397330_MAG_00000102	Unknown Pseudorhodobacter	Pseudorhodobacter	TOPC	Seawater	True	3	3	1.000	1.000	612	3	3	1.000	0	0	98.79	0.66	likely_legit
TARA_SAMEA4397363_MAG_00000031	Panacagrimonas sp963975245	Panacagrimonas	TOPC	Seawater	True	3	3	0.667	0.333	340	2	3	0.667	2	3	97.95	0.91	likely_legit
TARA_SAMEA4397363_MAG_00000045	UBA2705 sp963977125	UBA2705	TOPC	Seawater	True	3	3	1.000	0.667	618	3	3	1.000	3	3	69.92	2.61	likely_legit
TARA_SAMEA4397363_MAG_00000062	Maricaulis sp963976135	Maricaulis	TOPC	Seawater	True	3	3	1.000	1.000	618	3	3	1.000	0	0	91.65	1.62	likely_legit
TARA_SAMEA4397363_MAG_00000069	Jannaschia helgolandensis	Jannaschia	TOPC	Seawater	True	3	3	0.667	1.000	603	3	3	1.000	2	2	90.5	1.73	likely_legit
TARA_SAMEA4397363_MAG_00000080	UBA830 sp963974055	UBA830	TOPC	Seawater	True	3	3	0.333	0.333	409	3	3	1.000	2	2	92.96	1.41	uncertain
TARA_SAMEA4397409_MAG_00000013	Jannaschia helgolandensis	Jannaschia	TOPC	Seawater	True	3	3	0.667	0.667	585	3	3	1.000	3	3	80.72	1.06	likely_legit
TARA_SAMEA4397409_MAG_00000038	Maricaulis sp963976135	Maricaulis	TOPC	Seawater	True	3	3	1.000	1.000	618	3	3	1.000	2	2	92.96	1.41	likely_legit
TARA_SAMEA4397409_MAG_00000052	Sneathiella sp002414755	Sneathiella	TOPC	Seawater	True	3	3	1.000	0.333	409	3	3	1.000	1	1	80.12	1.3	likely_legit
TARA_SAMEA4397445_MAG_00000011	Jannaschia helgolandensis	Jannaschia	TOPC	Seawater	True	3	3	0.667	1.000	603	3	3	1.000	0	0	96.05	0.81	likely_legit
TARA_SAMEA4397445_MAG_00000021	CAXBJY01 sp963976285	CAXBJY01	TOPC	Seawater	True	3	3	0.667	0.000	286	3	3	1.000	2	2	68.57	4.24	likely_legit
TARA_SAMEA4397445_MAG_00000040	Abyssibius alkaniclasticus	Abyssibius	TOPC	Seawater	True	3	3	0.667	0.667	589	3	3	1.000	3	3	96.2	0.8	likely_legit
TARA_SAMEA4397445_MAG_00000051	Vreelandella titanicae	Vreelandella	TOPC	Seawater	True	3	3	1.000	0.667	576	3	3	1.000	2	2	87.32	1.41	likely_legit
TARA_SAMEA4397445_MAG_00000090	JAUIAI01 sp963976885	JAUIAI01	TOPC	Seawater	True	3	3	1.000	0.000	409	3	3	1.000	3	3	84.51	2.82	likely_legit
TARA_SAMEA4397445_MAG_00000111	Unknown Sulfitobacter	Sulfitobacter	TOPC	Seawater	True	3	3	1.000	0.667	602	3	3	1.000	0	0	98.62	0.08	likely_legit
TARA_SAMEA4397445_MAG_00000113	Unknown Glaciecola	Glaciecola	TOPC	Seawater	True	3	3	0.667	0.667	578	3	3	1.000	2	2	98.07	1.12	likely_legit
TARA_SAMEA4397445_MAG_00000129	UBA2705 sp963977125	UBA2705	TOPC	Seawater	True	3	3	1.000	0.667	618	3	3	1.000	2	3	91.68	2.83	likely_legit
TARA_SAMEA4397445_MAG_00000135	Maricaulis sp963976135	Maricaulis	TOPC	Seawater	True	3	3	1.000	1.000	618	3	3	1.000	0	0	83.33	2.2	likely_legit
TARA_SAMEA4397489_MAG_00000009	Unknown Parvibaculum	Parvibaculum	TOPC	Seawater	True	3	3	1.000	0.667	566	3	3	1.000	3	3	76.52	0.0	likely_legit
TARA_SAMEA4397489_MAG_00000021	Unknown Hyphomonas	Hyphomonas	TOPC	Seawater	True	3	3	1.000	1.000	610	3	3	1.000	2	2	55.52	0.0	likely_legit
TARA_SAMEA4397489_MAG_00000078	Unknown Maricaulis	Maricaulis	TOPC	Seawater	True	3	3	0.333	0.333	421	3	3	1.000	3	3	97.32	7.62	uncertain
TARA_SAMEA4397489_MAG_00000113	UBA11612 sp963976395	UBA11612	TOPC	Seawater	True	3	3	1.000	0.333	405	3	3	1.000	3	3	99.0	0.5	likely_legit
TARA_SAMEA4397489_MAG_00000121	UBA1479 sp002325375	UBA1479	TOPC	Seawater	True	3	3	1.000	0.667	604	3	3	1.000	0	0	61.52	0.0	likely_legit
TARA_SAMEA4397489_MAG_00000155	Porticoccus sp963974675	Porticoccus	TOPC	Seawater	True	3	3	1.000	0.667	572	3	3	1.000	3	3	93.02	1.28	likely_legit
TARA_SAMEA4397489_MAG_00000162	Nisaea sp963974195	Nisaea	TOPC	Seawater	True	3	3	1.000	0.667	600	3	3	1.000	0	0	97.83	0.0	likely_legit
TARA_SAMEA4397489_MAG_00000163	Thalassospira alkalitolerans	Thalassospira	TOPC	Seawater	True	3	3	1.000	0.667	601	3	3	1.000	1	1	100.0	0.0	likely_legit
TARA_SAMEA4397536_MAG_00000077	Unknown Rhodobacteraceae	Unknown Rhodobacteraceae	TOPC	Seawater	True	3	3	1.000	0.667	596	3	3	1.000	2	3	97.35	0.57	likely_legit
TARA_SAMEA4397586_MAG_00000052	Sphingosinicella sp963974575	Sphingosinicella	TOPC	Seawater	True	3	3	1.000	0.333	396	3	3	1.000	3	3	99.35	1.09	likely_legit
TARA_SAMEA4397586_MAG_00000062	Abyssibius alkaniclasticus	Abyssibius	TOPC	Seawater	True	3	3	0.667	0.333	399	3	3	1.000	3	3	91.55	0.0	likely_legit
TARA_SAMEA4397586_MAG_00000072	Jannaschia helgolandensis	Jannaschia	TOPC	Seawater	True	3	3	0.667	1.000	603	3	3	1.000	0	0	97.44	0.45	likely_legit
TARA_SAMEA4397586_MAG_00000082	Vreelandella titanicae	Vreelandella	TOPC	Seawater	True	3	3	1.000	1.000	636	3	3	1.000	1	1	58.62	0.0	likely_legit
TARA_SAMEA4397586_MAG_00000105	Sulfitobacter sp011050655	Sulfitobacter	TOPC	Seawater	True	3	3	0.667	0.667	581	3	3	1.000	2	2	75.83	0.32	likely_legit
TARA_SAMEA4397666_MAG_00000043	HT1-32 sp009649675	HT1-32	TOPC	Seawater	True	3	3	1.000	0.667	592	3	3	1.000	0	0	89.93	0.5	likely_legit
TARA_SAMEA4397747_MAG_00000037	Unknown Hyphomonas	Hyphomonas	TOPC	Seawater	True	3	3	1.000	1.000	610	3	3	1.000	2	2	90.96	0.32	likely_legit
TARA_SAMEA4397747_MAG_00000067	Hyphomonas sp963973995	Hyphomonas	TOPC	Seawater	True	3	3	1.000	1.000	610	3	3	1.000	3	3	86.58	0.81	likely_legit
TARA_SAMEA4397772_MAG_00000017	Unknown Hyphomonas	Hyphomonas	TOPC	Seawater	True	3	3	1.000	1.000	610	3	3	1.000	0	0	92.85	1.69	likely_legit
TARA_SAMEA4397815_MAG_00000004	Roseovarius mucosus	Roseovarius	TOPC	Seawater	True	3	3	0.333	0.333	379	2	3	0.667	1	2	55.24	0.14	uncertain
TARA_SAMEA4397815_MAG_00000012	Vreelandella titanicae	Vreelandella	TOPC	Seawater	True	3	3	1.000	1.000	636	3	3	1.000	0	0	51.72	1.72	likely_legit
TARA_SAMEA4397859_MAG_00000028	Sphingobium sp918741285	Sphingobium	TOPC	Seawater	True	3	3	0.667	0.000	272	3	3	1.000	3	3	97.56	1.71	likely_legit
TARA_SAMEA4397859_MAG_00000073	Sphingosinicella sp963974575	Sphingosinicella	TOPC	Seawater	True	3	3	1.000	0.333	396	3	3	1.000	0	0	99.35	0.87	likely_legit
TARA_SAMEA4397920_MAG_00000053	Unknown Sulfitobacter	Sulfitobacter	TOPC	Seawater	True	3	3	0.667	0.667	585	3	3	1.000	2	2	94.09	1.65	likely_legit
TARA_SAMEA4397920_MAG_00000054	Hyphomonas sp963973995	Hyphomonas	TOPC	Seawater	True	3	3	1.000	1.000	610	3	3	1.000	2	2	82.2	0.87	likely_legit
TARA_SAMEA4397920_MAG_00000056	Unknown Hyphomonas	Hyphomonas	TOPC	Seawater	True	3	3	1.000	1.000	610	3	3	1.000	2	2	50.89	0.47	likely_legit
TARA_SAMEA4397920_MAG_00000082	Unknown UBA830	Unknown UBA830	TOPC	Seawater	True	3	3	1.000	0.667	608	3	3	1.000	3	3	98.59	1.41	likely_legit
TARA_SAMEA4398001_MAG_00000026	Thalassospira sp963976115	Thalassospira	TOPC	Seawater	True	3	3	1.000	0.667	600	3	3	1.000	0	0	100.0	0.0	likely_legit
TARA_SAMEA4398001_MAG_00000077	Albimonas sp963977235	Albimonas	TOPC	Seawater	True	3	3	0.667	0.333	405	3	3	1.000	1	1	98.8	0.1	likely_legit
TARA_SAMEA4398111_MAG_00000054	UBA2705 sp963977125	UBA2705	TOPC	Seawater	True	3	3	1.000	0.667	618	3	3	1.000	0	0	91.68	2.83	likely_legit
TARA_SAMEA4398193_MAG_00000032	Hoeflea_A sp029212415	Hoeflea_A	TOPC	Seawater	True	3	3	0.667	1.000	616	3	3	1.000	1	1	98.32	0.58	likely_legit
TARA_SAMEA4398193_MAG_00000071	UBA2705 sp963977125	UBA2705	TOPC	Seawater	True	3	3	1.000	0.667	618	3	3	1.000	0	0	91.68	2.83	likely_legit
TARA_SAMEA4398238_MAG_00000059	Hyphomonas sp002414505	Hyphomonas	TOPC	Seawater	True	3	3	0.333	0.000	197	3	3	1.000	2	2	85.92	2.82	uncertain
TARA_SAMEA4398238_MAG_00000071	Hoeflea_A sp029212415	Hoeflea_A	TOPC	Seawater	True	3	3	0.667	1.000	616	3	3	1.000	1	1	92.31	0.78	likely_legit
TARA_SAMEA4398238_MAG_00000119	Motiliproteus sp963974645	Motiliproteus	TOPC	Seawater	True	3	3	1.000	0.667	570	3	3	1.000	3	3	94.37	0.0	likely_legit
TARA_SAMEA4398266_MAG_00000004	UBA4479 sp963974935	UBA4479	TOPC	Seawater	True	3	3	0.667	0.667	554	3	3	1.000	3	3	75.14	0.51	likely_legit
TARA_SAMEA4398315_MAG_00000008	JAUIAI01 sp963976885	JAUIAI01	TOPC	Seawater	True	3	3	1.000	0.667	514	3	3	1.000	3	3	83.1	1.41	likely_legit
TARA_SAMEA4398315_MAG_00000113	Hyphomonas adhaerens	Hyphomonas	TOPC	Seawater	True	3	3	1.000	1.000	600	3	3	1.000	0	0	95.4	1.67	likely_legit
TARA_SAMEA4398360_MAG_00000005	SW4 sp002732825	SW4	TOPC	Seawater	True	3	3	1.000	0.667	560	3	3	1.000	2	2	86.44	1.04	likely_legit
TARA_SAMEA4398360_MAG_00000085	Vreelandella titanicae	Vreelandella	TOPC	Seawater	True	3	3	1.000	1.000	636	3	3	1.000	2	2	95.48	1.01	likely_legit
TARA_SAMEA4398387_MAG_00000013	Unknown UBA1479	UBA1479	TOPC	Seawater	True	3	3	1.000	0.667	604	3	3	1.000	3	3	92.29	0.5	likely_legit
TARA_SAMEA4398387_MAG_00000020	UBA1672 sp963977495	UBA1672	TOPC	Seawater	True	3	3	0.667	0.333	378	3	3	1.000	1	1	97.18	0.0	likely_legit
TARA_SAMEA4398387_MAG_00000077	Brevundimonas sp963977325	Brevundimonas	TOPC	Seawater	True	3	3	0.667	0.667	589	3	3	1.000	3	3	64.04	1.24	likely_legit
TARA_SAMEA4398432_MAG_00000039	Thalassospira alkalitolerans	Thalassospira	TOPC	Seawater	True	3	3	1.000	0.667	601	3	3	1.000	0	0	100.0	0.0	likely_legit
TARA_SAMEA4398432_MAG_00000067	Motiliproteus sp963974645	Motiliproteus	TOPC	Seawater	True	3	3	1.000	0.667	570	3	3	1.000	1	1	98.59	0.0	likely_legit
TARA_SAMEA4398432_MAG_00000089	Thalassospira sp963976115	Thalassospira	TOPC	Seawater	True	3	3	1.000	0.667	600	3	3	1.000	0	0	100.0	0.0	likely_legit
TARA_SAMEA4398432_MAG_00000094	Hyphomonas adhaerens	Hyphomonas	TOPC	Seawater	True	3	3	1.000	0.667	563	3	3	1.000	2	2	93.1	1.43	likely_legit
TARA_SAMEA5999008_MAG_00000055	Unknown Sphaerotilus	Sphaerotilus	TPAC	Seawater	True	3	3	1.000	0.667	591	3	3	1.000	3	3	93.28	0.47	likely_legit
TARA_SAMEA5999008_MAG_00000115	Unknown Azonexus	Azonexus	TPAC	Seawater	True	3	3	1.000	1.000	583	3	3	1.000	3	3	94.26	0.74	likely_legit
TARA_SAMEA5999008_MAG_00000203	Acidovorax temperans	Acidovorax	TPAC	Seawater	True	3	3	0.667	1.000	605	3	3	1.000	2	2	96.08	0.76	likely_legit
TARA_SAMEA5999036_MAG_00000232	Acidovorax temperans	Acidovorax	TPAC	Seawater	True	3	3	0.667	1.000	605	3	3	1.000	0	0	90.51	2.25	likely_legit
TARA_SAMEA5999833_MAG_00000128	Acidovorax temperans	Acidovorax	TPAC	Seawater	True	3	3	0.667	1.000	605	3	3	1.000	0	0	85.15	1.61	likely_legit
TARA_SAMEA5999833_MAG_00000223	Alteromonas sp913058315	Alteromonas	TPAC	Seawater	True	3	3	1.000	0.667	579	3	3	1.000	0	0	96.63	0.63	likely_legit
TARA_SAMEA5999846_MAG_00000177	Alteromonas sp913058315	Alteromonas	TPAC	Seawater	True	3	3	1.000	0.667	519	3	3	1.000	1	1	94.19	1.2	likely_legit
TARA_SAMEA5999861_MAG_00000346	Alteromonas sp913058315	Alteromonas	TPAC	Seawater	True	3	3	1.000	0.667	579	3	3	1.000	0	0	96.6	0.54	likely_legit
TARA_SAMEA6000258_MAG_00000257	Acidovorax temperans	Acidovorax	TPAC	Seawater	True	3	3	0.667	1.000	605	3	3	1.000	0	0	71.55	0.0	likely_legit
TARA_SAMEA6000461_MAG_00000006	Unknown JACKIG01	JACKIG01	TPAC	Coral tissue	True	3	3	0.667	0.000	215	3	3	1.000	3	3	71.83	1.41	likely_legit
TARA_SAMEA6001156_MAG_00000149	UBA868 sp002477475	UBA868	TPAC	Seawater	True	3	3	0.333	0.000	351	2	3	0.667	1	2	92.99	3.29	uncertain
TARA_SAMEA6001340_MAG_00000085	UBA868 sp002477475	UBA868	TPAC	Seawater	True	3	3	0.333	0.000	351	2	3	0.667	1	2	87.32	0.0	uncertain
TARA_SAMEA6001874_MAG_00000076	Pseudophaeobacter sp000152965	Pseudophaeobacter	TPAC	Seawater	True	3	3	0.667	0.667	596	3	3	1.000	0	0	84.83	0.85	likely_legit
TARA_SAMEA6002236_MAG_00000104	Shimia marinus	Shimia	TPAC	Seawater	True	3	3	0.667	0.667	597	3	3	1.000	1	1	98.27	2.33	likely_legit
TARA_SAMEA6003560_MAG_00000214	UBA1479 sp913030825	UBA1479	TPAC	Seawater	True	3	3	1.000	0.333	424	3	3	1.000	3	3	88.37	0.6	likely_legit
TARA_SAMEA6003560_MAG_00000218	Unknown Litorivicinus	Litorivicinus	TPAC	Seawater	True	3	3	0.333	0.000	395	3	3	1.000	2	3	95.77	1.41	uncertain
TARA_SAMEA6003976_MAG_00000033	Unknown Litorivicinus	Litorivicinus	TPAC	Seawater	True	3	3	0.333	0.000	395	3	3	1.000	2	3	85.92	0.0	uncertain
TARA_SAMEA6003996_MAG_00000048	Limnobacter sp000170915	Limnobacter	TPAC	Seawater	True	3	3	0.000	0.000	162	3	3	1.000	2	2	73.34	6.54	likely_artifact
TARA_SAMEA6003996_MAG_00000126	Unknown Litorivicinus	Litorivicinus	TPAC	Seawater	True	3	3	0.667	0.333	406	3	3	1.000	1	2	95.77	0.0	likely_legit
TARA_SAMEA6004017_MAG_00000293	Unknown Litorivicinus	Litorivicinus	TPAC	Seawater	True	3	3	0.667	0.333	406	3	3	1.000	2	2	97.18	0.0	likely_legit
TARA_SAMEA6004479_MAG_00000019	Henriciella mobilis	Henriciella	TPAC	Seawater	True	3	3	0.667	0.667	549	3	3	1.000	2	2	93.7	1.5	likely_legit
TARA_SAMEA6004479_MAG_00000074	Heliomarina sp002210165	Heliomarina	TPAC	Seawater	True	3	3	0.333	1.000	598	2	3	0.667	1	1	98.62	0.96	uncertain
TARA_SAMEA6004479_MAG_00000127	TMED26 sp002694075	TMED26	TPAC	Seawater	True	3	3	0.333	0.000	348	2	3	0.667	2	3	86.52	1.3	uncertain
TARA_SAMEA6004479_MAG_00000150	Alteromonas aggregata	Alteromonas	TPAC	Seawater	True	3	3	1.000	0.667	578	3	3	1.000	2	2	90.18	3.04	likely_legit
TARA_SAMEA6004479_MAG_00000222	Unknown GCA-2708415	GCA-2708415	TPAC	Seawater	True	3	3	0.667	0.000	412	2	3	0.667	2	3	85.92	0.0	likely_legit
TARA_SAMEA6004479_MAG_00000228	Unknown Litorivicinus	Litorivicinus	TPAC	Seawater	True	3	3	0.333	0.000	395	3	3	1.000	2	3	92.96	1.41	uncertain
TARA_SAMEA6004479_MAG_00000250	Pseudooceanicola_C lipolyticus	Pseudooceanicola_C	TPAC	Seawater	True	3	3	0.667	1.000	602	3	3	1.000	3	3	93.73	1.71	likely_legit
TARA_SAMEA6004523_MAG_00000006	UBA4479 sp040218645	UBA4479	TPAC	Seawater	True	3	3	1.000	0.667	599	3	3	1.000	2	3	98.59	0.0	likely_legit
TARA_SAMEA6004635_MAG_00000082	Alteromonas aggregata	Alteromonas	TPAC	Seawater	True	3	3	1.000	0.667	578	3	3	1.000	1	1	85.18	2.55	likely_legit
TARA_SAMEA6004930_MAG_00000044	Unknown JANQKO01	JANQKO01	TPAC	Hydrozoa tissue	True	3	3	1.000	0.667	602	3	3	1.000	3	3	100.0	1.41	likely_legit
TARA_SAMEA6005469_MAG_00000009	Unknown JAKSDN01	Unknown JAKSDN01	TPAC	Hydrozoa tissue	True	3	3	1.000	0.667	600	3	3	1.000	3	3	55.91	2.17	likely_legit
TARA_SAMEA6005692_MAG_00000150	Unknown GCA-2402195	GCA-2402195	TPAC	Seawater	True	3	3	0.667	0.000	227	3	3	1.000	3	3	90.29	1.66	likely_legit
TARA_SAMEA6005720_MAG_00000005	Alteromonas aggregata	Alteromonas	TPAC	Seawater	True	3	3	1.000	0.667	509	3	3	1.000	1	1	85.96	1.86	likely_legit
TARA_SAMEA6006193_MAG_00000048	Pseudooceanicola_C lipolyticus	Pseudooceanicola_C	TPAC	Seawater	True	3	3	0.333	1.000	588	2	3	0.667	2	2	72.16	1.8	uncertain
TARA_SAMEA6006732_MAG_00000157	Pseudophaeobacter sp000152965	Pseudophaeobacter	TPAC	Seawater	True	3	3	0.667	0.667	596	3	3	1.000	0	0	99.66	0.0	likely_legit
TARA_SAMEA6006752_MAG_00000152	Pseudophaeobacter sp000152965	Pseudophaeobacter	TPAC	Seawater	True	3	3	0.667	0.667	596	3	3	1.000	1	1	86.32	1.36	likely_legit
TARA_SAMEA6006780_MAG_00000253	Hyphomonas sp000682775	Hyphomonas	TPAC	Seawater	True	3	3	0.333	0.000	284	3	3	1.000	1	2	73.24	1.41	uncertain
TARA_SAMEA6007427_MAG_00000001	Algihabitans sp028285215	Algihabitans	TPAC	Hydrozoa tissue	True	3	3	0.667	0.333	429	3	3	1.000	3	3	71.83	0.0	likely_legit
TARA_SAMEA6007720_MAG_00000239	Alteromonas aggregata	Alteromonas	TPAC	Seawater	True	3	3	1.000	0.667	578	3	3	1.000	1	1	95.78	1.18	likely_legit
TARA_SAMEA6008107_MAG_00000006	JAKSCL01 sp022360615	JAKSCL01	TPAC	Hydrozoa tissue	True	3	3	0.333	0.667	614	3	3	1.000	3	3	84.51	0.0	uncertain
TARA_SAMEA6008107_MAG_00000020	Unknown JABSSC01	JABSSC01	TPAC	Hydrozoa tissue	True	3	3	1.000	0.667	586	3	3	1.000	2	3	95.18	0.96	likely_legit
TARA_SAMEA6008107_MAG_00000023	Algihabitans sp028285215	Algihabitans	TPAC	Hydrozoa tissue	True	3	3	1.000	0.333	429	3	3	1.000	3	3	52.06	0.87	likely_legit
TARA_SAMEA6008190_MAG_00000003	GCA-2720935 sp002720935	GCA-2720935	TPAC	Seawater	True	3	3	0.333	0.333	271	2	3	0.667	1	2	94.37	0.0	uncertain
TARA_SAMEA6008190_MAG_00000154	Marinobacter sp002707215	Marinobacter	TPAC	Seawater	True	3	3	0.333	0.667	587	3	3	1.000	2	2	92.44	1.06	uncertain
TARA_SAMEA6008654_MAG_00000142	Marinobacter sp002707215	Marinobacter	TPAC	Seawater	True	3	3	0.333	0.333	407	3	3	1.000	3	3	74.14	0.0	uncertain
TARA_SAMEA6008674_MAG_00000180	Unknown HK1	HK1	TPAC	Seawater	True	3	3	0.667	0.667	603	3	3	1.000	3	3	85.92	7.04	likely_legit
TARA_SAMEA6008985_MAG_00000078	Unknown Litorivicinus	Litorivicinus	TPAC	Seawater	True	3	3	0.333	0.000	395	3	3	1.000	2	2	57.75	1.41	uncertain
TARA_SAMEA6009087_MAG_00000130	Unknown Litorivicinus	Litorivicinus	TPAC	Seawater	True	3	3	0.667	0.000	406	3	3	1.000	1	1	78.79	3.58	likely_legit
TARA_SAMEA6009172_MAG_00000255	Unknown TMED69	TMED69	TPAC	Seawater	True	3	3	1.000	0.333	405	3	3	1.000	3	3	98.59	2.82	likely_legit
TARA_SAMEA6009488_MAG_00000159	Unknown Albimonas	Albimonas	TPAC	Seawater	True	3	3	1.000	0.667	605	3	3	1.000	0	0	98.8	0.23	likely_legit
TARA_SAMEA6009507_MAG_00000005	Unknown JBCDCP01	JBCDCP01	TPAC	Hydrozoa tissue	True	3	3	0.667	1.000	602	3	3	1.000	3	3	100.0	0.0	likely_legit
TARA_SAMEA6009507_MAG_00000048	Unknown Hyphococcus	Hyphococcus	TPAC	Hydrozoa tissue	True	3	3	1.000	0.667	603	3	3	1.000	3	3	89.77	0.91	likely_legit
TARA_SAMEA6010343_MAG_00000141	Alteromonas aggregata	Alteromonas	TPAC	Seawater	True	3	3	0.333	0.000	211	3	3	1.000	2	2	78.25	2.36	uncertain
TARA_SAMEA6010429_MAG_00000107	Unknown UBA5336	UBA5336	TPAC	Seawater	True	3	3	1.000	0.667	607	3	3	1.000	2	2	91.36	2.05	likely_legit
TARA_SAMEA6010521_MAG_00000167	Unknown UBA5336	UBA5336	TPAC	Seawater	True	3	3	1.000	0.667	607	3	3	1.000	1	1	62.17	0.23	likely_legit
TARA_SAMEA6010870_MAG_00000038	Marinobacter sp002707215	Marinobacter	TPAC	Seawater	True	3	3	0.333	0.000	407	3	3	1.000	2	2	75.66	0.0	uncertain
TARA_SAMEA6011564_MAG_00000006	Unknown Inquilinaceae	Unknown Inquilinaceae	TPAC	Hydrozoa tissue	True	3	3	0.667	0.667	602	3	3	1.000	3	3	90.22	3.02	likely_legit
TARA_SAMEA6011564_MAG_00000041	JAKSBE01 sp028282935	JAKSBE01	TPAC	Hydrozoa tissue	True	3	3	0.000	0.000	255	3	3	1.000	3	3	59.15	2.82	likely_artifact
TARA_SAMEA6011564_MAG_00000048	Unknown UXAT02	Unknown UXAT02	TPAC	Hydrozoa tissue	True	3	3	1.000	0.667	598	3	3	1.000	3	3	86.4	2.16	likely_legit
TARA_SAMEA6012067_MAG_00000035	Unknown Albimonas	Albimonas	TPAC	Seawater	True	3	3	1.000	0.667	605	3	3	1.000	3	3	91.55	0.0	likely_legit
TARA_SAMEA6012067_MAG_00000111	Unknown Litorivicinus	Litorivicinus	TPAC	Seawater	True	3	3	1.000	0.333	406	3	3	1.000	2	3	81.69	1.41	likely_legit
TARA_SAMEA6012068_MAG_00000001	Unknown Albimonas	Albimonas	TPAC	Seawater	True	3	3	1.000	0.667	605	3	3	1.000	1	1	79.53	0.63	likely_legit
TARA_SAMEA6012068_MAG_00000123	Unknown Litorivicinus	Litorivicinus	TPAC	Seawater	True	3	3	0.667	0.333	406	3	3	1.000	2	3	70.42	2.82	likely_legit
TARA_SAMEA6012550_MAG_00000016	Unknown Litorivicinus	Litorivicinus	TPAC	Seawater	True	3	3	0.667	0.000	406	3	3	1.000	2	3	64.96	2.16	likely_legit
TARA_SAMEA6012750_MAG_00000018	JANQMX01 sp028279885	JANQMX01	TPAC	Hydrozoa tissue	True	3	3	0.667	0.333	361	3	3	1.000	3	3	88.06	3.58	likely_legit
TARA_SAMEA6013078_MAG_00000154	Marinobacter sp002707215	Marinobacter	TPAC	Seawater	True	3	3	0.667	0.333	394	3	3	1.000	3	3	83.98	2.53	likely_legit
TARA_SAMEA6015403_MAG_00000021	Unknown Hyphococcus	Hyphococcus	TPAC	Hydrozoa tissue	True	3	3	0.667	0.333	430	3	3	1.000	3	3	93.65	1.6	likely_legit
TARA_SAMEA6015403_MAG_00000029	Unknown JBCDCP01	JBCDCP01	TPAC	Hydrozoa tissue	True	3	3	0.667	0.667	592	3	3	1.000	3	3	93.56	1.91	likely_legit
TARA_SAMEA6015799_MAG_00000047	Unknown Desulfopila_A	Desulfopila_A	TPAC	Hydrozoa tissue	True	3	3	0.667	0.333	391	3	3	1.000	2	3	97.02	4.45	likely_legit
TARA_SAMEA6015934_MAG_00000150	Unknown Tateyamaria	Tateyamaria	TPAC	Seawater	True	3	3	0.667	1.000	605	3	3	1.000	3	3	98.59	0.0	likely_legit
TARA_SAMEA6015953_MAG_00000073	Unknown Tateyamaria	Tateyamaria	TPAC	Seawater	True	3	3	0.667	0.667	615	3	3	1.000	3	3	95.08	1.86	likely_legit
TARA_SAMEA6016205_MAG_00000007	Unknown JANQMX01	JANQMX01	TPAC	Hydrozoa tissue	True	3	3	0.667	1.000	609	3	3	1.000	3	3	70.31	2.83	likely_legit
TARA_SAMEA6016205_MAG_00000034	Unknown JBCDCP01	JBCDCP01	TPAC	Hydrozoa tissue	True	3	3	0.000	0.000	179	2	3	0.667	2	3	51.14	1.44	likely_artifact
TARA_SAMEA6016374_MAG_00000041	Unknown Tateyamaria	Tateyamaria	TPAC	Seawater	True	3	3	0.667	0.667	536	3	3	1.000	2	2	92.96	1.41	likely_legit
TARA_SAMEA6016393_MAG_00000037	Unknown Tateyamaria	Tateyamaria	TPAC	Seawater	True	3	3	0.667	0.667	605	3	3	1.000	1	1	100.0	0.0	likely_legit
TARA_SAMEA6017611_MAG_00000018	JANQKE01 sp028281265	JANQKE01	TPAC	Hydrozoa tissue	True	3	3	0.333	0.000	319	2	3	0.667	2	3	92.96	2.82	uncertain
TARA_SAMEA6017928_MAG_00000031	Unknown JBCDCP01	JBCDCP01	TPAC	Hydrozoa tissue	True	3	3	0.667	1.000	602	3	3	1.000	3	3	98.59	0.0	likely_legit
TARA_SAMEA6017928_MAG_00000032	Unknown JANQGH01	JANQGH01	TPAC	Hydrozoa tissue	True	3	3	1.000	0.667	627	3	3	1.000	3	3	97.75	2.92	likely_legit
TARA_SAMEA6017928_MAG_00000063	JAKSCL01 sp022360615	JAKSCL01	TPAC	Hydrozoa tissue	True	3	3	0.333	0.667	631	3	3	1.000	3	3	91.55	1.41	uncertain
TARA_SAMEA6017939_MAG_00000058	JAKSCL01 sp022360615	JAKSCL01	TPAC	Hydrozoa tissue	True	3	3	0.667	0.667	611	3	3	1.000	3	3	89.83	0.6	likely_legit
TARA_SAMEA6018085_MAG_00000238	Unknown Litorivicinus	Litorivicinus	TPAC	Seawater	True	3	3	0.667	0.333	406	3	3	1.000	2	3	73.28	0.0	likely_legit
TARA_SAMEA6019342_MAG_00000143	Unknown UBA5336	UBA5336	TPAC	Seawater	True	3	3	1.000	0.667	607	3	3	1.000	1	1	87.76	0.98	likely_legit
TARA_SAMEA6019601_MAG_00000003	Unknown JAKSDN01	Unknown JAKSDN01	TPAC	Hydrozoa tissue	True	3	3	0.667	0.000	404	3	3	1.000	3	3	92.66	1.67	likely_legit
TARA_SAMEA6019949_MAG_00000002	Unknown JAKSDN01	Unknown JAKSDN01	TPAC	Hydrozoa tissue	True	3	3	1.000	0.333	421	3	3	1.000	3	3	98.59	0.0	likely_legit
TARA_SAMEA6019949_MAG_00000003	Unknown JACKIH01	JACKIH01	TPAC	Hydrozoa tissue	True	3	3	1.000	0.667	602	3	3	1.000	3	3	98.4	2.62	likely_legit
TARA_SAMEA6019949_MAG_00000019	Unknown Inquilinaceae	Unknown Inquilinaceae	TPAC	Hydrozoa tissue	True	3	3	1.000	0.333	408	3	3	1.000	3	3	80.28	1.41	likely_legit
TARA_SAMEA6021894_MAG_00000167	Hyphomonas sp000682775	Hyphomonas	TPAC	Seawater	True	3	3	1.000	0.333	434	3	3	1.000	2	2	80.28	2.82	likely_legit
TARA_SAMEA6022156_MAG_00000013	Unknown Thalassospiraceae	Unknown Thalassospiraceae	TPAC	Hydrozoa tissue	True	3	3	0.000	0.000	363	2	3	0.667	2	3	80.57	0.25	likely_artifact
TARA_SAMEA6022543_MAG_00000019	Algihabitans sp028285215	Algihabitans	TPAC	Hydrozoa tissue	True	3	3	1.000	0.000	407	3	3	1.000	2	2	87.29	3.98	likely_legit
TARA_SAMEA6023410_MAG_00000015	Unknown JAKSDN01	Unknown JAKSDN01	TPAC	Hydrozoa tissue	True	3	3	0.667	0.333	442	3	3	1.000	3	3	76.06	2.82	likely_legit
TARA_SAMEA6023419_MAG_00000010	Unknown JAKSDN01	Unknown JAKSDN01	TPAC	Hydrozoa tissue	True	3	3	1.000	0.333	404	3	3	1.000	3	3	90.8	2.41	likely_legit
TARA_SAMEA6023884_MAG_00000029	Unknown Algihabitans	Algihabitans	TPAC	Hydrozoa tissue	True	3	3	1.000	0.667	611	3	3	1.000	2	2	91.55	0.0	likely_legit
TARA_SAMEA6024824_MAG_00000139	Unknown Phycobacter	Phycobacter	TPAC	Seawater	True	3	3	0.333	0.667	589	3	3	1.000	2	2	60.1	1.84	uncertain
TARA_SAMEA6026529_MAG_00000019	JAKSCL01 sp022360615	JAKSCL01	TPAC	Hydrozoa tissue	True	3	3	0.667	1.000	631	3	3	1.000	2	2	98.59	0.0	likely_legit
TARA_SAMEA6027814_MAG_00000002	Unknown Inquilinaceae	Unknown Inquilinaceae	TPAC	Hydrozoa tissue	True	3	3	0.667	0.667	602	3	3	1.000	3	3	98.59	1.41	likely_legit
TARA_SAMEA6029349_MAG_00000001	Unknown JAKSDN01	Unknown JAKSDN01	TPAC	Hydrozoa tissue	True	3	3	1.000	0.333	421	3	3	1.000	3	3	100.0	0.0	likely_legit
TARA_SAMEA6029989_MAG_00000092	Unknown Phycobacter	Phycobacter	TPAC	Seawater	True	3	3	0.333	0.667	536	3	3	1.000	2	2	52.07	0.0	uncertain
TARA_SAMEA6030248_MAG_00000019	Marinobacter nauticus	Marinobacter	TPAC	Seawater	True	3	3	0.000	0.000	216	3	3	1.000	2	2	57.03	0.97	likely_artifact
TARA_SAMEA6030848_MAG_00000122	Unknown Allosediminivita	Allosediminivita	TPAC	Seawater	True	3	3	1.000	0.667	594	3	3	1.000	2	3	95.38	1.11	likely_legit
TARA_SAMEA6030848_MAG_00000237	Unknown Oceanicaulis	Oceanicaulis	TPAC	Seawater	True	3	3	1.000	0.333	360	2	3	0.667	3	3	95.77	8.45	likely_legit
TARA_SAMEA6031087_MAG_00000020	Algihabitans sp028285215	Algihabitans	TPAC	Hydrozoa tissue	True	3	3	1.000	0.000	443	3	3	1.000	2	2	85.92	1.41	likely_legit
TARA_SAMEA6031734_MAG_00000005	Unknown JAKSDN01	Unknown JAKSDN01	TPAC	Hydrozoa tissue	True	3	3	1.000	0.000	414	3	3	1.000	3	3	95.93	1.45	likely_legit
TARA_SAMEA6031743_MAG_00000043	JAKSCL01 sp022360615	JAKSCL01	TPAC	Hydrozoa tissue	True	3	3	0.667	1.000	614	3	3	1.000	3	3	98.59	0.0	likely_legit
TARA_SAMEA6031743_MAG_00000047	Unknown Rhodobacteraceae	Unknown Rhodobacteraceae	TPAC	Hydrozoa tissue	True	3	3	0.667	0.667	547	3	3	1.000	3	3	70.54	2.33	likely_legit
TARA_SAMEA6033188_MAG_00000143	Unknown GCA-2720935	GCA-2720935	TPAC	Seawater	True	3	3	1.000	0.333	427	3	3	1.000	1	1	91.55	5.63	likely_legit
TARA_SAMEA6033207_MAG_00000078	Unknown GCA-2720935	GCA-2720935	TPAC	Seawater	True	3	3	1.000	0.333	427	3	3	1.000	0	0	98.9	1.1	likely_legit
TARA_SAMEA6034021_MAG_00000009	Unknown JAKSDN01	Unknown JAKSDN01	TPAC	Hydrozoa tissue	True	3	3	1.000	0.333	414	3	3	1.000	3	3	95.77	1.41	likely_legit
TARA_SAMEA6034286_MAG_00000143	Cupriavidus gilardii	Cupriavidus	TPAC	Seawater	True	3	3	0.667	0.333	461	3	3	1.000	2	3	99.21	1.58	likely_legit
TARA_SAMEA6034818_MAG_00000003	Unknown JANQLT01	JANQLT01	TPAC	Hydrozoa tissue	True	3	3	1.000	0.667	602	3	3	1.000	3	3	92.69	1.96	likely_legit
TARA_SAMEA6034818_MAG_00000010	Unknown Pelagibius	Pelagibius	TPAC	Hydrozoa tissue	True	3	3	1.000	0.667	598	3	3	1.000	3	3	95.23	1.74	likely_legit
TARA_SAMEA6034818_MAG_00000031	Unknown Kordiimonadaceae	Unknown Kordiimonadaceae	TPAC	Hydrozoa tissue	True	3	3	1.000	0.333	425	3	3	1.000	3	3	80.28	0.0	likely_legit
TARA_SAMEA6034818_MAG_00000038	Unknown Hyphococcus	Hyphococcus	TPAC	Hydrozoa tissue	True	3	3	0.667	0.667	561	3	3	1.000	3	3	94.37	2.82	likely_legit
TARA_SAMEA6034828_MAG_00000006	JAKSCL01 sp022360615	JAKSCL01	TPAC	Hydrozoa tissue	True	3	3	0.667	1.000	631	3	3	1.000	2	2	99.35	0.6	likely_legit
TARA_SAMEA6034828_MAG_00000014	Unknown JANQMX01	JANQMX01	TPAC	Hydrozoa tissue	True	3	3	1.000	0.667	609	3	3	1.000	2	3	100.0	1.74	likely_legit
TARA_SAMEA6034828_MAG_00000025	Unknown Hyphococcus	Hyphococcus	TPAC	Hydrozoa tissue	True	3	3	1.000	1.000	607	3	3	1.000	2	3	95.77	0.0	likely_legit
TARA_SAMEA6034873_MAG_00000012	Unknown JANQLT01	JANQLT01	TPAC	Hydrozoa tissue	True	3	3	1.000	0.333	412	3	3	1.000	3	3	88.96	1.45	likely_legit
TARA_SAMEA6034873_MAG_00000013	Unknown J153	Unknown J153	TPAC	Hydrozoa tissue	True	3	3	1.000	0.667	599	3	3	1.000	3	3	93.04	2.33	likely_legit
TARA_SAMEA6035044_MAG_00000001	Unknown UBA5336	UBA5336	TPAC	Seawater	True	3	3	1.000	0.667	607	3	3	1.000	0	0	100.0	1.41	likely_legit
TARA_SAMEA6035044_MAG_00000008	Unknown GCA-2720935	GCA-2720935	TPAC	Seawater	True	3	3	1.000	0.333	427	3	3	1.000	3	3	98.59	0.0	likely_legit
TARA_SAMEA6035044_MAG_00000009	Unknown Parvularcula	Parvularcula	TPAC	Seawater	True	3	3	1.000	0.667	608	3	3	1.000	3	3	100.0	0.0	likely_legit
TARA_SAMEA6035302_MAG_00000012	Unknown JBCDCP01	JBCDCP01	TPAC	Hydrozoa tissue	True	3	3	0.667	1.000	602	3	3	1.000	3	3	100.0	0.0	likely_legit
TARA_SAMEA6035309_MAG_00000032	Algihabitans sp028285215	Algihabitans	TPAC	Hydrozoa tissue	True	3	3	1.000	0.667	548	3	3	1.000	3	3	64.04	2.12	likely_legit
TARA_SAMEA6035309_MAG_00000034	Unknown UBA5336	UBA5336	TPAC	Hydrozoa tissue	True	3	3	0.667	0.667	610	3	3	1.000	3	3	98.38	0.46	likely_legit
TARA_SAMEA6035309_MAG_00000036	Unknown JBCDCP01	JBCDCP01	TPAC	Hydrozoa tissue	True	3	3	0.667	1.000	602	3	3	1.000	0	0	100.0	0.0	likely_legit
TARA_SAMEA6035503_MAG_00000122	Unknown Parvularcula	Parvularcula	TPAC	Seawater	True	3	3	1.000	0.667	608	3	3	1.000	1	1	76.2	0.13	likely_legit
TARA_SAMEA6035544_MAG_00000233	Unknown Pseudooceanicola_C	Pseudooceanicola_C	TPAC	Seawater	True	3	3	0.667	0.667	569	3	3	1.000	0	0	97.14	2.01	likely_legit
TARA_SAMEA6035805_MAG_00000010	Unknown JBCDCP01	JBCDCP01	TPAC	Hydrozoa tissue	True	3	3	0.667	0.333	318	3	3	1.000	3	3	80.54	1.24	likely_legit
TARA_SAMEA6035844_MAG_00000023	Unknown JANQMX01	JANQMX01	TPAC	Hydrozoa tissue	True	3	3	1.000	0.333	424	3	3	1.000	3	3	97.93	1.82	likely_legit
TARA_SAMEA6036003_MAG_00000006	Unknown Pseudooceanicola_C	Pseudooceanicola_C	TPAC	Seawater	True	3	3	0.667	0.667	569	3	3	1.000	1	1	97.46	2.92	likely_legit
TARA_SAMEA6036021_MAG_00000080	Unknown Pseudooceanicola_C	Pseudooceanicola_C	TPAC	Seawater	True	3	3	0.667	0.667	569	3	3	1.000	0	0	93.23	4.69	likely_legit
TARA_SAMEA6036046_MAG_00000082	Unknown Pseudooceanicola_C	Pseudooceanicola_C	TPAC	Seawater	True	3	3	0.667	0.667	569	3	3	1.000	0	0	97.3	0.51	likely_legit
TARA_SAMEA6036046_MAG_00000179	Shimia marinus	Shimia	TPAC	Seawater	True	3	3	0.667	0.333	426	3	3	1.000	1	1	92.73	2.46	likely_legit
TARA_SAMEA6036341_MAG_00000025	Unknown Hyphococcus	Hyphococcus	TPAC	Hydrozoa tissue	True	3	3	1.000	0.667	605	3	3	1.000	2	2	76.06	2.82	likely_legit
TARA_SAMEA6036518_MAG_00000090	Unknown Thermohalobaculum	Thermohalobaculum	TPAC	Seawater	True	3	3	1.000	1.000	570	3	3	1.000	3	3	97.18	0.0	likely_legit
TARA_SAMEA6036610_MAG_00000201	Unknown Thermohalobaculum	Thermohalobaculum	TPAC	Seawater	True	3	3	1.000	1.000	570	3	3	1.000	2	2	93.22	1.6	likely_legit
TARA_SAMEA6036876_MAG_00000015	Unknown Hyphococcus	Hyphococcus	TPAC	Hydrozoa tissue	True	3	3	0.333	0.667	641	3	3	1.000	3	3	81.0	2.66	uncertain
TARA_SAMEA6036876_MAG_00000024	Unknown VGDZ01	Unknown VGDZ01	TPAC	Hydrozoa tissue	True	3	3	0.667	1.000	794	3	3	1.000	3	3	96.02	1.09	likely_legit
TARA_SAMEA6036922_MAG_00000010	Unknown JAKSDN01	Unknown JAKSDN01	TPAC	Hydrozoa tissue	True	3	3	1.000	0.000	404	3	3	1.000	2	2	95.94	0.45	likely_legit
TARA_SAMEA6037080_MAG_00000168	Hyphomonas sp017792385	Hyphomonas	TPAC	Seawater	True	3	3	1.000	0.333	479	3	3	1.000	3	3	55.96	3.45	likely_legit
TARA_SAMEA6037901_MAG_00000015	Unknown Litorivicinus	Litorivicinus	TPAC	Seawater	True	3	3	0.333	0.000	395	3	3	1.000	2	3	58.62	0.0	uncertain
TARA_SAMEA6037901_MAG_00000079	Hyphomonas sp017792385	Hyphomonas	TPAC	Seawater	True	3	3	1.000	0.333	497	3	3	1.000	2	2	61.55	0.0	likely_legit
TARA_SAMEA6038215_MAG_00000042	Unknown JAKSDN01	Unknown JAKSDN01	TPAC	Hydrozoa tissue	True	3	3	1.000	0.333	414	3	3	1.000	2	2	90.4	0.88	likely_legit
TARA_SAMEA6038257_MAG_00000014	Unknown Inquilinaceae	Unknown Inquilinaceae	TPAC	Hydrozoa tissue	True	3	3	0.667	0.667	602	3	3	1.000	2	2	98.59	1.41	likely_legit
TARA_SAMEA6038446_MAG_00000182	Halopseudomonas aestusnigri	Halopseudomonas	TPAC	Seawater	True	3	3	0.667	0.000	421	2	3	0.667	2	3	76.02	2.46	likely_legit
TARA_SAMEA6040341_MAG_00000019	JAKSCL01 sp022360615	JAKSCL01	TPAC	Hydrozoa tissue	True	3	3	0.667	1.000	631	3	3	1.000	2	2	98.59	0.0	likely_legit
TARA_SAMEA6040341_MAG_00000026	Unknown JAKSDN01	Unknown JAKSDN01	TPAC	Hydrozoa tissue	True	3	3	1.000	0.333	421	3	3	1.000	3	3	97.18	0.0	likely_legit
TARA_SAMEA6040341_MAG_00000037	Unknown HK1	HK1	TPAC	Hydrozoa tissue	True	3	3	0.667	0.667	555	3	3	1.000	3	3	57.99	3.76	likely_legit
TARA_SAMEA6041198_MAG_00000008	Unknown JANQMX01	JANQMX01	TPAC	Hydrozoa tissue	True	3	3	1.000	0.667	609	3	3	1.000	3	3	64.88	2.51	likely_legit
TARA_SAMEA6041390_MAG_00000005	Unknown JAAXHV01	JAAXHV01	TPAC	Coral tissue	True	3	3	1.000	0.333	408	3	3	1.000	3	3	85.71	4.31	likely_legit
TARA_SAMEA6041390_MAG_00000121	Unknown HK1	HK1	TPAC	Coral tissue	True	3	3	0.667	0.667	599	3	3	1.000	3	3	56.34	8.45	likely_legit
TARA_SAMEA6041658_MAG_00000071	Unknown UBA5336	UBA5336	TPAC	Seawater	True	3	3	1.000	0.000	451	3	3	1.000	3	3	79.4	1.06	likely_legit
TARA_SAMEA6042488_MAG_00000026	Unknown Midichloriaceae	Unknown Midichloriaceae	TPAC	Seawater	True	3	3	0.667	0.000	292	2	3	0.667	1	2	87.68	0.06	likely_legit
TARA_SAMEA6042488_MAG_00000202	Unknown Yoonia	Yoonia	TPAC	Seawater	True	3	3	0.667	0.667	590	3	3	1.000	1	1	95.48	0.2	likely_legit
TARA_SAMEA6043103_MAG_00000008	Unknown JASMHC01	JASMHC01	TPAC	Seawater	True	3	3	0.667	0.333	442	3	3	1.000	3	3	81.7	1.49	likely_legit
TARA_SAMEA6043136_MAG_00000228	Unknown UBA5336	UBA5336	TPAC	Seawater	True	3	3	1.000	0.333	461	3	3	1.000	2	2	59.89	0.9	likely_legit
TARA_SAMEA6043166_MAG_00000075	Marinobacter salsuginis	Marinobacter	TPAC	Seawater	True	3	3	1.000	0.667	601	3	3	1.000	0	0	95.77	0.0	likely_legit
TARA_SAMEA6043925_MAG_00000039	Unknown Pacificispira	Pacificispira	TPAC	Seawater	True	3	3	1.000	0.667	587	3	3	1.000	3	3	84.89	1.78	likely_legit
TARA_SAMEA6044144_MAG_00000126	UBA868 sp002477475	UBA868	TPAC	Seawater	True	3	3	0.333	0.000	351	2	3	0.667	1	1	91.55	0.0	uncertain
TARA_SAMEA6044176_MAG_00000109	Unknown LFER01	LFER01	TPAC	Seawater	True	3	3	0.333	0.000	230	2	3	0.667	2	3	57.64	4.09	uncertain
TARA_SAMEA6044968_MAG_00000105	Unknown UBA4479	UBA4479	TPAC	Seawater	True	3	3	0.667	0.333	436	3	3	1.000	3	3	90.49	2.24	likely_legit
TARA_SAMEA6045582_MAG_00000116	Unknown UBA4479	UBA4479	TPAC	Seawater	True	3	3	0.667	0.333	436	3	3	1.000	2	2	75.24	0.0	likely_legit
TARA_SAMEA6046190_MAG_00000006	Unknown Pelagibius	Pelagibius	TPAC	Hydrozoa tissue	True	3	3	1.000	0.667	602	3	3	1.000	3	3	84.51	1.41	likely_legit
TARA_SAMEA6046747_MAG_00000017	JAKSCL01 sp022360615	JAKSCL01	TPAC	Hydrozoa tissue	True	3	3	0.667	1.000	631	3	3	1.000	1	1	98.59	0.0	likely_legit
TARA_SAMEA6047360_MAG_00000151	Unknown TMED69	TMED69	TPAC	Seawater	True	3	3	1.000	0.333	405	3	3	1.000	0	0	98.59	4.23	likely_legit
TARA_SAMEA6047857_MAG_00000058	Salinisphaera shabanensis	Salinisphaera	TPAC	Seawater	True	3	3	0.667	0.333	382	3	3	1.000	3	3	97.18	1.41	likely_legit
TARA_SAMEA6048083_MAG_00000069	Unknown Albimonas	Albimonas	TPAC	Seawater	True	3	3	0.333	0.333	342	2	3	0.667	1	2	88.73	1.6	uncertain
TARA_SAMEA6048900_MAG_00000001	JAKSBE01 sp022361275	JAKSBE01	TPAC	Hydrozoa tissue	True	3	3	0.667	1.000	643	3	3	1.000	3	3	57.75	5.63	likely_legit
TARA_SAMEA6049052_MAG_00000070	Marinobacter salsuginis	Marinobacter	TPAC	Seawater	True	3	3	1.000	0.333	406	3	3	1.000	2	2	57.76	0.0	likely_legit
TARA_SAMEA6051139_MAG_00000101	Unknown GCA-2402195	GCA-2402195	TPAC	Seawater	True	3	3	0.333	0.000	184	2	3	0.667	2	3	67.72	0.73	uncertain
TARA_SAMEA6051611_MAG_00000103	Alteromonas sp002335925	Alteromonas	TPAC	Seawater	True	3	3	0.667	0.333	406	3	3	1.000	0	0	52.9	0.0	likely_legit
TARA_SAMEA6052032_MAG_00000067	Unknown Ponticaulis	Ponticaulis	TPAC	Seawater	True	3	3	0.333	0.000	430	2	3	0.667	1	2	95.13	0.63	uncertain
TARA_SAMEA6052032_MAG_00000214	CABZJG01 sp002726375	CABZJG01	TPAC	Seawater	True	3	3	0.000	0.000	129	3	3	1.000	1	3	100.0	1.41	likely_artifact
TARA_SAMEA6052179_MAG_00000064	TMED26 sp003280605	TMED26	TPAC	Seawater	True	3	3	1.000	0.333	439	3	3	1.000	3	3	95.2	0.26	likely_legit
TARA_SAMEA6052179_MAG_00000131	Shimia thalassica	Shimia	TPAC	Seawater	True	3	3	0.667	0.333	426	3	3	1.000	2	2	81.69	0.0	likely_legit
TARA_SAMEA6052246_MAG_00000112	TMED26 sp003280605	TMED26	TPAC	Seawater	True	3	3	1.000	0.333	465	3	3	1.000	2	3	100.0	0.0	likely_legit
TARA_SAMEA6052246_MAG_00000162	Pseudophaeobacter sp000152965	Pseudophaeobacter	TPAC	Seawater	True	3	3	0.333	0.333	462	3	3	1.000	1	1	91.54	1.46	uncertain
TARA_SAMEA6055069_MAG_00000110	Unknown Sulfitobacter	Sulfitobacter	TPAC	Seawater	True	3	3	1.000	0.667	569	3	3	1.000	2	2	98.91	1.99	likely_legit
TARA_SAMEA6055087_MAG_00000188	Unknown Sulfitobacter	Sulfitobacter	TPAC	Seawater	True	3	3	0.333	0.333	243	3	3	1.000	2	2	87.88	2.1	uncertain
TARA_SAMEA6055187_MAG_00000112	Unknown Sulfitobacter	Sulfitobacter	TPAC	Seawater	True	3	3	1.000	0.667	569	3	3	1.000	0	0	98.54	0.93	likely_legit
TARA_SAMEA6055369_MAG_00000012	UBA4479 sp023145215	UBA4479	TPAC	Seawater	True	3	3	0.667	0.333	419	3	3	1.000	3	3	62.58	1.74	likely_legit
THRA17-1_SAMN05791319_MAG_00000070	Unknown Rhodobacteraceae	Unknown Rhodobacteraceae	THRA17-1	Seawater	True	3	3	1.000	0.667	535	3	3	1.000	3	3	87.32	0.0	likely_legit
THRA17-1_SAMN05791319_MAG_00000106	Unknown JABHCV01	Unknown JABHCV01	THRA17-1	Seawater	True	3	3	1.000	0.667	601	3	3	1.000	3	3	95.76	0.5	likely_legit
TREM17-1_SAMN05416771_MAG_00000006	Cycloclasticus pugetii	Cycloclasticus	TREM17-1	Seawater	True	3	3	1.000	0.667	575	3	3	1.000	1	1	99.23	0.35	likely_legit
TREM17-1_SAMN05416774_MAG_00000010	Alteromonas sp913058315	Alteromonas	TREM17-1	Seawater	True	3	3	1.000	0.667	579	3	3	1.000	2	3	90.14	1.41	likely_legit
TREM17-1_SAMN05416778_MAG_00000018	CAJXRW01 sp913060525	CAJXRW01	TREM17-1	Seawater	True	3	3	1.000	0.667	573	3	3	1.000	3	3	93.97	1.53	likely_legit
TREM17-1_SAMN05416786_MAG_00000011	Cycloclasticus pugetii	Cycloclasticus	TREM17-1	Seawater	True	3	3	1.000	0.667	575	3	3	1.000	1	1	99.23	0.39	likely_legit
TREM17-1_SAMN05416830_MAG_00000011	Hyphomonas oceanitis	Hyphomonas	TREM17-1	Seawater	True	3	3	1.000	0.667	563	3	3	1.000	3	3	66.2	1.41	likely_legit
TREM17-1_SAMN05416840_MAG_00000009	UBA4479 sp002389385	UBA4479	TREM17-1	Seawater	True	3	3	0.333	0.000	236	3	3	1.000	2	3	85.47	1.74	uncertain
TREM17-1_SAMN05416842_MAG_00000015	Limnobacter sp002954425	Limnobacter	TREM17-1	Seawater	True	3	3	0.667	0.000	408	3	3	1.000	2	2	85.81	4.05	likely_legit
TREM17-1_SAMN05416843_MAG_00000005	Cycloclasticus sp001566825	Cycloclasticus	TREM17-1	Seawater	True	3	3	1.000	0.667	574	3	3	1.000	1	1	98.59	0.0	likely_legit
TREM17-1_SAMN05416856_MAG_00000001	Alkalimarinus sp913060665	Alkalimarinus	TREM17-1	Seawater	True	3	3	0.667	0.333	385	3	3	1.000	3	3	100.0	1.29	likely_legit
TULL18-1_SAMN07571234_MAG_00000013	Paremcibacter sp002401545	Paremcibacter	TULL18-1	Aquifer water	True	3	3	1.000	0.333	410	3	3	1.000	3	3	97.29	0.58	likely_legit
TULL18-1_SAMN07571234_MAG_00000030	Robiginitomaculum_B sp002733495	Robiginitomaculum_B	TULL18-1	Aquifer water	True	3	3	0.667	0.667	577	3	3	1.000	3	3	98.59	0.0	likely_legit
TULL18-1_SAMN07571235_MAG_00000020	Paremcibacter sp002401455	Paremcibacter	TULL18-1	Aquifer water	True	3	3	1.000	0.667	594	3	3	1.000	3	3	96.56	0.43	likely_legit
TULL18-1_SAMN07571235_MAG_00000024	NORP23 sp016765235	NORP23	TULL18-1	Aquifer water	True	3	3	1.000	0.667	582	3	3	1.000	0	0	92.96	0.0	likely_legit
TULL18-1_SAMN07571235_MAG_00000027	Cycloclasticus sp002401365	Cycloclasticus	TULL18-1	Aquifer water	True	3	3	0.667	0.667	518	3	3	1.000	3	3	97.18	2.82	likely_legit
WANG21-1_SAMN08952654_MAG_00000037	Unknown Qipengyuania	Qipengyuania	WANG21-1	Seawater	True	3	3	1.000	0.667	563	3	3	1.000	3	3	99.45	1.91	likely_legit
WANG21-1_SAMN08952655_MAG_00000103	Unknown Qipengyuania	Qipengyuania	WANG21-1	Seawater	True	3	3	1.000	0.667	563	3	3	1.000	0	0	98.97	0.86	likely_legit
WANG22-1_SAMN08714533-S004_MAG_00000014	Henriciella sp036339715	Henriciella	WANG22-1	Marine biofilm	True	3	3	0.667	0.667	562	3	3	1.000	3	3	69.64	0.92	likely_legit
WANG22-1_SAMN08714533-S015_MAG_00000007	Paracoccus homiensis	Paracoccus	WANG22-1	Marine biofilm	True	3	3	1.000	1.000	693	3	3	1.000	3	3	87.02	1.26	likely_legit
WANG22-1_SAMN08714533-S017_MAG_00000028	Unknown JAJDOD01	JAJDOD01	WANG22-1	Marine biofilm	True	3	3	0.667	0.667	559	3	3	1.000	3	3	91.21	4.28	likely_legit
WANG22-1_SAMN08714533-S018_MAG_00000004	Paracoccus homiensis	Paracoccus	WANG22-1	Marine biofilm	True	3	3	1.000	1.000	614	3	3	1.000	0	0	99.09	1.61	likely_legit
WANG22-1_SAMN08714533-S019_MAG_00000001	Unknown JAJDOD01	JAJDOD01	WANG22-1	Marine biofilm	True	3	3	0.667	0.667	559	3	3	1.000	2	3	95.39	2.63	likely_legit
WANG22-1_SAMN08714533-S035_MAG_00000008	Unknown Parasphingopyxis	Parasphingopyxis	WANG22-1	Marine biofilm	True	3	3	1.000	0.667	563	3	3	1.000	3	3	84.51	0.0	likely_legit
WANG22-1_SAMN08714533-S044_MAG_00000015	UBA7359 sp038142205	UBA7359	WANG22-1	Marine biofilm	True	3	3	0.667	0.000	302	3	3	1.000	1	2	89.82	1.58	likely_legit
WANG22-1_SAMN08714533-S068_MAG_00000107	Unknown JAMWZD01	JAMWZD01	WANG22-1	Marine biofilm	True	3	3	1.000	0.333	413	3	3	1.000	3	3	93.41	0.0	likely_legit
WANG22-1_SAMN08714533-S076_MAG_00000061	Unknown Sulfitobacter	Sulfitobacter	WANG22-1	Marine biofilm	True	3	3	1.000	0.333	471	3	3	1.000	3	3	60.85	3.28	likely_legit
WANG22-1_SAMN08714533-S077_MAG_00000024	Unknown Roseovarius	Roseovarius	WANG22-1	Marine biofilm	True	3	3	0.667	1.000	589	3	3	1.000	3	3	97.32	0.55	likely_legit
WANG22-1_SAMN08714533-S077_MAG_00000052	Unknown UBA2510	UBA2510	WANG22-1	Marine biofilm	True	3	3	1.000	1.000	596	3	3	1.000	3	3	91.55	0.0	likely_legit
WANG22-1_SAMN08714533-S078_MAG_00000003	Unknown Roseovarius	Roseovarius	WANG22-1	Marine biofilm	True	3	3	0.667	0.333	440	3	3	1.000	3	3	56.36	1.27	likely_legit
WANG22-1_SAMN08714533-S078_MAG_00000019	Unknown Henriciella	Henriciella	WANG22-1	Marine biofilm	True	3	3	1.000	0.667	563	3	3	1.000	3	3	98.59	1.41	likely_legit
WANG22-1_SAMN08714533-S078_MAG_00000047	Unknown Tateyamaria	Tateyamaria	WANG22-1	Marine biofilm	True	3	3	0.667	1.000	615	3	3	1.000	2	2	80.82	0.75	likely_legit
WANG22-1_SAMN08714533-S078_MAG_00000065	Unknown Roseovarius	Roseovarius	WANG22-1	Marine biofilm	True	3	3	1.000	1.000	553	3	3	1.000	3	3	96.03	0.85	likely_legit
WANG22-1_SAMN08714533-S079_MAG_00000044	Unknown Roseovarius	Roseovarius	WANG22-1	Marine biofilm	True	3	3	1.000	0.667	540	3	3	1.000	2	2	95.47	0.89	likely_legit
WANG22-1_SAMN08714533-S079_MAG_00000071	Unknown Henriciella	Henriciella	WANG22-1	Marine biofilm	True	3	3	0.667	0.333	360	3	3	1.000	2	2	97.56	0.91	likely_legit
WANG22-1_SAMN08714533-S079_MAG_00000088	Unknown Tateyamaria	Tateyamaria	WANG22-1	Marine biofilm	True	3	3	0.667	0.667	553	3	3	1.000	0	0	100.0	1.41	likely_legit
WANG22-1_SAMN08714533-S080_MAG_00000026	Unknown Roseovarius	Roseovarius	WANG22-1	Marine biofilm	True	3	3	1.000	1.000	553	3	3	1.000	0	0	98.59	1.41	likely_legit
WANG22-1_SAMN08714533-S080_MAG_00000027	Unknown Henriciella	Henriciella	WANG22-1	Marine biofilm	True	3	3	1.000	0.667	563	3	3	1.000	0	0	96.1	2.57	likely_legit
WANG22-1_SAMN08714533-S080_MAG_00000039	Unknown Tateyamaria	Tateyamaria	WANG22-1	Marine biofilm	True	3	3	0.667	0.667	553	3	3	1.000	0	0	88.34	1.46	likely_legit
WANG22-1_SAMN08714533-S081_MAG_00000007	Unknown Tateyamaria	Tateyamaria	WANG22-1	Marine biofilm	True	3	3	0.667	0.667	553	3	3	1.000	0	0	96.98	0.99	likely_legit
WANG22-1_SAMN08714533-S081_MAG_00000012	Unknown Henriciella	Henriciella	WANG22-1	Marine biofilm	True	3	3	1.000	0.667	563	3	3	1.000	0	0	97.18	2.82	likely_legit
WANG22-1_SAMN08714533-S081_MAG_00000058	Unknown Roseovarius	Roseovarius	WANG22-1	Marine biofilm	True	3	3	0.667	0.667	540	3	3	1.000	1	1	96.02	1.88	likely_legit
WANG22-1_SAMN08714533-S081_MAG_00000092	Unknown Tectiglobus	Tectiglobus	WANG22-1	Marine biofilm	True	3	3	0.667	0.000	409	3	3	1.000	2	2	57.75	1.41	likely_legit
WANG22-1_SAMN08714533-S082_MAG_00000006	Unknown UBA1479	UBA1479	WANG22-1	Marine biofilm	True	3	3	1.000	0.667	607	3	3	1.000	3	3	97.18	1.41	likely_legit
WANG22-1_SAMN08714533-S082_MAG_00000061	Unknown UBA2510	UBA2510	WANG22-1	Marine biofilm	True	3	3	1.000	1.000	596	3	3	1.000	0	0	97.43	0.67	likely_legit
WANG22-1_SAMN08714533-S083_MAG_00000023	Unknown Tateyamaria	Tateyamaria	WANG22-1	Marine biofilm	True	3	3	0.667	0.667	615	3	3	1.000	1	1	98.22	0.96	likely_legit
WANG22-1_SAMN08714533-S083_MAG_00000035	Unknown UBA2510	UBA2510	WANG22-1	Marine biofilm	True	3	3	1.000	1.000	596	3	3	1.000	0	0	88.67	1.17	likely_legit
WANG22-1_SAMN08714533-S084_MAG_00000039	Unknown Tateyamaria	Tateyamaria	WANG22-1	Marine biofilm	True	3	3	0.667	0.667	615	3	3	1.000	1	1	95.77	2.82	likely_legit
WANG22-1_SAMN08714533-S084_MAG_00000042	Unknown Roseovarius	Roseovarius	WANG22-1	Marine biofilm	True	3	3	1.000	1.000	553	3	3	1.000	0	0	100.0	1.41	likely_legit
WANG22-1_SAMN08714533-S085_MAG_00000041	Unknown Tateyamaria	Tateyamaria	WANG22-1	Marine biofilm	True	3	3	0.667	1.000	615	3	3	1.000	1	1	96.14	1.33	likely_legit
WANG22-1_SAMN08714533-S086_MAG_00000034	Unknown Alexandriicola	Alexandriicola	WANG22-1	Marine biofilm	True	3	3	0.333	0.667	614	3	3	1.000	2	2	72.14	1.36	uncertain
WANG22-1_SAMN08714533-S087_MAG_00000016	Unknown JAMWZF01	JAMWZF01	WANG22-1	Marine biofilm	True	3	3	1.000	0.667	593	3	3	1.000	1	1	91.2	1.73	likely_legit
WANG22-1_SAMN08714533-S087_MAG_00000034	Unknown UBA2510	UBA2510	WANG22-1	Marine biofilm	True	3	3	0.667	0.667	559	3	3	1.000	1	1	97.65	0.6	likely_legit
WANG22-1_SAMN08714533-S087_MAG_00000084	Unknown Alexandriicola	Alexandriicola	WANG22-1	Marine biofilm	True	3	3	0.667	0.667	603	3	3	1.000	2	2	91.88	4.12	likely_legit
WANG22-1_SAMN08714533-S092_MAG_00000054	Sulfitobacter sp000156335	Sulfitobacter	WANG22-1	Marine biofilm	True	3	3	1.000	1.000	601	3	3	1.000	3	3	82.41	0.86	likely_legit
WANG22-1_SAMN08714533-S094_MAG_00000015	Unknown CAJXSN01	CAJXSN01	WANG22-1	Marine biofilm	True	3	3	1.000	0.667	563	3	3	1.000	3	3	50.57	0.0	likely_legit
WANG22-1_SAMN08714533-S095_MAG_00000047	Sulfitobacter sp025143825	Sulfitobacter	WANG22-1	Marine biofilm	True	3	3	0.667	0.667	584	3	3	1.000	3	3	94.36	2.74	likely_legit
WANG22-1_SAMN08714533-S096_MAG_00000066	Unknown CAJXSN01	CAJXSN01	WANG22-1	Marine biofilm	True	3	3	0.667	0.333	415	3	3	1.000	1	1	59.15	8.45	likely_legit
WANG22-1_SAMN08714533-S096_MAG_00000124	CAJXSN01 sp027941995	CAJXSN01	WANG22-1	Marine biofilm	True	3	3	1.000	0.667	588	3	3	1.000	3	3	52.11	0.0	likely_legit
WANG22-1_SAMN08714533-S096_MAG_00000133	Unknown Croceicoccus	Croceicoccus	WANG22-1	Marine biofilm	True	3	3	1.000	0.333	415	3	3	1.000	3	3	87.92	4.34	likely_legit
WANG22-1_SAMN08714533-S097_MAG_00000026	Unknown Qipengyuania	Qipengyuania	WANG22-1	Marine biofilm	True	3	3	0.667	0.333	312	3	3	1.000	3	3	52.6	0.0	likely_legit
WANG22-1_SAMN08714533-S097_MAG_00000066	Unknown Qipengyuania	Qipengyuania	WANG22-1	Marine biofilm	True	3	3	0.667	0.333	359	3	3	1.000	3	3	52.64	2.59	likely_legit
WANG22-1_SAMN08714533-S099_MAG_00000025	Halomonas litopenaei	Halomonas	WANG22-1	Marine biofilm	True	3	3	0.667	0.667	571	3	3	1.000	2	3	100.0	0.0	likely_legit
WANG22-1_SAMN08714533-S101_MAG_00000010	Alcaligenes aquatilis	Alcaligenes	WANG22-1	Marine biofilm	True	3	3	0.333	0.333	491	3	3	1.000	2	2	72.14	0.99	uncertain
WANG22-1_SAMN08714533-S104_MAG_00000004	Unknown JACKNG01	JACKNG01	WANG22-1	Marine biofilm	True	3	3	1.000	0.333	366	3	3	1.000	2	2	84.51	1.41	likely_legit
WANG22-1_SAMN08714533-S105_MAG_00000150	Unknown JACKNG01	JACKNG01	WANG22-1	Marine biofilm	True	3	3	1.000	0.333	366	3	3	1.000	1	1	87.26	4.55	likely_legit
WANG22-1_SAMN08714533-S110_MAG_00000077	Unknown Acuticoccus	Acuticoccus	WANG22-1	Marine biofilm	True	3	3	0.667	1.000	608	3	3	1.000	3	3	93.65	0.77	likely_legit
WANG22-1_SAMN08714533-S110_MAG_00000088	Algiphilus sp022763315	Algiphilus	WANG22-1	Marine biofilm	True	3	3	0.667	0.000	385	3	3	1.000	2	2	94.1	2.63	likely_legit
WANG22-1_SAMN08714533-S110_MAG_00000107	Unknown JADFOB01	JADFOB01	WANG22-1	Marine biofilm	True	3	3	0.667	0.667	595	3	3	1.000	1	2	97.16	1.2	likely_legit
WANG22-1_SAMN08714533-S110_MAG_00000139	Unknown JACKNG01	JACKNG01	WANG22-1	Marine biofilm	True	3	3	1.000	0.333	366	3	3	1.000	0	0	94.24	2.94	likely_legit
WANG22-1_SAMN08714533-S110_MAG_00000155	Unknown CALDSD01	CALDSD01	WANG22-1	Marine biofilm	True	3	3	0.667	0.667	634	3	3	1.000	3	3	91.55	2.82	likely_legit
WANG22-1_SAMN08714533-S110_MAG_00000162	Unknown UBA4479	UBA4479	WANG22-1	Marine biofilm	True	3	3	1.000	0.667	599	3	3	1.000	3	3	97.18	0.0	likely_legit
WANG22-1_SAMN08714533-S111_MAG_00000063	Unknown UBA4479	UBA4479	WANG22-1	Marine biofilm	True	3	3	1.000	0.667	599	3	3	1.000	0	0	97.22	1.0	likely_legit
WANG22-1_SAMN08714533-S111_MAG_00000073	Unknown Micavibrionaceae	Unknown Micavibrionaceae	WANG22-1	Marine biofilm	True	3	3	1.000	0.667	574	3	3	1.000	2	2	98.59	1.41	likely_legit
WANG22-1_SAMN08714533-S111_MAG_00000087	Algiphilus sp022763315	Algiphilus	WANG22-1	Marine biofilm	True	3	3	0.667	0.000	385	3	3	1.000	1	1	97.18	0.0	likely_legit
WANG22-1_SAMN08714533-S111_MAG_00000174	Unknown JACKNG01	JACKNG01	WANG22-1	Marine biofilm	True	3	3	1.000	0.333	366	3	3	1.000	0	0	85.02	1.49	likely_legit
WANG22-1_SAMN08714533-S113_MAG_00000058	Unknown Micavibrionaceae	Unknown Micavibrionaceae	WANG22-1	Marine biofilm	True	3	3	1.000	0.667	574	3	3	1.000	0	0	97.18	1.41	likely_legit
WANG22-1_SAMN08714533-S113_MAG_00000059	Unknown Acuticoccus	Acuticoccus	WANG22-1	Marine biofilm	True	3	3	0.667	1.000	608	3	3	1.000	0	0	100.0	0.0	likely_legit
WANG22-1_SAMN08714533-S113_MAG_00000103	Unknown UBA4479	UBA4479	WANG22-1	Marine biofilm	True	3	3	1.000	0.667	599	3	3	1.000	0	0	96.48	2.94	likely_legit
WANG22-1_SAMN08714533-S113_MAG_00000113	Unknown Methyloceanibacter	Methyloceanibacter	WANG22-1	Marine biofilm	True	3	3	0.667	1.000	790	3	3	1.000	1	1	94.35	4.64	likely_legit
WANG22-1_SAMN08714533-S113_MAG_00000143	Unknown CALDSD01	CALDSD01	WANG22-1	Marine biofilm	True	3	3	1.000	0.667	634	3	3	1.000	1	1	95.99	2.63	likely_legit
WANG22-1_SAMN08714535-S001_MAG_00000005	WKFI01 sp022763485	WKFI01	WANG22-1	Marine biofilm	True	3	3	1.000	0.667	581	3	3	1.000	2	2	76.14	7.32	likely_legit
WANG22-1_SAMN08714535-S001_MAG_00000092	Henriciella sp036339715	Henriciella	WANG22-1	Marine biofilm	True	3	3	0.667	0.667	562	3	3	1.000	2	2	95.77	0.32	likely_legit
WANG22-1_SAMN08714535-S003_MAG_00000116	Henriciella sp036339715	Henriciella	WANG22-1	Marine biofilm	True	3	3	0.667	0.667	562	3	3	1.000	1	1	95.78	0.49	likely_legit
WANG22-1_SAMN08714535-S006_MAG_00000091	Sphingobium abikonense	Sphingobium	WANG22-1	Marine biofilm	True	3	3	0.333	0.000	408	3	3	1.000	2	2	76.47	1.65	uncertain
WANG22-1_SAMN08714535-S006_MAG_00000124	Limnobacter sp001601825	Limnobacter	WANG22-1	Marine biofilm	True	3	3	0.667	0.333	408	3	3	1.000	3	3	96.89	0.21	likely_legit
WANG22-1_SAMN08714535-S008_MAG_00000075	Limnobacter sp001601825	Limnobacter	WANG22-1	Marine biofilm	True	3	3	0.667	0.333	408	3	3	1.000	0	0	98.17	0.43	likely_legit
WANG22-1_SAMN08714628-S001_MAG_00000043	Henriciella sp036339715	Henriciella	WANG22-1	Marine biofilm	True	3	3	0.667	0.667	562	3	3	1.000	1	1	98.59	1.41	likely_legit
WANG22-1_SAMN08714628-S001_MAG_00000193	Unknown JAVJUV01	JAVJUV01	WANG22-1	Marine biofilm	True	3	3	1.000	0.667	602	3	3	1.000	2	3	82.77	8.34	likely_legit
WANG22-1_SAMN08714628-S001_MAG_00000327	Unknown Neptunomonas	Neptunomonas	WANG22-1	Marine biofilm	True	3	3	1.000	0.333	366	3	3	1.000	3	3	65.77	2.4	likely_legit
WANG22-1_SAMN08714628-S001_MAG_00000385	Unknown Novosphingobium	Novosphingobium	WANG22-1	Marine biofilm	True	3	3	1.000	0.667	589	3	3	1.000	3	3	93.4	0.54	likely_legit
WANG22-1_SAMN08714628-S002_MAG_00000051	Unknown CALKXV01	CALKXV01	WANG22-1	Marine biofilm	True	3	3	0.333	0.333	420	3	3	1.000	2	3	78.29	2.94	uncertain
WANG22-1_SAMN08714628-S002_MAG_00000115	Unknown Parasphingopyxis	Parasphingopyxis	WANG22-1	Marine biofilm	True	3	3	1.000	0.333	362	3	3	1.000	3	3	64.79	1.41	likely_legit
WANG22-1_SAMN08714628-S002_MAG_00000147	Unknown CAKZTM01	CAKZTM01	WANG22-1	Marine biofilm	True	3	3	0.667	0.333	397	3	3	1.000	3	3	52.11	7.04	likely_legit
WANG22-1_SAMN08714628-S002_MAG_00000265	Henriciella sp027019605	Henriciella	WANG22-1	Marine biofilm	True	3	3	0.333	0.333	410	3	3	1.000	3	3	79.76	1.26	uncertain
WANG22-1_SAMN08714628-S002_MAG_00000273	Unknown JACKNK01	Unknown JACKNK01	WANG22-1	Marine biofilm	True	3	3	0.667	0.000	355	2	3	0.667	3	3	54.93	7.04	likely_legit
WEBE19-1_SAMN10854668_MAG_00000020	Unknown Henriciella	Henriciella	WEBE19-1	Seawater	True	3	3	0.667	0.333	409	3	3	1.000	3	3	80.35	1.35	likely_legit
WILS17-1_SAMN21216437_MAG_00000028	Pseudoxanthomonas_A mexicana	Pseudoxanthomonas_A	WILS17-1	Seawater	True	3	3	0.667	0.000	357	2	3	0.667	2	2	90.1	0.94	likely_legit
WIND23-1_Gp0561256-S001_MAG_00000031	Loktanella salsilacus	Loktanella	WIND23-1	Sea ice	True	3	3	1.000	0.667	591	3	3	1.000	2	2	81.38	0.0	likely_legit
WIND23-1_Gp0561256-S001_MAG_00000043	Neptuniibacter pectenicola	Neptuniibacter	WIND23-1	Sea ice	True	3	3	1.000	0.667	586	3	3	1.000	0	0	98.59	0.0	likely_legit
WIND23-1_Gp0561256-S001_MAG_00000045	Afipia broomeae	Afipia	WIND23-1	Sea ice	True	3	3	0.667	0.667	606	3	3	1.000	3	3	99.37	1.08	likely_legit
WIND23-1_Gp0561256-S001_MAG_00000078	Unknown Celeribacter	Celeribacter	WIND23-1	Sea ice	True	3	3	1.000	1.000	601	3	3	1.000	3	3	92.48	1.14	likely_legit
WIND23-1_Gp0561256-S001_MAG_00000131	Pseudophaeobacter arcticus	Pseudophaeobacter	WIND23-1	Sea ice	True	3	3	1.000	0.667	602	3	3	1.000	2	3	94.28	0.12	likely_legit
WIND23-1_Gp0561256-S001_MAG_00000144	Sulfitobacter sp013139555	Sulfitobacter	WIND23-1	Sea ice	True	3	3	1.000	0.667	602	3	3	1.000	2	3	96.94	0.0	likely_legit
WIND23-1_Gp0561257-S001_MAG_00000023	GCA-2731375 sp028824965	GCA-2731375	WIND23-1	Seawater	True	3	3	0.667	0.000	398	3	3	1.000	2	2	58.19	2.39	likely_legit
WIND23-1_Gp0561257-S001_MAG_00000378	UBA11873 sp963854885	UBA11873	WIND23-1	Seawater	True	3	3	1.000	0.333	370	3	3	1.000	3	3	91.55	4.23	likely_legit
WIND23-1_Gp0561258-S001_MAG_00000068	Sphingomonas echinoides	Sphingomonas	WIND23-1	Sea ice	True	3	3	0.667	0.333	360	3	3	1.000	2	2	92.01	3.61	likely_legit
WIND23-1_Gp0561258-S001_MAG_00000075	Unknown Celeribacter	Celeribacter	WIND23-1	Sea ice	True	3	3	1.000	1.000	601	3	3	1.000	2	2	93.74	0.3	likely_legit
WIND23-1_Gp0561258-S001_MAG_00000153	Neptuniibacter pectenicola	Neptuniibacter	WIND23-1	Sea ice	True	3	3	1.000	0.667	586	3	3	1.000	0	0	100.0	0.0	likely_legit
WIND23-1_Gp0561258-S001_MAG_00000195	Loktanella salsilacus	Loktanella	WIND23-1	Sea ice	True	3	3	1.000	0.667	591	3	3	1.000	0	0	97.87	0.61	likely_legit
WIND23-1_Gp0561259-S001_MAG_00000034	Sulfitobacter sp013139555	Sulfitobacter	WIND23-1	Sea ice	True	3	3	1.000	0.667	602	3	3	1.000	0	0	98.4	1.38	likely_legit
WIND23-1_Gp0561259-S001_MAG_00000044	Unknown Celeribacter	Celeribacter	WIND23-1	Sea ice	True	3	3	1.000	1.000	601	3	3	1.000	1	1	92.21	0.76	likely_legit
WIND23-1_Gp0561259-S001_MAG_00000057	Sulfitobacter sp026421135	Sulfitobacter	WIND23-1	Sea ice	True	3	3	1.000	1.000	616	3	3	1.000	0	0	58.1	0.0	likely_legit
WIND23-1_Gp0561259-S001_MAG_00000058	Neptuniibacter pectenicola	Neptuniibacter	WIND23-1	Sea ice	True	3	3	1.000	0.667	586	3	3	1.000	0	0	100.0	0.0	likely_legit
WIND23-1_Gp0561259-S001_MAG_00000065	Loktanella salsilacus	Loktanella	WIND23-1	Sea ice	True	3	3	1.000	0.667	591	3	3	1.000	1	1	94.16	0.71	likely_legit
WIND23-1_Gp0561259-S001_MAG_00000066	Pseudophaeobacter arcticus	Pseudophaeobacter	WIND23-1	Sea ice	True	3	3	1.000	0.667	602	3	3	1.000	0	0	96.69	1.3	likely_legit
WIND23-1_Gp0561260-S001_MAG_00000038	Neptuniibacter pectenicola	Neptuniibacter	WIND23-1	Sea ice	True	3	3	1.000	0.667	586	3	3	1.000	0	0	97.51	0.21	likely_legit
WIND23-1_Gp0561260-S001_MAG_00000093	Unknown Oceanicella	Oceanicella	WIND23-1	Sea ice	True	3	3	1.000	1.000	604	3	3	1.000	3	3	96.2	0.4	likely_legit
WIND23-1_Gp0561260-S001_MAG_00000127	Unknown Yoonia	Yoonia	WIND23-1	Sea ice	True	3	3	0.667	0.333	424	3	3	1.000	2	3	99.06	0.04	likely_legit
WIND23-1_Gp0561260-S001_MAG_00000151	Unknown Rhodobacteraceae	Unknown Rhodobacteraceae	WIND23-1	Sea ice	True	3	3	1.000	0.667	596	3	3	1.000	1	1	97.35	0.2	likely_legit
WIND23-1_Gp0561260-S001_MAG_00000186	Unknown JAJNBL01	Unknown JAJNBL01	WIND23-1	Sea ice	True	3	3	0.667	0.000	371	3	3	1.000	3	3	80.58	3.75	likely_legit
WIND23-1_Gp0561260-S001_MAG_00000241	Unknown Celeribacter	Celeribacter	WIND23-1	Sea ice	True	3	3	1.000	1.000	601	3	3	1.000	1	1	79.31	0.0	likely_legit
WIND23-1_Gp0561261-S001_MAG_00000001	Loktanella salsilacus	Loktanella	WIND23-1	Sea ice	True	3	3	1.000	0.667	591	3	3	1.000	1	1	93.55	0.63	likely_legit
WIND23-1_Gp0561261-S001_MAG_00000109	Unknown Celeribacter	Celeribacter	WIND23-1	Sea ice	True	3	3	1.000	1.000	595	3	3	1.000	1	1	96.99	0.44	likely_legit
WIND23-1_Gp0561261-S001_MAG_00000122	Unknown Yoonia	Yoonia	WIND23-1	Sea ice	True	3	3	0.667	0.333	424	3	3	1.000	1	1	98.59	7.04	likely_legit
WIND23-1_Gp0561261-S001_MAG_00000170	Unknown Rhodobacteraceae	Unknown Rhodobacteraceae	WIND23-1	Sea ice	True	3	3	1.000	1.000	604	3	3	1.000	2	2	98.77	0.43	likely_legit
WIND23-1_Gp0561262-S001_MAG_00000072	Unknown Oceanicella	Oceanicella	WIND23-1	Sea ice	True	3	3	1.000	1.000	604	3	3	1.000	0	0	97.78	0.6	likely_legit
WIND23-1_Gp0561262-S001_MAG_00000100	Unknown Rhodobacteraceae	Unknown Rhodobacteraceae	WIND23-1	Sea ice	True	3	3	1.000	0.667	536	3	3	1.000	3	3	71.11	1.33	likely_legit
WIND23-1_Gp0561262-S001_MAG_00000161	Loktanella salsilacus	Loktanella	WIND23-1	Sea ice	True	3	3	1.000	0.667	591	3	3	1.000	0	0	92.8	0.61	likely_legit
WIND23-1_Gp0561263-S001_MAG_00000005	Unknown Oceanicella	Oceanicella	WIND23-1	Sea ice	True	3	3	1.000	1.000	605	3	3	1.000	2	2	97.09	0.4	likely_legit
WIND23-1_Gp0561263-S001_MAG_00000048	Unknown Rhodobacteraceae	Unknown Rhodobacteraceae	WIND23-1	Sea ice	True	3	3	1.000	0.333	421	3	3	1.000	3	3	73.23	1.91	likely_legit
WIND23-1_Gp0561263-S001_MAG_00000094	Unknown Oceanicella	Oceanicella	WIND23-1	Sea ice	True	3	3	1.000	1.000	604	3	3	1.000	0	0	99.6	0.4	likely_legit
WIND23-1_Gp0561265-S001_MAG_00000076	Unknown GCA-2731375	GCA-2731375	WIND23-1	Seawater	True	3	3	1.000	0.333	408	3	3	1.000	3	3	94.79	0.67	likely_legit
WIND23-1_Gp0561265-S001_MAG_00000319	Unknown Sphingomonas	Sphingomonas	WIND23-1	Seawater	True	3	3	1.000	0.333	358	3	3	1.000	3	3	96.27	3.57	likely_legit
WIND23-1_Gp0561267-S001_MAG_00000032	Unknown JABJJH01	JABJJH01	WIND23-1	Seawater	True	3	3	1.000	0.333	407	3	3	1.000	1	1	98.26	0.43	likely_legit
WIND23-1_Gp0561268-S001_MAG_00000055	Unknown GCA-002724395	GCA-002724395	WIND23-1	Seawater	True	3	3	0.667	0.333	413	3	3	1.000	2	2	98.59	7.04	likely_legit
WIND23-1_Gp0561268-S001_MAG_00000269	Unknown JABJJH01	JABJJH01	WIND23-1	Seawater	True	3	3	1.000	0.333	407	3	3	1.000	0	0	95.77	0.0	likely_legit
WIND23-1_Gp0561270-S001_MAG_00000048	Unknown JABJJH01	JABJJH01	WIND23-1	Seawater	True	3	3	1.000	0.333	407	3	3	1.000	0	0	95.77	0.0	likely_legit
XUSH22-1_SAMN16869647_MAG_00000081	Salinisphaera sp017744135	Salinisphaera	XUSH22-1	Seawater	True	3	3	0.667	0.333	383	3	3	1.000	2	2	98.59	1.41	likely_legit
XUSH22-1_SAMN16869652_MAG_00000027	Salinisphaera orenii	Salinisphaera	XUSH22-1	Seawater	True	3	3	0.667	0.333	383	3	3	1.000	2	2	90.14	0.0	likely_legit
XUSH22-1_SAMN16869653_MAG_00000038	Unknown CAJXSN01	CAJXSN01	XUSH22-1	Seawater	True	3	3	1.000	0.333	466	3	3	1.000	3	3	62.54	2.29	likely_legit
XUSH22-1_SAMN16869654_MAG_00000031	Salinisphaera sp017744135	Salinisphaera	XUSH22-1	Seawater	True	3	3	0.667	0.333	381	3	3	1.000	2	2	95.77	1.41	likely_legit
XUSH22-1_SAMN16869660_MAG_00000015	Salinisphaera sp017744135	Salinisphaera	XUSH22-1	Seawater	True	3	3	0.667	0.333	383	3	3	1.000	1	1	100.0	0.0	likely_legit
XUSH22-1_SAMN16869661_MAG_00000024	Salinisphaera sp017744135	Salinisphaera	XUSH22-1	Seawater	True	3	3	0.667	0.333	383	3	3	1.000	2	2	98.59	1.41	likely_legit
YANW21-1_SAMN17278060_MAG_00000004	Qipengyuania sp001542855	Qipengyuania	YANW21-1	Seawater	True	3	3	1.000	0.667	563	3	3	1.000	3	3	100.0	0.0	likely_legit
YANW21-1_SAMN17278060_MAG_00000010	Roseibium sp017643215	Roseibium	YANW21-1	Seawater	True	3	3	0.667	1.000	621	3	3	1.000	3	3	99.6	1.0	likely_legit
YANW21-1_SAMN17278060_MAG_00000014	UBA4479 sp017640505	UBA4479	YANW21-1	Seawater	True	3	3	1.000	0.667	599	3	3	1.000	3	3	100.0	0.0	likely_legit
YANW21-1_SAMN17278061_MAG_00000003	Roseitalea sp017642895	Roseitalea	YANW21-1	Seawater	True	3	3	0.667	0.667	616	3	3	1.000	3	3	67.05	0.0	likely_legit
YANW21-1_SAMN17278061_MAG_00000008	Roseitalea stylonematis	Roseitalea	YANW21-1	Seawater	True	3	3	1.000	0.667	563	3	3	1.000	3	3	99.07	1.1	likely_legit
YANW21-1_SAMN17278062_MAG_00000006	Roseitalea stylonematis	Roseitalea	YANW21-1	Seawater	True	3	3	1.000	0.667	563	3	3	1.000	1	1	76.36	0.0	likely_legit
YANW21-1_SAMN17278062_MAG_00000017	Roseitalea sp017642895	Roseitalea	YANW21-1	Seawater	True	3	3	0.667	0.667	616	3	3	1.000	1	1	100.0	0.0	likely_legit
YANW21-1_SAMN17278063_MAG_00000003	Roseitalea stylonematis	Roseitalea	YANW21-1	Seawater	True	3	3	1.000	0.667	563	3	3	1.000	0	0	99.19	0.39	likely_legit
YANW21-1_SAMN17278076_MAG_00000006	JAYZVO01 sp036155555	JAYZVO01	YANW21-1	Seawater	True	3	3	0.333	0.333	416	3	3	1.000	3	3	94.37	2.82	uncertain
YANW21-1_SAMN17278076_MAG_00000016	Roseitalea stylonematis	Roseitalea	YANW21-1	Seawater	True	3	3	1.000	0.667	563	3	3	1.000	0	0	99.19	0.52	likely_legit
YANW21-1_SAMN17278086_MAG_00000002	Roseitalea stylonematis	Roseitalea	YANW21-1	Seawater	True	3	3	1.000	0.667	563	3	3	1.000	0	0	99.19	0.39	likely_legit
YANW21-1_SAMN17278086_MAG_00000025	Roseitalea sp017642895	Roseitalea	YANW21-1	Seawater	True	3	3	0.667	0.667	616	3	3	1.000	2	2	77.93	0.0	likely_legit
YANW21-1_SAMN17278184_MAG_00000023	HXMU1428-3 sp017640685	HXMU1428-3	YANW21-1	Seawater	True	3	3	0.333	0.333	234	3	3	1.000	3	3	100.0	1.41	uncertain
YANW21-1_SAMN17278185_MAG_00000014	UBA4479 sp017640505	UBA4479	YANW21-1	Seawater	True	3	3	1.000	0.667	599	3	3	1.000	0	0	97.18	0.0	likely_legit
YANW21-1_SAMN17278186_MAG_00000003	UBA4479 sp017644185	UBA4479	YANW21-1	Seawater	True	3	3	1.000	0.667	599	3	3	1.000	3	3	100.0	0.0	likely_legit
YANW21-1_SAMN17278196_MAG_00000004	Hyphomonas sp017792385	Hyphomonas	YANW21-1	Seawater	True	3	3	1.000	0.667	564	3	3	1.000	3	3	59.17	0.6	likely_legit
YOSH21-1_SAMD00070685_MAG_00000001	Unknown Henriciella	Henriciella	YOSH21-1	Seawater	True	3	3	0.333	0.333	410	3	3	1.000	3	3	72.64	3.68	uncertain
ZHAN22-1_SAMN11355748_MAG_00000225	Unknown Qipengyuania	Qipengyuania	ZHAN22-1	Seawater	True	3	3	1.000	0.667	565	3	3	1.000	3	3	53.52	4.23	likely_legit
ZHAN22-1_SAMN11355748_MAG_00000269	JAYZVO01 sp036155555	JAYZVO01	ZHAN22-1	Seawater	True	3	3	0.667	0.333	403	3	3	1.000	2	3	100.0	5.63	likely_legit
ZHAN22-1_SAMN19492042_MAG_00000090	Unknown CATLTV01	CATLTV01	ZHAN22-1	Seawater	True	3	3	0.667	0.333	377	3	3	1.000	1	1	100.0	4.23	likely_legit
ZHAN22-1_SAMN19492042_MAG_00000220	Alteromonas aggregata	Alteromonas	ZHAN22-1	Seawater	True	3	3	1.000	0.667	578	3	3	1.000	2	3	95.67	0.45	likely_legit
ZHAN22-1_SAMN19492042_MAG_00000251	Unknown JAYZVO01	JAYZVO01	ZHAN22-1	Seawater	True	3	3	0.667	0.333	408	3	3	1.000	3	3	87.32	2.82	likely_legit
ZHAN22-1_SAMN19492043_MAG_00000023	Unknown Qipengyuania	Qipengyuania	ZHAN22-1	Seawater	True	3	3	1.000	0.667	565	3	3	1.000	3	3	76.65	2.86	likely_legit
ZHAN22-1_SAMN19492043_MAG_00000032	Unknown CATLTV01	CATLTV01	ZHAN22-1	Seawater	True	3	3	0.667	0.333	377	3	3	1.000	1	1	100.0	4.23	likely_legit
ZHAN22-1_SAMN19492043_MAG_00000107	Unknown JAYZVO01	JAYZVO01	ZHAN22-1	Seawater	True	3	3	0.667	0.333	353	3	3	1.000	2	2	85.29	4.03	likely_legit
ZHAN22-2_SAMN18200486_MAG_00000034	Caulobacter sp001556515	Caulobacter	ZHAN22-2	Seawater	True	3	3	0.667	0.667	581	3	3	1.000	3	3	83.1	0.0	likely_legit
ZHAN22-2_SAMN18200488_MAG_00000139	Marinobacter adhaerens	Marinobacter	ZHAN22-2	Seawater	True	3	3	0.667	0.333	406	3	3	1.000	2	2	95.45	0.32	likely_legit
ZHAN22-2_SAMN18200489_MAG_00000062	JAABYT01 sp009937425	JAABYT01	ZHAN22-2	Marine sediment	True	3	3	1.000	0.333	485	3	3	1.000	3	3	63.38	1.41	likely_legit
ZHAN22-2_SAMN18200490_MAG_00000178	JAABYT01 sp009937425	JAABYT01	ZHAN22-2	Marine sediment	True	3	3	1.000	1.000	607	3	3	1.000	3	3	57.75	7.04	likely_legit
ZHAN22-2_SAMN18200491_MAG_00000143	Unknown GCA-2729495	Unknown GCA-2729495	ZHAN22-2	Marine sediment	True	3	3	0.667	0.667	555	2	3	0.667	3	3	85.92	2.82	likely_legit
ZHAN22-2_SAMN18200491_MAG_00000293	Unknown JAABYT01	JAABYT01	ZHAN22-2	Marine sediment	True	3	3	1.000	1.000	601	3	3	1.000	3	3	85.92	0.0	likely_legit
ZHAN22-2_SAMN18200492_MAG_00000091	Paremcibacter sp023142175	Paremcibacter	ZHAN22-2	Marine sediment	True	3	3	1.000	0.333	410	3	3	1.000	3	3	91.34	0.87	likely_legit
ZHAN22-2_SAMN18200492_MAG_00000113	Unknown JAABYT01	JAABYT01	ZHAN22-2	Marine sediment	True	3	3	0.667	0.333	438	3	3	1.000	2	3	73.67	5.18	likely_legit
ZHAN22-2_SAMN18200492_MAG_00000135	Unknown GCA-2729495	Unknown GCA-2729495	ZHAN22-2	Marine sediment	True	3	3	1.000	1.000	555	2	3	0.667	2	2	90.14	1.41	likely_legit
ZHAN22-2_SAMN18200493_MAG_00000174	Unknown JAABYT01	JAABYT01	ZHAN22-2	Marine sediment	True	3	3	1.000	0.667	601	3	3	1.000	2	2	81.69	1.41	likely_legit
ZHAN22-2_SAMN18200497_MAG_00000360	Paremcibacter sp023142175	Paremcibacter	ZHAN22-2	Marine sediment	True	3	3	1.000	0.333	410	3	3	1.000	1	1	96.65	1.3	likely_legit
ZHAN22-2_SAMN18200498_MAG_00000027	Paremcibacter sp023142175	Paremcibacter	ZHAN22-2	Marine sediment	True	3	3	1.000	0.333	410	3	3	1.000	2	2	79.37	0.43	likely_legit
ZHAN22-3_SAMN22787276_MAG_00000059	Unknown Yoonia	Yoonia	ZHAN22-3	Marine sediment	True	3	3	0.667	0.000	247	3	3	1.000	2	3	67.9	1.72	likely_legit
ZHAN22-3_SAMN22787331_MAG_00000092	Limnobacter sp902506325	Limnobacter	ZHAN22-3	Marine sediment	True	3	3	0.667	0.333	400	3	3	1.000	3	3	96.23	1.12	likely_legit
ZHAN22-5_SAMN24535023_MAG_00000015	Unknown Pseudotabrizicola	Pseudotabrizicola	ZHAN22-5	Glacier-fed stream water	True	3	3	1.000	0.667	598	3	3	1.000	2	3	98.18	1.01	likely_legit
ZHAN22-5_SAMN24535025_MAG_00000017	Sphingobium limneticum	Sphingobium	ZHAN22-5	Glacier-fed stream water	True	3	3	1.000	0.333	408	3	3	1.000	1	1	100.0	0.0	likely_legit
ZHAN22-5_SAMN24535025_MAG_00000039	Unknown Sphingomonas	Sphingomonas	ZHAN22-5	Glacier-fed stream water	True	3	3	0.667	0.333	349	3	3	1.000	3	3	97.98	1.18	likely_legit
ZHAN22-5_SAMN24535027_MAG_00000008	Unknown Sphingorhabdus_B	Sphingorhabdus_B	ZHAN22-5	Glacier-fed stream water	True	3	3	1.000	0.667	547	3	3	1.000	3	3	93.73	2.73	likely_legit
ZHAN22-5_SAMN24536024_MAG_00000047	Sphingomonas sp013374095	Sphingomonas	ZHAN22-5	Glacier-fed stream water	True	3	3	1.000	0.333	356	3	3	1.000	3	3	73.09	2.59	likely_legit
ZHAN22-5_SAMN24541573_MAG_00000016	Unknown JABDJX01	JABDJX01	ZHAN22-5	Glacier-fed stream water	True	3	3	1.000	0.667	600	3	3	1.000	2	3	83.07	3.93	likely_legit
ZHAN22-5_SAMN24541574_MAG_00000021	Unknown Sphingomonas	Sphingomonas	ZHAN22-5	Glacier-fed stream water	True	3	3	1.000	0.333	332	2	3	0.667	3	3	57.38	1.84	likely_legit
ZHAN22-5_SAMN24541574_MAG_00000033	Unknown Novosphingobium	Novosphingobium	ZHAN22-5	Glacier-fed stream water	True	3	3	1.000	0.667	580	3	3	1.000	3	3	99.93	9.0	likely_legit
ZHAN22-5_SAMN24541574_MAG_00000085	Unknown Sphingorhabdus_B	Sphingorhabdus_B	ZHAN22-5	Glacier-fed stream water	True	3	3	1.000	0.667	522	3	3	1.000	2	2	95.77	2.82	likely_legit
ZHAN22-5_SAMN24541575_MAG_00000008	Unknown Polaromonas	Polaromonas	ZHAN22-5	Glacier-fed stream water	True	3	3	0.667	0.667	540	3	3	1.000	3	3	96.65	3.11	likely_legit
ZHAN22-5_SAMN24541577_MAG_00000003	Unknown Colwellia	Colwellia	ZHAN22-5	Seawater	True	3	3	0.667	0.333	300	2	3	0.667	2	3	90.15	2.2	likely_legit
ZHAN22-5_SAMN24541579_MAG_00000022	Loktanella salsilacus	Loktanella	ZHAN22-5	Seawater	True	3	3	1.000	0.667	591	3	3	1.000	2	3	98.67	1.09	likely_legit
ZHAN22-5_SAMN24541579_MAG_00000028	Vreelandella titanicae	Vreelandella	ZHAN22-5	Seawater	True	3	3	1.000	1.000	636	3	3	1.000	1	1	99.71	1.29	likely_legit
ZHAN22-5_SAMN24541580_MAG_00000074	Sulfitobacter sp038900015	Sulfitobacter	ZHAN22-5	Seawater	True	3	3	0.667	0.667	589	3	3	1.000	2	3	91.68	2.06	likely_legit
ZHAN22-5_SAMN24541581_MAG_00000025	Loktanella salsilacus	Loktanella	ZHAN22-5	Seawater	True	3	3	1.000	0.667	591	3	3	1.000	1	2	97.37	0.86	likely_legit
ZHAN22-5_SAMN24541583_MAG_00000024	Loktanella salsilacus	Loktanella	ZHAN22-5	Seawater	True	3	3	1.000	0.667	591	3	3	1.000	2	3	92.2	2.56	likely_legit
ZHAN22-5_SAMN24541584_MAG_00000020	Unknown Marinobacter	Marinobacter	ZHAN22-5	Seawater	True	3	3	0.667	0.333	407	3	3	1.000	2	3	78.62	0.0	likely_legit
ZHAN22-5_SAMN24541584_MAG_00000041	Unknown Hyphomonas	Hyphomonas	ZHAN22-5	Seawater	True	3	3	1.000	1.000	586	3	3	1.000	3	3	100.0	5.63	likely_legit
ZHAN22-5_SAMN24541584_MAG_00000068	Marinobacter sp001858325	Marinobacter	ZHAN22-5	Seawater	True	3	3	0.333	0.333	406	3	3	1.000	2	3	98.79	9.38	uncertain
ZHAN22-5_SAMN24541586_MAG_00000004	Unknown Sphingomonas	Sphingomonas	ZHAN22-5	Seawater	True	3	3	0.667	0.333	368	3	3	1.000	1	1	93.9	1.41	likely_legit
ZHAN22-5_SAMN24541588_MAG_00000055	Sulfitobacter sp038900015	Sulfitobacter	ZHAN22-5	Seawater	True	3	3	0.667	0.667	589	3	3	1.000	0	0	95.68	1.88	likely_legit
ZHAN22-5_SAMN24541589_MAG_00000043	Sulfitobacter sp038900015	Sulfitobacter	ZHAN22-5	Seawater	True	3	3	0.667	0.667	589	3	3	1.000	0	0	100.0	0.0	likely_legit
ZHAN22-5_SAMN24541593_MAG_00000028	Sulfitobacter sp038900015	Sulfitobacter	ZHAN22-5	Seawater	True	3	3	0.667	0.667	561	3	3	1.000	2	2	57.35	0.91	likely_legit
ZHAN22-5_SAMN24541593_MAG_00000086	Aquicoccus porphyridii	Aquicoccus	ZHAN22-5	Seawater	True	3	3	1.000	0.667	598	3	3	1.000	2	3	97.18	0.0	likely_legit
ZHAO22-1_SAMN09979605_MAG_00000010	Unknown Casp-alpha2	Casp-alpha2	ZHAO22-1	Marine sediment	True	3	3	0.667	0.000	404	3	3	1.000	2	3	97.74	0.0	likely_legit
ZHEN15-1_SAMN22350761_MAG_00000013	Unknown JAEUMD01	JAEUMD01	ZHEN15-1	Estuarine sediment	True	3	3	0.667	0.333	465	3	3	1.000	3	3	89.67	2.33	likely_legit
ZHEN15-1_SAMN22350768_MAG_00000062	Unknown Eutrophobiaceae	Unknown Eutrophobiaceae	ZHEN15-1	Estuarine sediment	True	3	3	0.667	0.333	356	3	3	1.000	3	3	61.97	1.41	likely_legit
ZHEN15-1_SAMN22350768_MAG_00000073	SG8-39 sp041558415	SG8-39	ZHEN15-1	Estuarine sediment	True	3	3	0.667	1.000	611	3	3	1.000	3	3	96.59	2.56	likely_legit
ZHEN15-1_SAMN22350770_MAG_00000021	Unknown JARFQH01	JARFQH01	ZHEN15-1	Estuarine sediment	True	3	3	0.333	0.333	112	3	3	1.000	3	3	79.12	6.8	uncertain
ZHEN15-1_SAMN22350771_MAG_00000026	Unknown JAVJUV01	JAVJUV01	ZHEN15-1	Estuarine sediment	True	3	3	0.667	0.333	420	3	3	1.000	2	3	74.15	1.29	likely_legit
ZHEN15-1_SAMN22350772_MAG_00000013	Unknown JAVJUV01	JAVJUV01	ZHEN15-1	Estuarine sediment	True	3	3	0.667	0.667	622	3	3	1.000	3	3	89.24	1.22	likely_legit
ZHEN15-1_SAMN22350776_MAG_00000008	Unknown CADEEN01	CADEEN01	ZHEN15-1	Estuarine sediment	True	3	3	0.667	1.000	609	3	3	1.000	3	3	74.84	9.48	likely_legit
ZHEN15-1_SAMN22350786_MAG_00000006	Unknown CAJXQU01	Unknown CAJXQU01	ZHEN15-1	Estuarine sediment	True	3	3	0.667	0.667	559	3	3	1.000	3	3	90.14	0.0	likely_legit
ZHEN15-1_SAMN22350786_MAG_00000022	Unknown Cycloclasticaceae	Unknown Cycloclasticaceae	ZHEN15-1	Estuarine sediment	True	3	3	1.000	0.667	561	3	3	1.000	3	3	100.0	4.7	likely_legit
ZHEN15-1_SAMN22350787_MAG_00000028	Unknown Rhodobacteraceae	Unknown Rhodobacteraceae	ZHEN15-1	Estuarine sediment	True	3	3	1.000	0.667	601	3	3	1.000	3	3	95.15	2.4	likely_legit
ZHEN15-1_SAMN22350787_MAG_00000053	Unknown Hyphomicrobiaceae	Unknown Hyphomicrobiaceae	ZHEN15-1	Estuarine sediment	True	3	3	1.000	0.667	578	3	3	1.000	3	3	79.35	6.83	likely_legit
ZHEN15-1_SAMN22350788_MAG_00000007	Unknown Yoonia	Yoonia	ZHEN15-1	Estuarine sediment	True	3	3	1.000	0.667	599	3	3	1.000	2	3	75.16	2.59	likely_legit
ZHEN15-1_SAMN22350788_MAG_00000025	Unknown Yoonia	Yoonia	ZHEN15-1	Estuarine sediment	True	3	3	1.000	0.333	421	3	3	1.000	2	2	66.38	1.72	likely_legit
ZHEN15-1_SAMN22350788_MAG_00000030	Unknown Roseovarius	Roseovarius	ZHEN15-1	Estuarine sediment	True	3	3	1.000	1.000	603	3	3	1.000	3	3	82.05	1.01	likely_legit
ZHEN15-1_SAMN22350788_MAG_00000042	Unknown Marinobacter	Marinobacter	ZHEN15-1	Estuarine sediment	True	3	3	0.667	0.000	470	3	3	1.000	3	3	52.58	3.5	likely_legit
ZHEN15-1_SAMN22350789_MAG_00000028	Unknown Amaricoccus	Amaricoccus	ZHEN15-1	Estuarine sediment	True	3	3	0.667	0.333	415	3	3	1.000	3	3	95.09	3.48	likely_legit
ZHEN15-1_SAMN22350789_MAG_00000032	Unknown Desulfosarcina	Desulfosarcina	ZHEN15-1	Estuarine sediment	True	3	3	0.333	0.333	466	3	3	1.000	3	3	94.64	7.63	uncertain
ZHEN15-1_SAMN22350792_MAG_00000003	Unknown Pseudorhodobacter	Pseudorhodobacter	ZHEN15-1	Estuarine sediment	True	3	3	0.667	0.667	595	3	3	1.000	2	3	97.78	1.17	likely_legit
ZHEN15-1_SAMN22350792_MAG_00000051	Unknown Pseudorhodobacter	Pseudorhodobacter	ZHEN15-1	Estuarine sediment	True	3	3	1.000	0.333	441	3	3	1.000	3	3	93.86	2.23	likely_legit
ZHEN20-1_SAMN07748056_MAG_00000058	Salipiger thiooxidans	Salipiger	ZHEN20-1	Seawater	True	3	3	0.333	0.000	207	3	3	1.000	3	3	92.87	1.37	uncertain
ZHEN20-1_SAMN07748056_MAG_00000061	Hoeflea alexandrii_A	Hoeflea	ZHEN20-1	Seawater	True	3	3	0.333	0.333	367	3	3	1.000	3	3	74.8	0.58	uncertain
ZHEN20-1_SAMN07748056_MAG_00000064	Unknown MS8	MS8	ZHEN20-1	Seawater	True	3	3	0.667	0.000	367	3	3	1.000	1	3	100.0	0.0	likely_legit
ZHEN20-1_SAMN07748056_MAG_00000080	Citricoccus nitrophenolicus_A	Citricoccus	ZHEN20-1	Seawater	True	3	3	0.000	0.000	210	3	3	1.000	1	3	89.48	1.85	likely_artifact
ZHEN20-1_SAMN07748056_MAG_00000086	Oceanibaculum nanhaiense	Oceanibaculum	ZHEN20-1	Seawater	True	3	3	0.667	0.000	271	3	3	1.000	3	3	50.0	1.59	likely_legit
ZHEN20-1_SAMN07748056_MAG_00000091	Unknown Marinobacter	Marinobacter	ZHEN20-1	Seawater	True	3	3	0.667	0.333	406	3	3	1.000	2	3	99.18	0.43	likely_legit
ZHEN20-1_SAMN07748056_MAG_00000141	UBA4479 sp017644185	UBA4479	ZHEN20-1	Seawater	True	3	3	1.000	0.667	599	3	3	1.000	0	0	97.51	0.5	likely_legit
ZHEN20-1_SAMN07748056_MAG_00000153	Unknown SMXP01	Unknown SMXP01	ZHEN20-1	Seawater	True	3	3	1.000	0.667	679	3	3	1.000	3	3	100.0	0.0	likely_legit
ZHEN20-1_SAMN07748057_MAG_00000035	Franzmannia qiaohouensis	Franzmannia	ZHEN20-1	Seawater	True	3	3	0.667	0.000	328	2	3	0.667	3	3	81.97	4.3	likely_legit
ZHEN20-1_SAMN07748057_MAG_00000048	Unknown CAXBJY01	CAXBJY01	ZHEN20-1	Seawater	True	3	3	1.000	0.000	363	3	3	1.000	3	3	71.14	3.85	likely_legit
ZHEN20-1_SAMN07748057_MAG_00000058	Citricoccus nitrophenolicus_A	Citricoccus	ZHEN20-1	Seawater	True	3	3	0.000	0.000	210	3	3	1.000	1	3	83.1	0.0	likely_artifact
ZHEN20-1_SAMN07748057_MAG_00000127	Glycocaulis profundi	Glycocaulis	ZHEN20-1	Seawater	True	3	3	0.667	0.333	494	3	3	1.000	0	0	100.0	0.0	likely_legit
ZHEN20-1_SAMN07748057_MAG_00000140	UBA4479 sp017644185	UBA4479	ZHEN20-1	Seawater	True	3	3	1.000	0.667	599	3	3	1.000	0	0	98.01	0.5	likely_legit
ZHEN20-1_SAMN07748057_MAG_00000162	Unknown SMXP01	Unknown SMXP01	ZHEN20-1	Seawater	True	3	3	1.000	0.667	679	3	3	1.000	0	0	97.61	0.87	likely_legit
ZHEN20-1_SAMN07748058_MAG_00000033	Qipengyuania sp947258465	Qipengyuania	ZHEN20-1	Seawater	True	3	3	1.000	0.667	563	3	3	1.000	1	1	97.31	1.07	likely_legit
ZHEN20-1_SAMN07748058_MAG_00000082	UBA4479 sp017644185	UBA4479	ZHEN20-1	Seawater	True	3	3	1.000	0.667	599	3	3	1.000	0	0	98.51	1.0	likely_legit
ZHEN20-1_SAMN07748058_MAG_00000148	Tistrella mobilis	Tistrella	ZHEN20-1	Seawater	True	3	3	1.000	0.667	601	3	3	1.000	2	3	98.51	1.0	likely_legit
ZHEN20-1_SAMN07748058_MAG_00000151	Unknown MS8	MS8	ZHEN20-1	Seawater	True	3	3	0.667	0.000	355	3	3	1.000	1	1	97.26	1.63	likely_legit
ZHEN20-1_SAMN07748060_MAG_00000021	Unknown JALEGB01	JALEGB01	ZHEN20-1	Seawater	True	3	3	1.000	0.333	380	3	3	1.000	3	3	74.65	0.0	likely_legit
ZHEN20-1_SAMN07748060_MAG_00000046	JAYZVO01 sp036155555	JAYZVO01	ZHEN20-1	Seawater	True	3	3	0.667	0.333	403	3	3	1.000	3	3	78.23	3.28	likely_legit
ZHEN20-1_SAMN07748061_MAG_00000024	JAYZVO01 sp036155555	JAYZVO01	ZHEN20-1	Seawater	True	3	3	0.667	0.333	403	3	3	1.000	2	2	98.59	2.82	likely_legit
ZHEN20-1_SAMN07748061_MAG_00000066	Unknown UBA3002	Unknown UBA3002	ZHEN20-1	Seawater	True	3	3	0.667	0.667	593	3	3	1.000	2	3	100.0	0.0	likely_legit
ZHEN20-1_SAMN07748062_MAG_00000055	JAYZVO01 sp036155555	JAYZVO01	ZHEN20-1	Seawater	True	3	3	0.667	0.333	403	3	3	1.000	2	2	98.59	5.63	likely_legit
ZHEN20-1_SAMN07748062_MAG_00000081	Glycocaulis profundi	Glycocaulis	ZHEN20-1	Seawater	True	3	3	0.667	0.333	494	3	3	1.000	0	0	98.59	2.82	likely_legit
ZHEN22-1_SAMN12826202_MAG_00000065	Comamonas testosteroni_C	Comamonas	ZHEN22-1	Marine sediment	True	3	3	0.667	0.333	478	3	3	1.000	2	3	90.8	7.67	likely_legit
ZHEN22-1_SAMN12826204_MAG_00000007	Unknown JAABYT01	JAABYT01	ZHEN22-1	Marine sediment	True	3	3	0.333	0.000	200	3	3	1.000	3	3	59.15	1.41	uncertain
ZHEN22-1_SAMN12826204_MAG_00000126	JAZFZX01 sp036444135	JAZFZX01	ZHEN22-1	Marine sediment	True	3	3	0.667	0.333	430	3	3	1.000	3	3	90.14	0.0	likely_legit
ZHEN22-1_SAMN12826206_MAG_00000149	JAZFZX01 sp036444135	JAZFZX01	ZHEN22-1	Marine sediment	True	3	3	1.000	0.667	508	3	3	1.000	2	2	50.7	0.0	likely_legit
ZHEN22-1_SAMN12826207_MAG_00000158	JAZFZX01 sp036444135	JAZFZX01	ZHEN22-1	Marine sediment	True	3	3	0.667	0.667	600	3	3	1.000	3	3	52.86	0.43	likely_legit
ZHOU22-1_SAMN16252680_MAG_00000091	Unknown Casp-alpha2	Casp-alpha2	ZHOU22-1	Marine sediment	True	3	3	1.000	0.667	605	3	3	1.000	3	3	78.87	5.63	likely_legit
ZHOU22-1_SAMN16252683_MAG_00000024	Billgrantia desiderata	Billgrantia	ZHOU22-1	Marine sediment	True	3	3	0.667	1.000	613	3	3	1.000	3	3	100.0	0.0	likely_legit
ZHOU22-1_SAMN16252684_MAG_00000007	Billgrantia desiderata	Billgrantia	ZHOU22-1	Marine sediment	True	3	3	0.667	1.000	613	3	3	1.000	0	0	100.0	0.0	likely_legit
ZORZ22-1_SAMN30647025_MAG_00000031	JAZFZX01 sp036444135	JAZFZX01	ZORZ22-1	Marine sediment	True	3	3	1.000	0.667	596	3	3	1.000	3	3	94.37	1.41	likely_legit
ZORZ22-1_SAMN30647031_MAG_00000070	Unknown JAABYT01	JAABYT01	ZORZ22-1	Marine sediment	True	3	3	1.000	1.000	598	3	3	1.000	1	2	95.77	5.63	likely_legit
ZORZ22-1_SAMN30647031_MAG_00000094	CAKZLS01 sp030622775	CAKZLS01	ZORZ22-1	Marine sediment	True	3	3	0.667	1.000	601	3	3	1.000	1	1	83.91	0.25	likely_legit
ZORZ22-1_SAMN30647033_MAG_00000039	CAKZLS01 sp030622775	CAKZLS01	ZORZ22-1	Marine sediment	True	3	3	0.667	1.000	601	3	3	1.000	2	2	82.1	0.75	likely_legit
