cluster_id	n_genomes	n_studies	n_classes	top_genus
OMDBv2.0_AA_G_NR100_000013384431	556	41	3	Salinivivens
OMDBv2.0_AA_G_NR100_000117564048	459	83	8	Nitrosopumilus
OMDBv2.0_AA_G_NR100_000042192455	453	73	2	Yoonia
OMDBv2.0_AA_G_NR100_000048196933	429	44	3	Planktomarina
OMDBv2.0_AA_G_NR100_000013481237	391	34	3	Salinivivens
OMDBv2.0_AA_G_NR100_000132148266	359	25	2	Vibrio
OMDBv2.0_AA_G_NR100_000113252641	344	51	2	Qipengyuania
OMDBv2.0_AA_G_NR100_000018755333	334	58	2	Sulfitobacter
OMDBv2.0_AA_G_NR100_000174424599	283	41	1	Qipengyuania
OMDBv2.0_AA_G_NR100_000013576874	282	28	4	UBA1014
OMDBv2.0_AA_G_NR100_000141312390	281	41	1	Pseudomonas_E
OMDBv2.0_AA_G_NR100_000045457530	265	61	1	Sulfitobacter
OMDBv2.0_AA_G_NR100_000013369699	259	33	2	HIMB30
OMDBv2.0_AA_G_NR100_000022439766	229	48	10	Nitrosopelagicus
OMDBv2.0_AA_G_NR100_000078715980	221	34	2	HIMB30
OMDBv2.0_AA_G_NR100_000182116006	214	30	1	UBA868
OMDBv2.0_AA_G_NR100_000161362957	207	41	1	LGRT01
OMDBv2.0_AA_G_NR100_000006817902	204	34	1	Hyphomonas
OMDBv2.0_AA_G_NR100_000215849197	198	35	3	Unknown JAKSDN01
OMDBv2.0_AA_G_NR100_000025430757	197	30	1	Vreelandella
OMDBv2.0_AA_G_NR100_000228771790	185	44	2	Erythrobacter
OMDBv2.0_AA_G_NR100_000131603510	184	23	1	Pseudomonas_E
OMDBv2.0_AA_G_NR100_000020388201	180	33	2	CPC320
OMDBv2.0_AA_G_NR100_000165939964	176	32	1	Vreelandella
OMDBv2.0_AA_G_NR100_000000191562	174	41	2	Alloalcanivorax
OMDBv2.0_AA_G_NR100_000020866026	173	19	1	HIMB11
OMDBv2.0_AA_G_NR100_000106770702	170	31	1	Alteromonas
OMDBv2.0_AA_G_NR100_000245052759	158	37	2	Marinobacter
OMDBv2.0_AA_G_NR100_000107220471	147	13	1	Litorimonas
OMDBv2.0_AA_G_NR100_000126950826	143	32	1	Sulfitobacter
OMDBv2.0_AA_G_NR100_000139884297	141	37	1	Alcanivorax
OMDBv2.0_AA_G_NR100_000172455166	139	21	2	UBA868
OMDBv2.0_AA_G_NR100_000001655122	134	21	1	RS62
OMDBv2.0_AA_G_NR100_000021183708	133	14	4	CACIJG01
OMDBv2.0_AA_G_NR100_000181110187	129	26	6	UBA11574
OMDBv2.0_AA_G_NR100_000012617846	128	29	1	Marinobacter
OMDBv2.0_AA_G_NR100_000040368674	128	23	2	Limnohabitans_A
OMDBv2.0_AA_G_NR100_000097754446	128	7	2	HK1
OMDBv2.0_AA_G_NR100_000110449701	127	12	2	VXOI01
OMDBv2.0_AA_G_NR100_000000524790	126	11	1	Alteromonas
OMDBv2.0_AA_G_NR100_000207072862	126	17	4	HIMB114
OMDBv2.0_AA_G_NR100_000212292779	117	22	1	Hyphomonas
OMDBv2.0_AA_G_NR100_000224966163	116	33	1	Roseovarius
OMDBv2.0_AA_G_NR100_000142221164	113	34	1	Yoonia
OMDBv2.0_AA_G_NR100_000199337729	112	24	2	Marinobacter
OMDBv2.0_AA_G_NR100_000171842913	109	18	2	Pseudooceanicola_C
OMDBv2.0_AA_G_NR100_000004410215	106	11	2	IMCC9063
OMDBv2.0_AA_G_NR100_000115437782	105	10	2	Bin18
OMDBv2.0_AA_G_NR100_000070874498	105	20	4	Marisalimonas
OMDBv2.0_AA_G_NR100_000025918245	104	26	1	Brevundimonas
OMDBv2.0_AA_G_NR100_000106054249	104	9	3	WTGU01
OMDBv2.0_AA_G_NR100_000001271994	100	43	2	Nitrosopumilus
OMDBv2.0_AA_G_NR100_000162064731	99	17	1	Maricaulis
OMDBv2.0_AA_G_NR100_000109952267	98	10	2	UBA2991
OMDBv2.0_AA_G_NR100_000061916247	97	25	2	Cycloclasticus
OMDBv2.0_AA_G_NR100_000000527020	95	11	1	Alteromonas
OMDBv2.0_AA_G_NR100_000242079509	92	14	1	Unknown Eutrophobiaceae
OMDBv2.0_AA_G_NR100_000078884236	91	14	2	HIMB11
OMDBv2.0_AA_G_NR100_000145189019	89	23	1	Octadecabacter
OMDBv2.0_AA_G_NR100_000220077298	89	8	2	HK1
OMDBv2.0_AA_G_NR100_000120169961	87	7	3	WTGU01
OMDBv2.0_AA_G_NR100_000073537408	85	10	3	JAJEEA01
OMDBv2.0_AA_G_NR100_000050629569	85	25	2	Yoonia
OMDBv2.0_AA_G_NR100_000000815836	84	26	1	Thalassolituus
OMDBv2.0_AA_G_NR100_000213969157	80	14	2	Multivorans
OMDBv2.0_AA_G_NR100_000202375460	80	26	2	UBA830
OMDBv2.0_AA_G_NR100_000218949456	79	19	2	Hyphomonas
OMDBv2.0_AA_G_NR100_000244652500	79	22	1	JAJEFO01
OMDBv2.0_AA_G_NR100_000141385272	78	9	1	Polynucleobacter
OMDBv2.0_AA_G_NR100_000072299793	77	10	3	Poriferisocius
OMDBv2.0_AA_G_NR100_000013431646	77	11	1	TMED26
OMDBv2.0_AA_G_NR100_000062686642	77	23	2	Sulfitobacter
OMDBv2.0_AA_G_NR100_000138190400	75	23	1	GCA-001735895
OMDBv2.0_AA_G_NR100_000028109228	75	18	4	JCVI-SCAAA005
OMDBv2.0_AA_G_NR100_000115368064	74	4	1	Bin18
OMDBv2.0_AA_G_NR100_000123628237	72	5	1	JAJDXW01
OMDBv2.0_AA_G_NR100_000108566087	71	11	1	JAAXHV01
OMDBv2.0_AA_G_NR100_000245577766	71	22	1	Sphingobium
OMDBv2.0_AA_G_NR100_000013631350	70	16	1	CABZJG01
OMDBv2.0_AA_G_NR100_000234861068	70	18	2	Opacimonas
OMDBv2.0_AA_G_NR100_000000423834	69	19	1	Sphingobium
OMDBv2.0_AA_G_NR100_000072179660	69	28	1	Phaeobacter
OMDBv2.0_AA_G_NR100_000040705761	68	19	1	Casp-alpha2
OMDBv2.0_AA_G_NR100_000062620436	67	22	1	Nocardioides
OMDBv2.0_AA_G_NR100_000141361330	67	19	1	Marinobacterium_E
OMDBv2.0_AA_G_NR100_000089939452	65	17	1	Casp-alpha2
OMDBv2.0_AA_G_NR100_000077465319	65	19	1	Opacimonas
OMDBv2.0_AA_G_NR100_000188899654	64	20	1	Sphingobium
OMDBv2.0_AA_G_NR100_000097989224	63	11	1	Bin18
OMDBv2.0_AA_G_NR100_000001621431	63	11	1	UBA10365
OMDBv2.0_AA_G_NR100_000045420950	62	10	2	M30B80
OMDBv2.0_AA_G_NR100_000206080107	61	1	1	Unknown Eutrophobiaceae
OMDBv2.0_AA_G_NR100_000143188048	61	17	1	Marinobacter
OMDBv2.0_AA_G_NR100_000099036190	61	9	1	Poriferisodalis
OMDBv2.0_AA_G_NR100_000134826249	61	11	1	LFER01
OMDBv2.0_AA_G_NR100_000013429220	60	10	1	TMED26
OMDBv2.0_AA_G_NR100_000115379136	60	1	1	Unknown Eutrophobiaceae
OMDBv2.0_AA_G_NR100_000081165221	60	16	1	Pikeienuella
OMDBv2.0_AA_G_NR100_000079405918	57	15	1	Thalassospira
OMDBv2.0_AA_G_NR100_000186710760	57	14	1	Thalassospira
OMDBv2.0_AA_G_NR100_000014828133	56	14	2	UBA868
OMDBv2.0_AA_G_NR100_000115752134	55	10	2	JAAXHV01
OMDBv2.0_AA_G_NR100_000139783925	55	14	1	Marinobacter
OMDBv2.0_AA_G_NR100_000129507029	55	9	2	Bin95
OMDBv2.0_AA_G_NR100_000018502525	55	15	1	Pseudophaeobacter
OMDBv2.0_AA_G_NR100_000116300908	54	1	1	Unknown Eutrophobiaceae
OMDBv2.0_AA_G_NR100_000052358391	54	17	1	Acinetobacter
OMDBv2.0_AA_G_NR100_000106674025	53	20	1	Planktotalea
OMDBv2.0_AA_G_NR100_000228707891	53	18	2	UBA1479
OMDBv2.0_AA_G_NR100_000235353770	53	15	1	GCA-2731375
OMDBv2.0_AA_G_NR100_000039058161	53	14	1	Hyphococcus
OMDBv2.0_AA_G_NR100_000035102899	52	12	1	Colwellia
OMDBv2.0_AA_G_NR100_000003449544	52	15	1	Lentibacter
OMDBv2.0_AA_G_NR100_000051481502	52	11	1	JABMNT01
OMDBv2.0_AA_G_NR100_000103293164	52	19	1	Eutrophovita
OMDBv2.0_AA_G_NR100_000200931218	52	14	2	Yoonia
OMDBv2.0_AA_G_NR100_000001517940	51	22	1	UBA868
OMDBv2.0_AA_G_NR100_000001524511	51	22	1	UBA868
OMDBv2.0_AA_G_NR100_000162387453	51	22	1	UBA4479
OMDBv2.0_AA_G_NR100_000013414939	50	11	1	UBA4421
OMDBv2.0_AA_G_NR100_000020871733	50	12	1	Hyphomonas
OMDBv2.0_AA_G_NR100_000116110033	50	8	1	Bin95
OMDBv2.0_AA_G_NR100_000117895931	50	2	1	Unknown UBA7887
OMDBv2.0_AA_G_NR100_000168416385	49	26	1	UBA9659
OMDBv2.0_AA_G_NR100_000113129836	49	14	1	Halopseudomonas
OMDBv2.0_AA_G_NR100_000234626934	49	14	1	UBA10347
OMDBv2.0_AA_G_NR100_000003336308	48	17	1	Eutrophovita
OMDBv2.0_AA_G_NR100_000159795168	46	12	1	SYDM01
OMDBv2.0_AA_G_NR100_000041317148	46	13	1	Hoeflea
OMDBv2.0_AA_G_NR100_000042505200	45	22	1	UBA4582
OMDBv2.0_AA_G_NR100_000148588359	45	11	1	Pseudorhodobacter
OMDBv2.0_AA_G_NR100_000072651000	44	6	1	MPNO01
OMDBv2.0_AA_G_NR100_000104846077	44	13	1	GCA-2731375
OMDBv2.0_AA_G_NR100_000143409747	44	12	1	Marinobacter
OMDBv2.0_AA_G_NR100_000161172046	44	12	2	Sulfitobacter
OMDBv2.0_AA_G_NR100_000024964870	43	19	2	Brevundimonas
OMDBv2.0_AA_G_NR100_000076838274	43	11	1	Marivita
OMDBv2.0_AA_G_NR100_000073421932	43	8	1	Bin65
OMDBv2.0_AA_G_NR100_000071535456	43	9	1	Bin65
OMDBv2.0_AA_G_NR100_000211038243	42	19	1	Qipengyuania
OMDBv2.0_AA_G_NR100_000104907706	42	22	1	UBA4479
OMDBv2.0_AA_G_NR100_000018793115	42	17	1	Henriciella
OMDBv2.0_AA_G_NR100_000124706857	42	1	1	Unknown Rhodobacteraceae
OMDBv2.0_AA_G_NR100_000048091946	41	12	1	JABMNT01
OMDBv2.0_AA_G_NR100_000244593942	41	6	1	JAACFE01
OMDBv2.0_AA_G_NR100_000147535641	41	10	1	Rubrivivax
OMDBv2.0_AA_G_NR100_000226283777	41	21	1	Henriciella
OMDBv2.0_AA_G_NR100_000185071308	41	21	2	JABJAG01
OMDBv2.0_AA_G_NR100_000061282509	41	15	3	Halomonas
OMDBv2.0_AA_G_NR100_000242515780	41	20	1	Sphingorhabdus_B
OMDBv2.0_AA_G_NR100_000167198478	40	13	2	SMWN01
OMDBv2.0_AA_G_NR100_000138090542	40	10	1	Microcystis
OMDBv2.0_AA_G_NR100_000055913956	40	7	2	VXPW01
OMDBv2.0_AA_G_NR100_000148477597	40	14	1	Oceanicaulis
OMDBv2.0_AA_G_NR100_000097792923	39	6	1	JAAXHF01
OMDBv2.0_AA_G_NR100_000035196305	39	12	1	Cycloclasticus
OMDBv2.0_AA_G_NR100_000166647879	39	14	2	Thiosocius
OMDBv2.0_AA_G_NR100_000184794335	39	14	2	UBA830
OMDBv2.0_AA_G_NR100_000164463162	39	8	1	UBA11136
OMDBv2.0_AA_G_NR100_000104757097	38	19	2	Casp-alpha2
OMDBv2.0_AA_G_NR100_000132176063	38	11	1	Roseicyclus
OMDBv2.0_AA_G_NR100_000199571761	38	12	1	Yoonia
OMDBv2.0_AA_G_NR100_000000201972	38	12	1	Alteriqipengyuania
OMDBv2.0_AA_G_NR100_000147079896	38	11	3	Parvibaculum
OMDBv2.0_AA_G_NR100_000167162496	38	11	5	Unknown JAKSDN01
OMDBv2.0_AA_G_NR100_000117940005	38	7	2	HK1
OMDBv2.0_AA_G_NR100_000243770328	37	6	1	JACZQZ01
OMDBv2.0_AA_G_NR100_000182500235	37	9	2	Litorivicinus
OMDBv2.0_AA_G_NR100_000199740149	37	13	1	Porticoccus
OMDBv2.0_AA_G_NR100_000045740998	36	11	1	PTKB01
OMDBv2.0_AA_G_NR100_000084293460	36	11	1	Glaciecola
OMDBv2.0_AA_G_NR100_000003641284	36	13	1	Oceanibaculum
OMDBv2.0_AA_G_NR100_000139954202	35	3	1	Aeromonas
OMDBv2.0_AA_G_NR100_000115926404	35	1	1	Unknown UBA7887
OMDBv2.0_AA_G_NR100_000006478383	35	7	1	Parvibaculum
OMDBv2.0_AA_G_NR100_000143978182	35	4	1	Burkholderia
OMDBv2.0_AA_G_NR100_000135617254	34	8	3	TMED54
OMDBv2.0_AA_G_NR100_000020962949	34	10	1	Abyssibacter
OMDBv2.0_AA_G_NR100_000030390334	34	17	1	Limnobacter
OMDBv2.0_AA_G_NR100_000115272770	34	14	1	Paracoccus
OMDBv2.0_AA_G_NR100_000036629461	33	17	1	Limnobacter
OMDBv2.0_AA_G_NR100_000154092975	33	7	1	Novilysobacter
OMDBv2.0_AA_G_NR100_000031777453	33	7	2	Litorivicinus
OMDBv2.0_AA_G_NR100_000015034734	33	13	1	GCA-2731375
OMDBv2.0_AA_G_NR100_000016885500	33	7	1	Pseudomonas_E
OMDBv2.0_AA_G_NR100_000191848735	33	11	1	Roseibium
OMDBv2.0_AA_G_NR100_000228346347	32	11	1	Maricaulis
OMDBv2.0_AA_G_NR100_000125145642	32	12	1	Acinetobacter
OMDBv2.0_AA_G_NR100_000043727294	32	13	1	VRUB01
OMDBv2.0_AA_G_NR100_000013377200	32	10	2	UBA4421
OMDBv2.0_AA_G_NR100_000190454837	32	18	1	HXMU1420-2
OMDBv2.0_AA_G_NR100_000031599503	31	6	1	Litorivicinus
OMDBv2.0_AA_G_NR100_000046438091	31	12	1	UBA8110
OMDBv2.0_AA_G_NR100_000001983954	31	7	1	UBA2463
OMDBv2.0_AA_G_NR100_000002345959	31	12	1	Sphingorhabdus_B
OMDBv2.0_AA_G_NR100_000206727129	31	9	1	Sulfitobacter
OMDBv2.0_AA_G_NR100_000244973968	31	9	1	EhC02
OMDBv2.0_AA_G_NR100_000224048008	30	7	1	Abyssibacter
OMDBv2.0_AA_G_NR100_000202746462	30	14	1	Thalassolituus
OMDBv2.0_AA_G_NR100_000169077902	30	6	2	TMED69
OMDBv2.0_AA_G_NR100_000142338148	30	13	1	EhC02
OMDBv2.0_AA_G_NR100_000136979862	30	8	1	Roseovarius
OMDBv2.0_AA_G_NR100_000227634850	29	7	1	UBA4421
OMDBv2.0_AA_G_NR100_000179855108	29	12	1	PTKB01
OMDBv2.0_AA_G_NR100_000115226026	29	9	1	Alterinioella
OMDBv2.0_AA_G_NR100_000138029322	29	8	2	Novosphingobium
OMDBv2.0_AA_G_NR100_000110661420	28	7	1	JAJDZL01
OMDBv2.0_AA_G_NR100_000082842127	28	7	1	TMED26
OMDBv2.0_AA_G_NR100_000235501147	28	9	1	UBA4479
OMDBv2.0_AA_G_NR100_000054308311	28	14	2	Henriciella
OMDBv2.0_AA_G_NR100_000142139290	28	9	1	Oceanibaculum
OMDBv2.0_AA_G_NR100_000187577635	28	8	2	Parvibaculum
OMDBv2.0_AA_G_NR100_000148602748	28	13	1	Cobetia
OMDBv2.0_AA_G_NR100_000024929755	27	9	1	Novosphingobium
OMDBv2.0_AA_G_NR100_000058499574	27	7	2	UBA11136
OMDBv2.0_AA_G_NR100_000031469727	27	5	1	LFER01
OMDBv2.0_AA_G_NR100_000242788392	26	4	1	Polaromonas
OMDBv2.0_AA_G_NR100_000035112905	26	8	1	Oleispira
OMDBv2.0_AA_G_NR100_000070519940	26	8	1	Bermanella
OMDBv2.0_AA_G_NR100_000146922706	26	6	1	Halopseudomonas
OMDBv2.0_AA_G_NR100_000123915835	26	1	2	HK1
OMDBv2.0_AA_G_NR100_000175232984	26	4	1	HXMU1428-3
OMDBv2.0_AA_G_NR100_000075452644	26	6	1	Nereida
OMDBv2.0_AA_G_NR100_000101745410	26	11	1	Aurantimonas
OMDBv2.0_AA_G_NR100_000162608983	26	11	1	Hyphomonas
OMDBv2.0_AA_G_NR100_000053731326	26	11	1	Sphingomonas
OMDBv2.0_AA_G_NR100_000161696913	26	10	1	Porticoccus
OMDBv2.0_AA_G_NR100_000050415557	26	12	1	Methyloceanibacter
OMDBv2.0_AA_G_NR100_000090434779	26	14	1	Phenylobacterium
OMDBv2.0_AA_G_NR100_000146625855	25	9	1	Aurantiacibacter
OMDBv2.0_AA_G_NR100_000056190578	25	6	1	VYFG01
OMDBv2.0_AA_G_NR100_000169614136	25	10	1	Variovorax
OMDBv2.0_AA_G_NR100_000000328659	25	12	1	Thalassococcus
OMDBv2.0_AA_G_NR100_000110667210	25	15	1	Limnobacter
OMDBv2.0_AA_G_NR100_000245909480	25	11	1	CAMYMG01
OMDBv2.0_AA_G_NR100_000144394763	25	2	1	Burkholderia
OMDBv2.0_AA_G_NR100_000014808091	25	9	1	TMED23
OMDBv2.0_AA_G_NR100_000192554772	25	8	1	Roseitalea
OMDBv2.0_AA_G_NR100_000173150426	24	5	1	Stenotrophomonas
OMDBv2.0_AA_G_NR100_000032061809	24	7	1	MPNP01
OMDBv2.0_AA_G_NR100_000056486223	24	6	1	VYFG01
OMDBv2.0_AA_G_NR100_000062556993	24	10	1	Sphingopyxis
OMDBv2.0_AA_G_NR100_000203074481	24	10	2	JAKSBE01
OMDBv2.0_AA_G_NR100_000041025644	24	3	1	JANQMX01
OMDBv2.0_AA_G_NR100_000179901255	24	9	1	UBA6544
OMDBv2.0_AA_G_NR100_000163038288	24	6	1	Sulfitobacter
OMDBv2.0_AA_G_NR100_000103888351	24	5	1	Azonexus
OMDBv2.0_AA_G_NR100_000088692118	23	6	1	JACZWN01
OMDBv2.0_AA_G_NR100_000041026100	23	2	1	JANQMX01
OMDBv2.0_AA_G_NR100_000005223125	23	12	1	UBA4457
OMDBv2.0_AA_G_NR100_000062180918	23	3	1	Bacillus_A
OMDBv2.0_AA_G_NR100_000025380762	23	10	1	Pseudoalteromonas
OMDBv2.0_AA_G_NR100_000081956478	23	12	1	Salipiger
OMDBv2.0_AA_G_NR100_000056981010	23	9	1	JAABYT01
OMDBv2.0_AA_G_NR100_000025813552	23	6	1	HIMB30
OMDBv2.0_AA_G_NR100_000013408988	23	8	2	UBA7377
OMDBv2.0_AA_G_NR100_000142691809	23	4	1	Photobacterium
OMDBv2.0_AA_G_NR100_000182313914	23	9	1	Sulfitobacter
OMDBv2.0_AA_G_NR100_000141963936	23	6	1	SAT37
OMDBv2.0_AA_G_NR100_000145182836	23	1	1	Legionella
OMDBv2.0_AA_G_NR100_000069636309	23	11	2	Thalassobacter
OMDBv2.0_AA_G_NR100_000156326049	23	11	1	Pseudooceanicola
OMDBv2.0_AA_G_NR100_000027474331	23	11	2	Amylibacter
OMDBv2.0_AA_G_NR100_000170548776	22	8	1	UBA830
OMDBv2.0_AA_G_NR100_000012705418	22	7	3	JADFNQ01
OMDBv2.0_AA_G_NR100_000078275115	22	9	1	Halioglobus
OMDBv2.0_AA_G_NR100_000235315032	22	13	1	Novosphingopyxis
OMDBv2.0_AA_G_NR100_000226239841	22	12	1	Aliiroseovarius
OMDBv2.0_AA_G_NR100_000161032552	22	7	1	JABJJH01
OMDBv2.0_AA_G_NR100_000054522522	22	12	1	Pseudooceanicola_C
OMDBv2.0_AA_G_NR100_000153526004	22	10	2	Sulfitobacter
OMDBv2.0_AA_G_NR100_000191286821	22	4	1	UBA1479
OMDBv2.0_AA_G_NR100_000220812377	22	2	1	Algihabitans
OMDBv2.0_AA_G_NR100_000141127745	22	8	1	Roseibium
OMDBv2.0_AA_G_NR100_000058200637	21	12	1	Acinetobacter
OMDBv2.0_AA_G_NR100_000010944704	21	7	1	Hyphomonas
OMDBv2.0_AA_G_NR100_000190660107	21	4	1	UBA8366
OMDBv2.0_AA_G_NR100_000162081747	21	9	1	Qipengyuania
OMDBv2.0_AA_G_NR100_000035955269	21	5	1	Roseovarius
OMDBv2.0_AA_G_NR100_000225875120	21	6	1	Hyphomicrobium_A
OMDBv2.0_AA_G_NR100_000218324452	21	9	1	Shimia
OMDBv2.0_AA_G_NR100_000228738522	21	7	1	Oceanobacter
OMDBv2.0_AA_G_NR100_000054498265	21	7	1	Thalassobacter
OMDBv2.0_AA_G_NR100_000148874301	21	10	1	Cupriavidus
OMDBv2.0_AA_G_NR100_000146625578	21	9	1	Aurantiacibacter
OMDBv2.0_AA_G_NR100_000200491842	21	10	1	UBA11873
OMDBv2.0_AA_G_NR100_000001563369	21	7	1	Algicoccus
OMDBv2.0_AA_G_NR100_000160339895	20	11	1	Neptuniibacter
OMDBv2.0_AA_G_NR100_000019978683	20	8	1	UBA7451
OMDBv2.0_AA_G_NR100_000036872736	20	7	1	PZPK01
OMDBv2.0_AA_G_NR100_000069639509	20	6	1	Marivivens
OMDBv2.0_AA_G_NR100_000088671462	20	4	1	JACZTE01
OMDBv2.0_AA_G_NR100_000115480303	20	1	1	G963422565
OMDBv2.0_AA_G_NR100_000150514234	20	7	1	Thauera
OMDBv2.0_AA_G_NR100_000004074030	20	4	1	UBA2463
OMDBv2.0_AA_G_NR100_000002782326	20	7	1	UBA5972
OMDBv2.0_AA_G_NR100_000057151034	20	8	1	CAJXSO01
OMDBv2.0_AA_G_NR100_000146810331	20	1	1	Legionella
OMDBv2.0_AA_G_NR100_000138625826	20	11	2	Porticoccus
OMDBv2.0_AA_G_NR100_000230570996	20	3	1	JANQMX01
OMDBv2.0_AA_G_NR100_000000467122	19	11	1	Acinetobacter
OMDBv2.0_AA_G_NR100_000016954137	19	5	1	UBA7455
OMDBv2.0_AA_G_NR100_000175222430	19	11	1	Ketobacter
OMDBv2.0_AA_G_NR100_000199225715	19	4	1	Pseudomonas_E
OMDBv2.0_AA_G_NR100_000083286238	19	11	1	UBA7359
OMDBv2.0_AA_G_NR100_000169383721	19	3	1	Polaromonas
OMDBv2.0_AA_G_NR100_000032539463	19	6	1	Hyphococcus
OMDBv2.0_AA_G_NR100_000019111861	19	12	1	Dinoroseobacter
OMDBv2.0_AA_G_NR100_000122660821	19	1	2	VXMT01
OMDBv2.0_AA_G_NR100_000001581896	19	7	1	CALAXT01
OMDBv2.0_AA_G_NR100_000033884939	19	3	1	CALLCD01
OMDBv2.0_AA_G_NR100_000054130181	19	4	1	Roseitalea
OMDBv2.0_AA_G_NR100_000229741319	19	5	1	Jannaschia
OMDBv2.0_AA_G_NR100_000104667124	19	4	1	DAHVFK01
OMDBv2.0_AA_G_NR100_000062391255	19	6	1	Thiosocius
OMDBv2.0_AA_G_NR100_000186456883	19	7	1	Hyphomonas
OMDBv2.0_AA_G_NR100_000217772865	19	9	1	Henriciella
OMDBv2.0_AA_G_NR100_000137395662	19	3	1	Methylocystis
OMDBv2.0_AA_G_NR100_000027434110	18	6	1	JAEXNA01
OMDBv2.0_AA_G_NR100_000182396769	18	4	1	Janthinobacterium
OMDBv2.0_AA_G_NR100_000000181880	18	7	1	Porticoccus
OMDBv2.0_AA_G_NR100_000162600840	18	8	1	Unknown Bin95
OMDBv2.0_AA_G_NR100_000101777135	18	13	1	PZPK01
OMDBv2.0_AA_G_NR100_000063716309	18	6	1	TMED26
OMDBv2.0_AA_G_NR100_000065299392	18	10	2	JABJAG01
OMDBv2.0_AA_G_NR100_000104404099	18	8	1	UBA8079
OMDBv2.0_AA_G_NR100_000105180269	18	8	2	Amylibacter
OMDBv2.0_AA_G_NR100_000088450242	18	6	1	JAYZAP01
OMDBv2.0_AA_G_NR100_000161679209	18	8	1	Marimicrobium
OMDBv2.0_AA_G_NR100_000002121462	18	4	1	HIMB30
OMDBv2.0_AA_G_NR100_000055910110	18	4	2	JAJDXO01
OMDBv2.0_AA_G_NR100_000044429788	18	4	1	MnTg04
OMDBv2.0_AA_G_NR100_000147462421	18	7	1	Sphingobium
OMDBv2.0_AA_G_NR100_000062762176	18	8	1	Sphingomonas
OMDBv2.0_AA_G_NR100_000236205264	18	2	1	Psychrobacter
OMDBv2.0_AA_G_NR100_000147442859	18	7	2	UBA3064
OMDBv2.0_AA_G_NR100_000013537294	17	6	3	Pseudothioglobus
OMDBv2.0_AA_G_NR100_000196878238	17	6	1	Salinisphaera
OMDBv2.0_AA_G_NR100_000041552436	17	7	1	PGZG01
OMDBv2.0_AA_G_NR100_000212155838	17	2	1	Algihabitans
OMDBv2.0_AA_G_NR100_000102586940	17	4	1	Loktanella
OMDBv2.0_AA_G_NR100_000056851784	17	8	2	JAABYT01
OMDBv2.0_AA_G_NR100_000038309723	17	3	1	Immundisolibacter
OMDBv2.0_AA_G_NR100_000060567539	17	11	1	VMCJ01
OMDBv2.0_AA_G_NR100_000040328328	17	3	1	UBA1479
OMDBv2.0_AA_G_NR100_000032346156	17	1	1	Unknown GM7GCV1
OMDBv2.0_AA_G_NR100_000006327702	17	5	1	RS62
OMDBv2.0_AA_G_NR100_000140273096	17	8	1	Celeribacter
OMDBv2.0_AA_G_NR100_000033442376	17	8	1	Pikeienuella
OMDBv2.0_AA_G_NR100_000105583328	17	3	1	JAJDZL01
OMDBv2.0_AA_G_NR100_000013614409	17	5	3	GCA-2704625
OMDBv2.0_AA_G_NR100_000041307961	17	6	2	Nisaea
OMDBv2.0_AA_G_NR100_000136245482	17	7	1	Caulobacter
OMDBv2.0_AA_G_NR100_000206453346	17	3	1	Henriciella
OMDBv2.0_AA_G_NR100_000141998000	17	9	1	Henriciella
OMDBv2.0_AA_G_NR100_000144938675	17	5	1	Halomonas
OMDBv2.0_AA_G_NR100_000006476819	16	7	1	MED-G105
OMDBv2.0_AA_G_NR100_000223824502	16	8	1	Ketobacter
OMDBv2.0_AA_G_NR100_000210893182	16	7	1	Mycobacterium
OMDBv2.0_AA_G_NR100_000175233309	16	1	1	HXMU1428-3
OMDBv2.0_AA_G_NR100_000121097189	16	1	1	SP197
OMDBv2.0_AA_G_NR100_000122174765	16	1	1	Unknown JAJDZL01
OMDBv2.0_AA_G_NR100_000153494820	16	3	1	Roseobacter
OMDBv2.0_AA_G_NR100_000247275362	16	3	1	JACZQZ01
OMDBv2.0_AA_G_NR100_000242525911	16	8	1	Aeromicrobium
OMDBv2.0_AA_G_NR100_000050799677	16	7	1	UBA4457
OMDBv2.0_AA_G_NR100_000065805948	16	6	1	JABJJH01
OMDBv2.0_AA_G_NR100_000103353802	16	6	1	Azonexus
OMDBv2.0_AA_G_NR100_000099446167	16	5	1	JAPOXR01
OMDBv2.0_AA_G_NR100_000084377334	16	10	1	Roseovarius
OMDBv2.0_AA_G_NR100_000147776289	16	5	1	Allorhizobium
OMDBv2.0_AA_G_NR100_000036199594	16	7	1	Sneathiella
OMDBv2.0_AA_G_NR100_000036533161	16	2	1	Hyphomonas
OMDBv2.0_AA_G_NR100_000117348569	16	5	1	JAJDZL01
OMDBv2.0_AA_G_NR100_000183255341	16	6	1	UBA2705
OMDBv2.0_AA_G_NR100_000022979397	16	10	1	Qipengyuania
OMDBv2.0_AA_G_NR100_000041047027	16	5	1	JAKSBE01
OMDBv2.0_AA_G_NR100_000136696341	16	4	1	Ralstonia
OMDBv2.0_AA_G_NR100_000038449642	16	7	1	Hyphococcus
OMDBv2.0_AA_G_NR100_000060597387	15	7	1	UBA4457
OMDBv2.0_AA_G_NR100_000174886851	15	5	1	JAAFAL01
OMDBv2.0_AA_G_NR100_000112447345	15	4	1	Stenotrophomonas
OMDBv2.0_AA_G_NR100_000041107022	15	5	1	JAKSBE01
OMDBv2.0_AA_G_NR100_000226327666	15	5	1	Paremcibacter
OMDBv2.0_AA_G_NR100_000181256334	15	6	1	Actibacterium_B
OMDBv2.0_AA_G_NR100_000058427293	15	3	1	UBA11136
OMDBv2.0_AA_G_NR100_000039736105	15	7	1	PZPK01
OMDBv2.0_AA_G_NR100_000153543917	15	1	1	Legionella
OMDBv2.0_AA_G_NR100_000114484639	15	6	1	UBA830
OMDBv2.0_AA_G_NR100_000101516626	15	6	2	SP197
OMDBv2.0_AA_G_NR100_000210692352	15	8	1	Spongiibacter
OMDBv2.0_AA_G_NR100_000044648277	15	5	1	G963555825
OMDBv2.0_AA_G_NR100_000191153017	15	3	2	UBA8366
OMDBv2.0_AA_G_NR100_000160409919	15	7	1	Casp-alpha2
OMDBv2.0_AA_G_NR100_000056742316	15	7	1	JAJRRA01
OMDBv2.0_AA_G_NR100_000072444551	15	5	1	HK1
OMDBv2.0_AA_G_NR100_000103759240	15	5	1	Polynucleobacter
OMDBv2.0_AA_G_NR100_000141429777	15	4	1	Tepidimonas
OMDBv2.0_AA_G_NR100_000159950029	15	5	1	Reyranella
OMDBv2.0_AA_G_NR100_000143003370	15	5	1	Boseongicola
OMDBv2.0_AA_G_NR100_000053906717	15	9	1	Afipia
OMDBv2.0_AA_G_NR100_000101872685	15	10	2	Methylobacterium
OMDBv2.0_AA_G_NR100_000008930803	15	1	1	Unknown Eutrophobiaceae
OMDBv2.0_AA_G_NR100_000141003348	15	5	1	Novosphingobium
OMDBv2.0_AA_G_NR100_000002144304	15	6	1	Roseicyclus
OMDBv2.0_AA_G_NR100_000202076833	15	2	1	Parvibaculum
OMDBv2.0_AA_G_NR100_000146999883	15	2	1	Burkholderia
OMDBv2.0_AA_G_NR100_000208552810	15	1	1	JAKSCL01
OMDBv2.0_AA_G_NR100_000001920725	14	6	1	Reyranella
OMDBv2.0_AA_G_NR100_000067696005	14	4	1	Unknown Sedimenticolaceae
OMDBv2.0_AA_G_NR100_000081690504	14	6	1	Marinobacterium_E
OMDBv2.0_AA_G_NR100_000143563021	14	1	1	Chromobacterium
OMDBv2.0_AA_G_NR100_000018958833	14	6	1	Cognatishimia
OMDBv2.0_AA_G_NR100_000159921758	14	11	1	Ralstonia
OMDBv2.0_AA_G_NR100_000116458248	14	1	1	VXMT01
OMDBv2.0_AA_G_NR100_000232074216	14	9	1	R2A130
OMDBv2.0_AA_G_NR100_000230534590	14	9	1	UBA4479
OMDBv2.0_AA_G_NR100_000000964428	14	8	1	Nocardioides
OMDBv2.0_AA_G_NR100_000037287205	14	9	1	Sulfitobacter
OMDBv2.0_AA_G_NR100_000071131741	14	7	1	JAEPMR01
OMDBv2.0_AA_G_NR100_000136695407	14	5	1	Thauera
OMDBv2.0_AA_G_NR100_000156884469	14	6	1	Novosphingopyxis
OMDBv2.0_AA_G_NR100_000238563158	14	6	1	JAABYT01
OMDBv2.0_AA_G_NR100_000001882887	14	8	2	Fonsibacter
OMDBv2.0_AA_G_NR100_000229259322	14	5	2	Tateyamaria
OMDBv2.0_AA_G_NR100_000115060451	14	5	1	Hyphococcus
OMDBv2.0_AA_G_NR100_000160714452	14	4	1	CAJXSN01
OMDBv2.0_AA_G_NR100_000152738345	14	5	1	Novosphingobium
OMDBv2.0_AA_G_NR100_000246012270	14	5	1	Ponticaulis
OMDBv2.0_AA_G_NR100_000154779150	14	3	1	GCA-002719695
OMDBv2.0_AA_G_NR100_000033870620	14	3	1	JACESI01
OMDBv2.0_AA_G_NR100_000061301332	14	8	2	JANQEE01
OMDBv2.0_AA_G_NR100_000153541193	14	1	1	Legionella
OMDBv2.0_AA_G_NR100_000135259422	13	5	1	TMED69
OMDBv2.0_AA_G_NR100_000116528585	13	1	1	Unknown JAJDZL01
OMDBv2.0_AA_G_NR100_000000412295	13	5	1	JAYZVO01
OMDBv2.0_AA_G_NR100_000000212634	13	9	1	50-400-T64
OMDBv2.0_AA_G_NR100_000148865106	13	2	1	Dokdonella
OMDBv2.0_AA_G_NR100_000000782495	13	2	1	UM-FILTER-47-13
OMDBv2.0_AA_G_NR100_000141636682	13	5	2	JABDQA01
OMDBv2.0_AA_G_NR100_000073328008	13	5	1	SP197
OMDBv2.0_AA_G_NR100_000106596718	13	6	1	Azonexus
OMDBv2.0_AA_G_NR100_000058078552	13	3	1	GCA-2690215
OMDBv2.0_AA_G_NR100_000009070253	13	4	1	JANQGQ01
OMDBv2.0_AA_G_NR100_000044742781	13	5	1	JAYZAP01
OMDBv2.0_AA_G_NR100_000175240858	13	2	1	HXMU1428-3
OMDBv2.0_AA_G_NR100_000074594724	13	4	1	Cypionkella
OMDBv2.0_AA_G_NR100_000126123599	13	4	1	JABJAG01
OMDBv2.0_AA_G_NR100_000121095506	13	1	1	SP197
OMDBv2.0_AA_G_NR100_000218493078	13	1	1	Unknown JAKSDN01
OMDBv2.0_AA_G_NR100_000044181303	13	11	1	Congregibacter
OMDBv2.0_AA_G_NR100_000001570195	13	4	1	Algicoccus
OMDBv2.0_AA_G_NR100_000138687466	13	1	1	Legionella
OMDBv2.0_AA_G_NR100_000030270834	13	4	1	Pelomonas
OMDBv2.0_AA_G_NR100_000074900676	13	6	1	Vibrio
OMDBv2.0_AA_G_NR100_000244421342	13	1	1	SG8-30
OMDBv2.0_AA_G_NR100_000164744051	13	7	1	Aliiroseovarius
OMDBv2.0_AA_G_NR100_000043890116	13	7	1	Pacificispira
OMDBv2.0_AA_G_NR100_000076867585	13	8	1	JAKVBK01
OMDBv2.0_AA_G_NR100_000000650673	13	7	1	Oricola
OMDBv2.0_AA_G_NR100_000226427307	13	7	1	Gymnodinialimonas
OMDBv2.0_AA_G_NR100_000206784695	13	5	1	JAKAXS01
OMDBv2.0_AA_G_NR100_000151384171	13	4	1	Neoroseomonas
OMDBv2.0_AA_G_NR100_000040438944	13	4	2	UBA1479
OMDBv2.0_AA_G_NR100_000144086123	13	6	1	Pelomonas
OMDBv2.0_AA_G_NR100_000236205265	13	2	1	Psychrobacter
OMDBv2.0_AA_G_NR100_000148773222	13	6	1	Aquabacterium
OMDBv2.0_AA_G_NR100_000043546269	13	5	1	JABZFP01
OMDBv2.0_AA_G_NR100_000144286540	13	4	1	Achromobacter
OMDBv2.0_AA_G_NR100_000198743833	13	5	1	Ponticaulis
OMDBv2.0_AA_G_NR100_000011389893	12	4	1	CF-162
OMDBv2.0_AA_G_NR100_000104622234	12	7	1	PTKB01
OMDBv2.0_AA_G_NR100_000013399097	12	9	1	HIMB30
OMDBv2.0_AA_G_NR100_000128699032	12	3	2	Ferroglobus
OMDBv2.0_AA_G_NR100_000099360734	12	3	1	JAJDZL01
OMDBv2.0_AA_G_NR100_000012482985	12	5	1	SMWN01
OMDBv2.0_AA_G_NR100_000054475771	12	7	1	Henriciella
OMDBv2.0_AA_G_NR100_000194100165	12	7	1	SZUA-309
OMDBv2.0_AA_G_NR100_000085061979	12	8	2	Endobugula
OMDBv2.0_AA_G_NR100_000157515227	12	5	1	Nisaea
OMDBv2.0_AA_G_NR100_000032956516	12	1	1	CALLCD01
OMDBv2.0_AA_G_NR100_000099802741	12	3	1	JAJDZL01
OMDBv2.0_AA_G_NR100_000106879092	12	7	1	Thermohalobaculum
OMDBv2.0_AA_G_NR100_000001431214	12	8	1	Tateyamaria
OMDBv2.0_AA_G_NR100_000243283604	12	6	1	Marinobacter
OMDBv2.0_AA_G_NR100_000209216510	12	3	1	UBA830
OMDBv2.0_AA_G_NR100_000132022034	12	2	1	Algihabitans
OMDBv2.0_AA_G_NR100_000115300438	12	1	1	JAJEBT01
OMDBv2.0_AA_G_NR100_000159276561	12	6	1	Reyranella
OMDBv2.0_AA_G_NR100_000149125622	12	9	1	Sphingobium
OMDBv2.0_AA_G_NR100_000078223129	12	7	1	VMCJ01
OMDBv2.0_AA_G_NR100_000091120397	12	4	1	GCA-2717185
OMDBv2.0_AA_G_NR100_000041390365	12	2	1	Unknown Kordiimonadaceae
OMDBv2.0_AA_G_NR100_000103461962	12	1	1	Fluviibacter
OMDBv2.0_AA_G_NR100_000041051506	12	2	1	JANQMR01
OMDBv2.0_AA_G_NR100_000082952843	12	4	1	UBA7377
OMDBv2.0_AA_G_NR100_000052561249	12	5	1	Vreelandella
OMDBv2.0_AA_G_NR100_000193329220	12	4	1	CACJXQ01
OMDBv2.0_AA_G_NR100_000235312997	12	6	1	Sphingomonas
OMDBv2.0_AA_G_NR100_000000649727	12	7	1	Salipiger
OMDBv2.0_AA_G_NR100_000181255253	12	5	1	Thioclava
OMDBv2.0_AA_G_NR100_000038904851	12	5	1	NORP23
OMDBv2.0_AA_G_NR100_000203249185	12	3	1	Jannaschia
OMDBv2.0_AA_G_NR100_000105177100	12	3	1	NORP139
OMDBv2.0_AA_G_NR100_000177692656	12	4	2	REDSEA-S09-B13
OMDBv2.0_AA_G_NR100_000232736247	12	6	1	Granulosicoccus
OMDBv2.0_AA_G_NR100_000006893509	12	1	1	JBBDSH01
OMDBv2.0_AA_G_NR100_000213523799	12	1	1	Hyphococcus
OMDBv2.0_AA_G_NR100_000148019064	12	8	1	Roseobacter
OMDBv2.0_AA_G_NR100_000164598027	12	7	3	Arctic96AD-7
OMDBv2.0_AA_G_NR100_000203605714	12	5	1	Vreelandella
OMDBv2.0_AA_G_NR100_000104045038	12	3	1	Azonexus
OMDBv2.0_AA_G_NR100_000152199936	12	5	2	Zoogloea
OMDBv2.0_AA_G_NR100_000199849356	12	7	1	Halopseudomonas
OMDBv2.0_AA_G_NR100_000162315814	11	5	1	CAJXOR01
OMDBv2.0_AA_G_NR100_000032122405	11	5	1	Unknown UBA828
OMDBv2.0_AA_G_NR100_000244421992	11	1	1	SG8-30
OMDBv2.0_AA_G_NR100_000118967371	11	1	1	JAJDTQ01
OMDBv2.0_AA_G_NR100_000062868976	11	4	1	UBA9659
OMDBv2.0_AA_G_NR100_000176750639	11	3	1	JBFFCR01
OMDBv2.0_AA_G_NR100_000131447112	11	4	1	Salinisphaera
OMDBv2.0_AA_G_NR100_000058449346	11	4	1	JASLLZ01
OMDBv2.0_AA_G_NR100_000143299204	11	8	1	Minwuia
OMDBv2.0_AA_G_NR100_000152408202	11	7	1	Pontivivens
OMDBv2.0_AA_G_NR100_000041054882	11	2	1	Unknown Kordiimonadaceae
OMDBv2.0_AA_G_NR100_000013428974	11	5	1	UBA4421
OMDBv2.0_AA_G_NR100_000239474597	11	5	1	JADFVY01
OMDBv2.0_AA_G_NR100_000159276473	11	5	1	Reyranella
OMDBv2.0_AA_G_NR100_000181795857	11	7	1	UBA830
OMDBv2.0_AA_G_NR100_000175211290	11	1	1	Pikeienuella
OMDBv2.0_AA_G_NR100_000174104831	11	6	1	Minwuia
OMDBv2.0_AA_G_NR100_000175805127	11	8	1	Oceanibaculum
OMDBv2.0_AA_G_NR100_000104051965	11	4	1	G020354665
OMDBv2.0_AA_G_NR100_000184441095	11	2	1	Neopusillimonas
OMDBv2.0_AA_G_NR100_000161474919	11	5	1	Halopseudomonas
OMDBv2.0_AA_G_NR100_000152772023	11	1	1	Natrinema
OMDBv2.0_AA_G_NR100_000012515611	11	8	2	Kordiimonas
OMDBv2.0_AA_G_NR100_000226102035	11	2	1	Robiginitomaculum_A
OMDBv2.0_AA_G_NR100_000149992856	11	7	1	Maritimibacter
OMDBv2.0_AA_G_NR100_000131322256	11	6	1	Litoreibacter
OMDBv2.0_AA_G_NR100_000229291645	11	5	1	SW4
OMDBv2.0_AA_G_NR100_000000781723	11	3	1	UM-FILTER-47-13
OMDBv2.0_AA_G_NR100_000165967980	11	2	1	Unknown Inquilinaceae
OMDBv2.0_AA_G_NR100_000065284005	11	8	1	JABJGI01
OMDBv2.0_AA_G_NR100_000000533990	11	7	1	Limimaricola
OMDBv2.0_AA_G_NR100_000242662067	11	3	1	Sandarakinorhabdus
OMDBv2.0_AA_G_NR100_000045095064	11	7	1	Agrobacterium
OMDBv2.0_AA_G_NR100_000077443878	11	4	1	Henriciella
OMDBv2.0_AA_G_NR100_000041064998	11	2	1	Unknown Kordiimonadaceae
OMDBv2.0_AA_G_NR100_000041468719	11	5	1	UBA2767
OMDBv2.0_AA_G_NR100_000113729404	11	6	1	GCA-2401155
OMDBv2.0_AA_G_NR100_000005806333	11	7	1	Pelagibius
OMDBv2.0_AA_G_NR100_000221939619	11	1	1	Ponticaulis
OMDBv2.0_AA_G_NR100_000000416393	11	6	1	JAYZVO01
OMDBv2.0_AA_G_NR100_000146760759	11	3	1	Alcaligenes
OMDBv2.0_AA_G_NR100_000013524874	10	4	1	UBA12578
OMDBv2.0_AA_G_NR100_000007979841	10	5	1	JAFDBW01
OMDBv2.0_AA_G_NR100_000041155176	10	3	1	SZUA-186
OMDBv2.0_AA_G_NR100_000068817081	10	2	1	Unknown DYJV01
OMDBv2.0_AA_G_NR100_000165356207	10	3	1	Rariloculus
OMDBv2.0_AA_G_NR100_000237198847	10	9	1	CAWVWD01
OMDBv2.0_AA_G_NR100_000003726796	10	5	1	Rubrivivax
OMDBv2.0_AA_G_NR100_000063674577	10	6	1	Oceanococcus
OMDBv2.0_AA_G_NR100_000213820797	10	2	1	Unknown JAKSDN01
OMDBv2.0_AA_G_NR100_000054768711	10	3	1	Pacificispira
OMDBv2.0_AA_G_NR100_000227094922	10	1	1	Unknown JACKNK01
OMDBv2.0_AA_G_NR100_000000309703	10	4	1	Marinovum
OMDBv2.0_AA_G_NR100_000042776126	10	6	1	JASMHC01
OMDBv2.0_AA_G_NR100_000071019059	10	5	1	Aliiroseovarius
OMDBv2.0_AA_G_NR100_000104501310	10	7	1	SP197
OMDBv2.0_AA_G_NR100_000037055647	10	4	1	Perlucidibaca
OMDBv2.0_AA_G_NR100_000036561173	10	5	1	JBBKWH01
OMDBv2.0_AA_G_NR100_000036174828	10	4	1	Hoeflea_A
OMDBv2.0_AA_G_NR100_000213539653	10	4	1	Pelagibius
OMDBv2.0_AA_G_NR100_000097754053	10	2	1	HK1
OMDBv2.0_AA_G_NR100_000186090340	10	3	1	Unknown UBA9615
OMDBv2.0_AA_G_NR100_000138051305	10	3	1	Alcaligenes
OMDBv2.0_AA_G_NR100_000111586471	10	5	1	Pseudomonas_E
OMDBv2.0_AA_G_NR100_000131445079	10	5	1	Salinisphaera
OMDBv2.0_AA_G_NR100_000130995516	10	6	1	Salinisphaera
OMDBv2.0_AA_G_NR100_000051633768	10	8	2	Ralstonia
OMDBv2.0_AA_G_NR100_000132235909	10	2	1	Thauera
OMDBv2.0_AA_G_NR100_000153246060	10	3	1	Alcaligenes
OMDBv2.0_AA_G_NR100_000184878231	10	4	1	GCA-002724395
OMDBv2.0_AA_G_NR100_000242631645	10	5	1	Brevundimonas
OMDBv2.0_AA_G_NR100_000045058788	10	4	1	Casp-alpha2
OMDBv2.0_AA_G_NR100_000151702992	10	7	1	Neptunomonas
OMDBv2.0_AA_G_NR100_000202927210	10	5	1	Hoeflea
OMDBv2.0_AA_G_NR100_000025927673	10	3	1	Pseudothauera
OMDBv2.0_AA_G_NR100_000041008202	10	1	1	JAKSCL01
OMDBv2.0_AA_G_NR100_000108910229	10	5	1	JAPOXR01
OMDBv2.0_AA_G_NR100_000248139075	10	6	1	Aquabacterium
OMDBv2.0_AA_G_NR100_000058655624	10	3	1	MPNO01
OMDBv2.0_AA_G_NR100_000153154600	10	3	1	Azospira
OMDBv2.0_AA_G_NR100_000138811736	10	5	1	Oceanospirillum
OMDBv2.0_AA_G_NR100_000057699438	10	4	1	Unknown DYJV01
OMDBv2.0_AA_G_NR100_000208569295	10	2	1	JAKSCL01
OMDBv2.0_AA_G_NR100_000046909209	10	5	2	CAJQQK01
OMDBv2.0_AA_G_NR100_000186563747	10	7	3	Sneathiella
OMDBv2.0_AA_G_NR100_000184103104	10	4	1	Ponticaulis
OMDBv2.0_AA_G_NR100_000101190630	10	6	1	WLXB01
OMDBv2.0_AA_G_NR100_000175865665	10	4	1	TMED2
OMDBv2.0_AA_G_NR100_000033470855	10	7	1	Qipengyuania
OMDBv2.0_AA_G_NR100_000120371455	10	1	1	Roseovarius
OMDBv2.0_AA_G_NR100_000226972383	10	5	1	Ruegeria
OMDBv2.0_AA_G_NR100_000023329791	10	2	2	MED-G105
OMDBv2.0_AA_G_NR100_000018884644	10	5	1	Chromohalobacter
OMDBv2.0_AA_G_NR100_000040231381	10	2	1	Janthinobacterium
OMDBv2.0_AA_G_NR100_000043564153	10	4	1	JABZFP01
OMDBv2.0_AA_G_NR100_000236641241	10	6	1	MH13
OMDBv2.0_AA_G_NR100_000175441505	10	3	1	Marinibacterium
OMDBv2.0_AA_G_NR100_000029898312	10	6	1	Herbaspirillum
OMDBv2.0_AA_G_NR100_000141395818	10	2	1	Pseudomonas_E
OMDBv2.0_AA_G_NR100_000199879838	9	4	1	UBA4479
OMDBv2.0_AA_G_NR100_000044551826	9	5	1	Casp-alpha2
OMDBv2.0_AA_G_NR100_000085284081	9	7	1	Algiphilus
OMDBv2.0_AA_G_NR100_000162457351	9	6	1	CABZJG01
OMDBv2.0_AA_G_NR100_000138574042	9	2	1	Mycobacterium
OMDBv2.0_AA_G_NR100_000200400071	9	4	1	CAXBJY01
OMDBv2.0_AA_G_NR100_000030928625	9	5	1	Sphingomonas
OMDBv2.0_AA_G_NR100_000076782493	9	8	1	Afipia
OMDBv2.0_AA_G_NR100_000170925421	9	4	1	Sphingomonas
OMDBv2.0_AA_G_NR100_000198963123	9	5	1	CANLBN01
OMDBv2.0_AA_G_NR100_000162005534	9	4	1	JBBKWH01
OMDBv2.0_AA_G_NR100_000211347436	9	5	2	UBA7455
OMDBv2.0_AA_G_NR100_000146995874	9	3	1	Burkholderia
OMDBv2.0_AA_G_NR100_000015769787	9	4	1	Methylobacterium
OMDBv2.0_AA_G_NR100_000145435601	9	6	2	R2A130
OMDBv2.0_AA_G_NR100_000146463225	9	4	1	Rubrivivax
OMDBv2.0_AA_G_NR100_000137746936	9	1	1	Pseudoalteromonas
OMDBv2.0_AA_G_NR100_000077405841	9	3	1	Alteromonas
OMDBv2.0_AA_G_NR100_000226571425	9	4	1	UBA3077
OMDBv2.0_AA_G_NR100_000209528201	9	1	1	JBCDCP01
OMDBv2.0_AA_G_NR100_000151319638	9	1	1	Legionella
OMDBv2.0_AA_G_NR100_000175335551	9	2	1	Unknown Rhodobacteraceae
OMDBv2.0_AA_G_NR100_000033380839	9	5	1	Unknown Rhodobacteraceae
OMDBv2.0_AA_G_NR100_000123456875	9	1	1	JAJEBT01
OMDBv2.0_AA_G_NR100_000142217661	9	3	1	Oceanimonas
OMDBv2.0_AA_G_NR100_000169634609	9	1	1	Casimicrobium
OMDBv2.0_AA_G_NR100_000137210469	9	6	1	Marinobacter
OMDBv2.0_AA_G_NR100_000023099994	9	6	1	Roseovarius
OMDBv2.0_AA_G_NR100_000040230394	9	2	1	Janthinobacterium
OMDBv2.0_AA_G_NR100_000181978976	9	7	1	UBA981
OMDBv2.0_AA_G_NR100_000019433625	9	3	1	Unknown Nevskiales
OMDBv2.0_AA_G_NR100_000001093356	9	5	1	Novosphingobium
OMDBv2.0_AA_G_NR100_000212560376	9	1	1	Unknown JAKSDN01
OMDBv2.0_AA_G_NR100_000183391352	9	6	2	UBA6544
OMDBv2.0_AA_G_NR100_000037055689	9	4	1	Perlucidibaca
OMDBv2.0_AA_G_NR100_000222049401	9	2	1	Unknown Kordiimonadaceae
OMDBv2.0_AA_G_NR100_000058079129	9	3	1	GCA-2690215
OMDBv2.0_AA_G_NR100_000192987799	9	3	1	TMED2
OMDBv2.0_AA_G_NR100_000129088623	9	4	1	SZUA-309
OMDBv2.0_AA_G_NR100_000200915155	9	7	1	UBA4582
OMDBv2.0_AA_G_NR100_000079272836	9	5	1	Porticoccus
OMDBv2.0_AA_G_NR100_000041656631	9	5	1	JANQKO01
OMDBv2.0_AA_G_NR100_000159611932	9	1	1	CAIYZJ01
OMDBv2.0_AA_G_NR100_000183127334	9	2	1	Tectiglobus
OMDBv2.0_AA_G_NR100_000062831291	9	6	1	Blastomonas
OMDBv2.0_AA_G_NR100_000058562316	9	3	1	JASLQF01
OMDBv2.0_AA_G_NR100_000238623345	9	4	1	JAABYT01
OMDBv2.0_AA_G_NR100_000110454588	9	4	1	Poriferihabitans
OMDBv2.0_AA_G_NR100_000211407131	9	1	1	JBCDCP01
OMDBv2.0_AA_G_NR100_000041324032	9	3	1	Unknown JAKSDN01
OMDBv2.0_AA_G_NR100_000106792171	9	4	1	Granulosicoccus
OMDBv2.0_AA_G_NR100_000037726676	9	4	1	Cobetia
OMDBv2.0_AA_G_NR100_000137802321	9	3	1	Tistrella
OMDBv2.0_AA_G_NR100_000246943785	9	6	1	Hoeflea
OMDBv2.0_AA_G_NR100_000152596591	9	6	1	Comamonas
OMDBv2.0_AA_G_NR100_000032469054	9	2	1	CALLPQ01
OMDBv2.0_AA_G_NR100_000245179048	9	2	1	SG8-41
OMDBv2.0_AA_G_NR100_000166345809	8	4	1	N074bin48
OMDBv2.0_AA_G_NR100_000196157661	8	4	2	Variovorax
OMDBv2.0_AA_G_NR100_000196133267	8	5	1	Qipengyuania
OMDBv2.0_AA_G_NR100_000029638177	8	5	1	Sphingobium
OMDBv2.0_AA_G_NR100_000035197401	8	3	1	Cycloclasticus
OMDBv2.0_AA_G_NR100_000074747116	8	4	1	Cycloclasticus
OMDBv2.0_AA_G_NR100_000028701558	8	4	1	CACJXQ01
OMDBv2.0_AA_G_NR100_000174622177	8	7	1	JAVJQK01
OMDBv2.0_AA_G_NR100_000007188025	8	7	1	JAZGCJ01
OMDBv2.0_AA_G_NR100_000036633099	8	5	1	UBA2020
OMDBv2.0_AA_G_NR100_000006472529	8	7	1	JAGPUQ01
OMDBv2.0_AA_G_NR100_000166222750	8	2	1	JAHEKE01
OMDBv2.0_AA_G_NR100_000008750985	8	3	1	Unknown Eutrophobiaceae
OMDBv2.0_AA_G_NR100_000065629329	8	5	2	NaphS2
OMDBv2.0_AA_G_NR100_000247946357	8	1	1	SZUA-185
OMDBv2.0_AA_G_NR100_000061265532	8	4	1	CSP1-5
OMDBv2.0_AA_G_NR100_000233961160	8	6	1	UBA11873
OMDBv2.0_AA_G_NR100_000233959602	8	6	1	CAXBJY01
OMDBv2.0_AA_G_NR100_000060537382	8	4	1	UBA9145
OMDBv2.0_AA_G_NR100_000143028217	8	1	1	Chloroflexus
OMDBv2.0_AA_G_NR100_000158193376	8	4	1	Nocardioides
OMDBv2.0_AA_G_NR100_000199448844	8	3	1	HT1-32
OMDBv2.0_AA_G_NR100_000022957501	8	4	1	Sphingomonas
OMDBv2.0_AA_G_NR100_000018756084	8	4	1	JAMWZF01
OMDBv2.0_AA_G_NR100_000195201209	8	7	1	Thalassobius
OMDBv2.0_AA_G_NR100_000003181139	8	6	1	CALJDF01
OMDBv2.0_AA_G_NR100_000002999455	8	6	1	JACNJF01
OMDBv2.0_AA_G_NR100_000015006641	8	5	1	UBA7887
OMDBv2.0_AA_G_NR100_000032346155	8	1	1	Unknown GM7GCV1
OMDBv2.0_AA_G_NR100_000052996843	8	5	4	Tharpella
OMDBv2.0_AA_G_NR100_000220259641	8	1	1	HXMU1428-3
OMDBv2.0_AA_G_NR100_000052996844	8	5	3	DQWO01
OMDBv2.0_AA_G_NR100_000163675675	8	3	1	NORP181
OMDBv2.0_AA_G_NR100_000184931774	8	1	2	UBA4479
OMDBv2.0_AA_G_NR100_000236003909	8	4	1	Acinetobacter
OMDBv2.0_AA_G_NR100_000191277480	8	3	1	Marinobacter_A
OMDBv2.0_AA_G_NR100_000084372015	8	4	1	Pontivivens
OMDBv2.0_AA_G_NR100_000040683966	8	3	1	PGZG01
OMDBv2.0_AA_G_NR100_000188682586	8	2	1	Albimonas
OMDBv2.0_AA_G_NR100_000010537847	8	5	2	JARRKU01
OMDBv2.0_AA_G_NR100_000015128577	8	6	1	UBA7887
OMDBv2.0_AA_G_NR100_000099562010	8	1	1	VXYL01
OMDBv2.0_AA_G_NR100_000206635160	8	2	1	JANQKE01
OMDBv2.0_AA_G_NR100_000129429605	8	6	1	Croceicoccus
OMDBv2.0_AA_G_NR100_000084586352	8	4	1	Oleispira
OMDBv2.0_AA_G_NR100_000173694104	8	6	1	GCA-2717185
OMDBv2.0_AA_G_NR100_000005832620	8	3	1	Thioploca
OMDBv2.0_AA_G_NR100_000145172284	8	2	1	Limnohabitans_A
OMDBv2.0_AA_G_NR100_000006701012	8	5	2	Unknown Micavibrionaceae
OMDBv2.0_AA_G_NR100_000002591287	8	5	1	JANSYC01
OMDBv2.0_AA_G_NR100_000082989982	8	3	1	Achromobacter
OMDBv2.0_AA_G_NR100_000036261735	8	4	1	Roseobacter
OMDBv2.0_AA_G_NR100_000180455426	8	1	1	JBFFCR01
OMDBv2.0_AA_G_NR100_000079584987	8	4	1	RFXW01
OMDBv2.0_AA_G_NR100_000195439700	8	4	1	Roseibium
OMDBv2.0_AA_G_NR100_000030926222	8	5	1	Sphingomonas
OMDBv2.0_AA_G_NR100_000115710735	8	1	1	Amphirhobacter
OMDBv2.0_AA_G_NR100_000221143197	8	7	2	JALUTE01
OMDBv2.0_AA_G_NR100_000164372126	8	2	1	UBA11136
OMDBv2.0_AA_G_NR100_000186274339	8	2	1	JASLQF01
OMDBv2.0_AA_G_NR100_000186970374	8	2	1	GCA-2709075
OMDBv2.0_AA_G_NR100_000140153387	8	4	1	Boseongicola
OMDBv2.0_AA_G_NR100_000188683841	8	2	1	Albimonas
OMDBv2.0_AA_G_NR100_000209844119	8	2	1	UBA5336
OMDBv2.0_AA_G_NR100_000156863295	8	6	1	TMED27
OMDBv2.0_AA_G_NR100_000190677560	8	1	1	HIMB114
OMDBv2.0_AA_G_NR100_000061320889	8	5	1	JAZFZX01
OMDBv2.0_AA_G_NR100_000127414083	8	3	1	Sneathiella
OMDBv2.0_AA_G_NR100_000200123327	8	2	1	CAXBMB01
OMDBv2.0_AA_G_NR100_000172880908	8	6	1	Celeribacter
OMDBv2.0_AA_G_NR100_000166598678	8	2	2	JBBKWG01
OMDBv2.0_AA_G_NR100_000039217772	8	2	1	UBA5109
OMDBv2.0_AA_G_NR100_000054285065	8	2	1	Hyphococcus
OMDBv2.0_AA_G_NR100_000187013525	8	1	1	UBA5336
OMDBv2.0_AA_G_NR100_000032946006	8	3	1	JAJFFW01
OMDBv2.0_AA_G_NR100_000011073109	8	2	1	JARRKU01
OMDBv2.0_AA_G_NR100_000082865130	8	4	2	Henriciella
OMDBv2.0_AA_G_NR100_000236313506	8	2	1	Psychrobacter
OMDBv2.0_AA_G_NR100_000136978486	8	6	1	Parvularcula
OMDBv2.0_AA_G_NR100_000072311727	8	4	2	JASJEC01
OMDBv2.0_AA_G_NR100_000151670418	7	4	1	Parasphingopyxis
OMDBv2.0_AA_G_NR100_000038636605	7	5	1	Perlucidibaca
OMDBv2.0_AA_G_NR100_000038309163	7	1	1	Immundisolibacter
OMDBv2.0_AA_G_NR100_000052588739	7	4	1	Cycloclasticus
OMDBv2.0_AA_G_NR100_000040988106	7	2	1	Cenarchaeum
OMDBv2.0_AA_G_NR100_000006852847	7	5	1	JAKEHO01
OMDBv2.0_AA_G_NR100_000155617380	7	4	1	Sphingomonas
OMDBv2.0_AA_G_NR100_000159242036	7	4	1	Nitrosotenuis
OMDBv2.0_AA_G_NR100_000164555125	7	4	1	GCA-2731375
OMDBv2.0_AA_G_NR100_000074343807	7	7	1	Amylibacter
OMDBv2.0_AA_G_NR100_000242741209	7	2	1	Sandarakinorhabdus
OMDBv2.0_AA_G_NR100_000209979856	7	2	1	TMED69
OMDBv2.0_AA_G_NR100_000098199438	7	2	1	Io17-Chloro-G2
OMDBv2.0_AA_G_NR100_000174822639	7	5	1	Parasphingopyxis
OMDBv2.0_AA_G_NR100_000021606593	7	2	1	UBA796
OMDBv2.0_AA_G_NR100_000139552857	7	3	1	Rubrobacter_B
OMDBv2.0_AA_G_NR100_000003704364	7	2	2	UBA9145
OMDBv2.0_AA_G_NR100_000197870009	7	5	1	GCA-2702655
OMDBv2.0_AA_G_NR100_000164688004	7	2	1	Unknown Muiribacteriota
OMDBv2.0_AA_G_NR100_000142109113	7	2	1	Thalassospira
OMDBv2.0_AA_G_NR100_000061218299	7	5	1	Nitrosopumilus
OMDBv2.0_AA_G_NR100_000200746819	7	1	1	Sneathiella
OMDBv2.0_AA_G_NR100_000136736405	7	5	3	Bordetella_B
OMDBv2.0_AA_G_NR100_000088896854	7	3	1	Shimia
OMDBv2.0_AA_G_NR100_000196741981	7	2	1	HT1-32
OMDBv2.0_AA_G_NR100_000018755521	7	6	1	Sulfitobacter
OMDBv2.0_AA_G_NR100_000099006265	7	2	1	JANQOH01
OMDBv2.0_AA_G_NR100_000044647376	7	5	1	G963555825
OMDBv2.0_AA_G_NR100_000084329806	7	3	1	Palleronia
OMDBv2.0_AA_G_NR100_000177210194	7	3	1	UBA3470
OMDBv2.0_AA_G_NR100_000054373777	7	3	1	Alteromonas
OMDBv2.0_AA_G_NR100_000027486053	7	2	1	Algiphilus
OMDBv2.0_AA_G_NR100_000062799017	7	6	1	Sphingosinicella
OMDBv2.0_AA_G_NR100_000058300657	7	3	1	UBA3470
OMDBv2.0_AA_G_NR100_000156412610	7	4	1	JAYZVO01
OMDBv2.0_AA_G_NR100_000210406996	7	1	1	Unknown Inquilinaceae
OMDBv2.0_AA_G_NR100_000036577556	7	4	1	Erythrobacter
OMDBv2.0_AA_G_NR100_000065791825	7	1	1	UBA3470
OMDBv2.0_AA_G_NR100_000236050034	7	1	1	Janibacter
OMDBv2.0_AA_G_NR100_000183965991	7	2	1	UBA6544
OMDBv2.0_AA_G_NR100_000022282580	7	3	1	Litorivivens
OMDBv2.0_AA_G_NR100_000050101448	7	3	1	JABMNT01
OMDBv2.0_AA_G_NR100_000053927496	7	3	1	Unknown HK1
OMDBv2.0_AA_G_NR100_000164462913	7	1	1	JABJES01
OMDBv2.0_AA_G_NR100_000038478036	7	6	1	Thalassobaculum_A
OMDBv2.0_AA_G_NR100_000066102480	7	4	1	Desulfacyla
OMDBv2.0_AA_G_NR100_000104591274	7	4	1	JADHLJ01
OMDBv2.0_AA_G_NR100_000175873181	7	7	1	Neptunomonas
OMDBv2.0_AA_G_NR100_000176867703	7	1	1	UBA11858
OMDBv2.0_AA_G_NR100_000009028522	7	1	1	2-02-FULL-47-50
OMDBv2.0_AA_G_NR100_000148255258	7	2	1	Aquisediminimonas
OMDBv2.0_AA_G_NR100_000150880263	7	1	1	Mycobacterium
OMDBv2.0_AA_G_NR100_000162146578	7	4	1	Sulfitobacter
OMDBv2.0_AA_G_NR100_000198717712	7	2	1	Pseudooceanicola_C
OMDBv2.0_AA_G_NR100_000000450193	7	4	1	Antarctobacter
OMDBv2.0_AA_G_NR100_000036971215	7	2	1	Motiliproteus
OMDBv2.0_AA_G_NR100_000175299281	7	2	1	HXMU1428-3
OMDBv2.0_AA_G_NR100_000180649876	7	3	1	DATIRA01
OMDBv2.0_AA_G_NR100_000182207432	7	5	1	Roseovarius
OMDBv2.0_AA_G_NR100_000054767250	7	3	1	Pacificispira
OMDBv2.0_AA_G_NR100_000066436321	7	6	1	Phycobacter
OMDBv2.0_AA_G_NR100_000140271962	7	4	1	Paracoccus
OMDBv2.0_AA_G_NR100_000155102751	7	3	1	UBA2638
OMDBv2.0_AA_G_NR100_000166779865	7	3	1	QNFN01
OMDBv2.0_AA_G_NR100_000060775888	7	5	1	UBA8317
OMDBv2.0_AA_G_NR100_000226555201	7	2	1	UBA1672
OMDBv2.0_AA_G_NR100_000138863829	7	2	1	Billgrantia
OMDBv2.0_AA_G_NR100_000150623271	7	1	1	Piscirickettsia
OMDBv2.0_AA_G_NR100_000189401162	7	3	1	UBA9664
OMDBv2.0_AA_G_NR100_000036323885	7	3	1	JAJDNW01
OMDBv2.0_AA_G_NR100_000159929242	7	1	1	CAXBRX01
OMDBv2.0_AA_G_NR100_000107432245	7	3	1	CALGNO01
OMDBv2.0_AA_G_NR100_000229038716	7	4	1	Flavimaricola
OMDBv2.0_AA_G_NR100_000112738469	7	6	1	Herbaspirillum
OMDBv2.0_AA_G_NR100_000195042463	7	4	2	TMED167
OMDBv2.0_AA_G_NR100_000195750074	7	6	1	Acuticoccus
OMDBv2.0_AA_G_NR100_000146460560	7	3	1	Qipengyuania
OMDBv2.0_AA_G_NR100_000161332015	7	3	1	Mf105b01
OMDBv2.0_AA_G_NR100_000242753328	7	3	1	Telluria
OMDBv2.0_AA_G_NR100_000186247785	7	2	1	TMED27
OMDBv2.0_AA_G_NR100_000041454567	7	5	1	Azospirillum
OMDBv2.0_AA_G_NR100_000146144491	7	3	1	Pseudolabrys
OMDBv2.0_AA_G_NR100_000076713772	7	4	1	Marivita
OMDBv2.0_AA_G_NR100_000068281725	7	2	1	WFVA01
OMDBv2.0_AA_G_NR100_000030607235	7	3	1	JAPYTK01
OMDBv2.0_AA_G_NR100_000006732163	7	4	1	Parvibaculum
OMDBv2.0_AA_G_NR100_000159523687	7	3	1	CAIUPE01
OMDBv2.0_AA_G_NR100_000107584108	7	1	1	Qipengyuania
OMDBv2.0_AA_G_NR100_000179969247	7	3	1	JAJDNW01
OMDBv2.0_AA_G_NR100_000248962276	7	4	2	CAKZLS01
OMDBv2.0_AA_G_NR100_000144719347	7	1	1	Chromobacterium
OMDBv2.0_AA_G_NR100_000195503755	7	4	1	Cupriavidus
OMDBv2.0_AA_G_NR100_000209528087	7	1	1	JBCDCP01
OMDBv2.0_AA_G_NR100_000137070892	7	4	1	Hoeflea
OMDBv2.0_AA_G_NR100_000028750776	6	4	1	UBA1014
OMDBv2.0_AA_G_NR100_000008814892	6	2	1	JAABUE01
OMDBv2.0_AA_G_NR100_000175697200	6	3	1	TMED2
OMDBv2.0_AA_G_NR100_000188917352	6	3	1	GCA-002724395
OMDBv2.0_AA_G_NR100_000140037471	6	4	1	Blastomonas
OMDBv2.0_AA_G_NR100_000101379815	6	4	1	JAJDZL01
OMDBv2.0_AA_G_NR100_000140110342	6	3	1	Sphingomonas
OMDBv2.0_AA_G_NR100_000173883704	6	5	1	CAJXVA01
OMDBv2.0_AA_G_NR100_000246464521	6	3	1	JAZFZX01
OMDBv2.0_AA_G_NR100_000006630036	6	3	1	HB2-32-21
OMDBv2.0_AA_G_NR100_000044331428	6	4	1	JACZTE01
OMDBv2.0_AA_G_NR100_000054674733	6	5	1	Alloalcanivorax
OMDBv2.0_AA_G_NR100_000044793078	6	2	2	JADFHG01
OMDBv2.0_AA_G_NR100_000034351756	6	2	1	CALKZN01
OMDBv2.0_AA_G_NR100_000157830296	6	4	1	UBA2705
OMDBv2.0_AA_G_NR100_000181784173	6	5	1	JAGPUQ01
OMDBv2.0_AA_G_NR100_000196823786	6	4	1	Salinisphaera
OMDBv2.0_AA_G_NR100_000152950087	6	1	1	Chloracidobacterium
OMDBv2.0_AA_G_NR100_000166959161	6	3	1	JAHEFR01
OMDBv2.0_AA_G_NR100_000062797624	6	5	1	Sphingosinicella
OMDBv2.0_AA_G_NR100_000152290899	6	4	1	Onishia
OMDBv2.0_AA_G_NR100_000154262203	6	3	1	Rs1
OMDBv2.0_AA_G_NR100_000007322416	6	1	1	DAHVFK01
OMDBv2.0_AA_G_NR100_000159328966	6	4	1	SYFN01
OMDBv2.0_AA_G_NR100_000203021974	6	4	1	Aromatoleum
OMDBv2.0_AA_G_NR100_000009043739	6	1	1	JBBDSH01
OMDBv2.0_AA_G_NR100_000074856952	6	4	1	VMCJ01
OMDBv2.0_AA_G_NR100_000076877359	6	2	1	JAHEJA01
OMDBv2.0_AA_G_NR100_000147399821	6	1	1	Legionella
OMDBv2.0_AA_G_NR100_000073882147	6	3	1	Bin52
OMDBv2.0_AA_G_NR100_000137000419	6	5	1	Marinomonas
OMDBv2.0_AA_G_NR100_000210374052	6	1	1	Unknown Inquilinaceae
OMDBv2.0_AA_G_NR100_000038247189	6	1	1	Ga0077548
OMDBv2.0_AA_G_NR100_000129458660	6	4	1	JAPOUP01
OMDBv2.0_AA_G_NR100_000049847232	6	3	1	JAAELZ01
OMDBv2.0_AA_G_NR100_000044347208	6	3	1	Unknown RBG-16-68-14
OMDBv2.0_AA_G_NR100_000245629110	6	2	1	MS8
OMDBv2.0_AA_G_NR100_000062609501	6	3	1	Acinetobacter
OMDBv2.0_AA_G_NR100_000058158402	6	4	2	UBA2156
OMDBv2.0_AA_G_NR100_000152960625	6	1	1	Chloracidobacterium
OMDBv2.0_AA_G_NR100_000110970519	6	2	1	Litorivicinus
OMDBv2.0_AA_G_NR100_000174614124	6	3	1	Algiphilus
OMDBv2.0_AA_G_NR100_000141922215	6	4	1	Alloalcanivorax
OMDBv2.0_AA_G_NR100_000003063629	6	3	1	CALGGB01
OMDBv2.0_AA_G_NR100_000065127049	6	4	1	GCA-2717285
OMDBv2.0_AA_G_NR100_000019505481	6	2	1	Panacagrimonas
OMDBv2.0_AA_G_NR100_000149267662	6	4	1	Paremcibacter
OMDBv2.0_AA_G_NR100_000064422130	6	5	1	WLXB01
OMDBv2.0_AA_G_NR100_000041100238	6	2	1	JANQKO01
OMDBv2.0_AA_G_NR100_000066115802	6	4	1	Casp-alpha2
OMDBv2.0_AA_G_NR100_000025507718	6	4	1	Phenylobacterium
OMDBv2.0_AA_G_NR100_000011416788	6	2	1	Hyphomicrobium_A
OMDBv2.0_AA_G_NR100_000174662085	6	5	2	Erythrobacter
OMDBv2.0_AA_G_NR100_000043678606	6	3	2	UBA1847
OMDBv2.0_AA_G_NR100_000168181444	6	3	1	UBA7377
OMDBv2.0_AA_G_NR100_000242690832	6	2	1	Zwartia
OMDBv2.0_AA_G_NR100_000242467683	6	4	1	Algicoccus
OMDBv2.0_AA_G_NR100_000008413704	6	4	1	JANQNX01
OMDBv2.0_AA_G_NR100_000088294740	6	3	1	JAJRRA01
OMDBv2.0_AA_G_NR100_000166781071	6	2	1	QNFN01
OMDBv2.0_AA_G_NR100_000197039718	6	4	1	Sphingomonas
OMDBv2.0_AA_G_NR100_000075057506	6	3	1	Frigidibacter
OMDBv2.0_AA_G_NR100_000131298322	6	3	1	CAKZTM01
OMDBv2.0_AA_G_NR100_000247221914	6	4	1	Thermohalobaculum
OMDBv2.0_AA_G_NR100_000190935324	6	3	1	HT1-32
OMDBv2.0_AA_G_NR100_000148494091	6	3	1	Thalassobius
OMDBv2.0_AA_G_NR100_000151670716	6	4	1	Parasphingopyxis
OMDBv2.0_AA_G_NR100_000201662201	6	5	1	Lentilitoribacter
OMDBv2.0_AA_G_NR100_000143669908	6	5	1	Pseudazoarcus
OMDBv2.0_AA_G_NR100_000229918097	6	1	1	Unknown Rhodobacteraceae
OMDBv2.0_AA_G_NR100_000027346558	6	4	1	Euryhalocaulis
OMDBv2.0_AA_G_NR100_000018864092	6	3	1	Chromohalobacter
OMDBv2.0_AA_G_NR100_000204022136	6	2	1	Bradyrhizobium
OMDBv2.0_AA_G_NR100_000113256229	6	1	1	Qipengyuania_C
OMDBv2.0_AA_G_NR100_000129464532	6	3	1	JAPORY01
OMDBv2.0_AA_G_NR100_000198387899	6	4	1	UBA2137
OMDBv2.0_AA_G_NR100_000198713092	6	2	1	GCA-2746425
OMDBv2.0_AA_G_NR100_000141756567	6	3	1	Thioclava
OMDBv2.0_AA_G_NR100_000009330164	6	2	2	SG8-41
OMDBv2.0_AA_G_NR100_000213857884	6	2	2	Unknown Inquilinaceae
OMDBv2.0_AA_G_NR100_000079372146	6	5	1	Alteriqipengyuania_A
OMDBv2.0_AA_G_NR100_000148558034	6	5	1	Alteraurantiacibacter
OMDBv2.0_AA_G_NR100_000146471509	6	5	1	Limnohabitans_A
OMDBv2.0_AA_G_NR100_000013583911	6	2	2	JAGFWP01
OMDBv2.0_AA_G_NR100_000141429631	6	2	1	Tepidimonas
OMDBv2.0_AA_G_NR100_000007067699	6	4	1	SG8-40
OMDBv2.0_AA_G_NR100_000165502970	6	4	1	Croceicoccus
OMDBv2.0_AA_G_NR100_000175198694	6	2	1	UBA7957
OMDBv2.0_AA_G_NR100_000041568995	6	2	1	Desulfoluna
OMDBv2.0_AA_G_NR100_000001952240	6	4	2	Reyranella
OMDBv2.0_AA_G_NR100_000010237810	6	1	1	UBA11574
OMDBv2.0_AA_G_NR100_000043652119	6	3	1	CAJQQK01
OMDBv2.0_AA_G_NR100_000208546977	6	1	1	MH13
OMDBv2.0_AA_G_NR100_000143549510	6	5	1	Paracoccus
OMDBv2.0_AA_G_NR100_000242993414	6	4	1	Psychrobacter
OMDBv2.0_AA_G_NR100_000133983157	5	4	1	UBA2137
OMDBv2.0_AA_G_NR100_000009047258	5	2	1	JBBDSH01
OMDBv2.0_AA_G_NR100_000002576053	5	4	1	Sphingorhabdus_B
OMDBv2.0_AA_G_NR100_000167126444	5	1	1	JARRJC01
OMDBv2.0_AA_G_NR100_000067561819	5	2	1	JAADEN01
OMDBv2.0_AA_G_NR100_000162658677	5	2	1	NORP233
OMDBv2.0_AA_G_NR100_000175198907	5	1	1	UBA7957
OMDBv2.0_AA_G_NR100_000035358057	5	4	1	Cycloclasticus
OMDBv2.0_AA_G_NR100_000110680618	5	3	1	Cycloclasticus
OMDBv2.0_AA_G_NR100_000035169307	5	3	1	Cycloclasticus
OMDBv2.0_AA_G_NR100_000107136140	5	1	1	Unknown Rhodobacteraceae
OMDBv2.0_AA_G_NR100_000032284049	5	4	1	Metabacillus
OMDBv2.0_AA_G_NR100_000062386875	5	3	1	Sva-25
OMDBv2.0_AA_G_NR100_000159588085	5	3	2	Magnetaquicoccus
OMDBv2.0_AA_G_NR100_000126877410	5	4	1	Neptunomonas
OMDBv2.0_AA_G_NR100_000150623732	5	1	1	Piscirickettsia
OMDBv2.0_AA_G_NR100_000038979690	5	3	1	JAHRVQ01
OMDBv2.0_AA_G_NR100_000248842135	5	4	1	CALJXB01
OMDBv2.0_AA_G_NR100_000044471421	5	2	1	JADFKB01
OMDBv2.0_AA_G_NR100_000073464667	5	2	1	Bin52
OMDBv2.0_AA_G_NR100_000152193332	5	3	1	Sphingomonas
OMDBv2.0_AA_G_NR100_000144423967	5	4	1	Acinetobacter
OMDBv2.0_AA_G_NR100_000080149354	5	5	1	UBA2995
OMDBv2.0_AA_G_NR100_000129519429	5	5	1	Poriferihabitans
OMDBv2.0_AA_G_NR100_000243317991	5	2	1	Sphingomonas
OMDBv2.0_AA_G_NR100_000008530038	5	4	1	Ketobacter
OMDBv2.0_AA_G_NR100_000011516784	5	5	2	JAYPEY01
OMDBv2.0_AA_G_NR100_000204768850	5	1	1	Unknown Inquilinaceae
OMDBv2.0_AA_G_NR100_000247305299	5	4	1	Thermohalobaculum
OMDBv2.0_AA_G_NR100_000069131063	5	2	1	J134
OMDBv2.0_AA_G_NR100_000062829795	5	4	2	Sphingosinicella
OMDBv2.0_AA_G_NR100_000115019356	5	3	1	Nocardioides
OMDBv2.0_AA_G_NR100_000141553053	5	2	1	Gordonia
OMDBv2.0_AA_G_NR100_000041571908	5	2	1	Desulfoluna
OMDBv2.0_AA_G_NR100_000148014678	5	2	1	Acinetobacter
OMDBv2.0_AA_G_NR100_000032447981	5	1	1	CALGNO01
OMDBv2.0_AA_G_NR100_000169541730	5	1	1	VGSZ01
OMDBv2.0_AA_G_NR100_000162073536	5	3	1	JADJRG01
OMDBv2.0_AA_G_NR100_000063656579	5	5	1	Oceanococcus
OMDBv2.0_AA_G_NR100_000102050571	5	4	1	JAPPPA01
OMDBv2.0_AA_G_NR100_000139918959	5	2	1	Paracoccus
OMDBv2.0_AA_G_NR100_000039397390	5	1	1	BRH-c0
OMDBv2.0_AA_G_NR100_000145284852	5	2	1	Azospira
OMDBv2.0_AA_G_NR100_000150586521	5	1	1	Spiribacter
OMDBv2.0_AA_G_NR100_000159241443	5	3	1	Limnohabitans
OMDBv2.0_AA_G_NR100_000127383820	5	2	1	JAAEUB01
OMDBv2.0_AA_G_NR100_000007606635	5	1	1	Unknown Eutrophobiaceae
OMDBv2.0_AA_G_NR100_000185982801	5	4	1	TMED27
OMDBv2.0_AA_G_NR100_000244563245	5	2	1	SG8-39
OMDBv2.0_AA_G_NR100_000035097533	5	3	1	ASP10-02a
OMDBv2.0_AA_G_NR100_000199451128	5	1	1	Abyssibius
OMDBv2.0_AA_G_NR100_000043609164	5	4	1	Agarilytica
OMDBv2.0_AA_G_NR100_000109815419	5	3	1	JAPPHA01
OMDBv2.0_AA_G_NR100_000197108233	5	5	1	Novosphingobium
OMDBv2.0_AA_G_NR100_000010151973	5	3	1	Aquabacterium
OMDBv2.0_AA_G_NR100_000139559481	5	1	1	Rhodovulum
OMDBv2.0_AA_G_NR100_000141984974	5	1	1	Legionella
OMDBv2.0_AA_G_NR100_000146497277	5	2	1	Tepidiphilus
OMDBv2.0_AA_G_NR100_000037012391	5	2	1	Saccharophagus
OMDBv2.0_AA_G_NR100_000175211862	5	1	1	Pikeienuella
OMDBv2.0_AA_G_NR100_000235790765	5	2	1	JADHLJ01
OMDBv2.0_AA_G_NR100_000014102051	5	5	1	JACKNG01
OMDBv2.0_AA_G_NR100_000021295371	5	3	1	JBCCEJ01
OMDBv2.0_AA_G_NR100_000065126077	5	3	1	JACNJU01
OMDBv2.0_AA_G_NR100_000129481655	5	2	1	JAPOTF01
OMDBv2.0_AA_G_NR100_000137800778	5	2	1	Tistrella
OMDBv2.0_AA_G_NR100_000139136966	5	1	1	Spiribacter
OMDBv2.0_AA_G_NR100_000218430084	5	2	1	CATLOR01
OMDBv2.0_AA_G_NR100_000221420505	5	4	1	Pseudotabrizicola
OMDBv2.0_AA_G_NR100_000236050036	5	1	1	Janibacter
OMDBv2.0_AA_G_NR100_000001732900	5	2	1	UBA3470
OMDBv2.0_AA_G_NR100_000212578202	5	1	1	Unknown Inquilinaceae
OMDBv2.0_AA_G_NR100_000102483778	5	1	1	Cypionkella
OMDBv2.0_AA_G_NR100_000128082764	5	4	1	Leisingera
OMDBv2.0_AA_G_NR100_000138858321	5	3	1	JALSRW01
OMDBv2.0_AA_G_NR100_000188527758	5	1	1	Hirschia
OMDBv2.0_AA_G_NR100_000227299936	5	1	1	Unknown Rhodobacteraceae
OMDBv2.0_AA_G_NR100_000164359814	5	3	1	JABILA01
OMDBv2.0_AA_G_NR100_000199480853	5	3	2	Porticoccus
OMDBv2.0_AA_G_NR100_000054336790	5	5	1	VYFG01
OMDBv2.0_AA_G_NR100_000147402907	5	1	1	Legionella
OMDBv2.0_AA_G_NR100_000199452412	5	1	1	Abyssibius
OMDBv2.0_AA_G_NR100_000113691305	5	3	1	Rs1
OMDBv2.0_AA_G_NR100_000193801065	5	4	1	SP197
OMDBv2.0_AA_G_NR100_000179123144	5	3	1	UBA830
OMDBv2.0_AA_G_NR100_000148329180	5	1	1	Elioraea
OMDBv2.0_AA_G_NR100_000000456010	5	4	1	Flagellatimonas
OMDBv2.0_AA_G_NR100_000127435322	5	2	1	Paremcibacter
OMDBv2.0_AA_G_NR100_000200380091	5	5	1	JARGPN01
OMDBv2.0_AA_G_NR100_000123584036	5	1	1	Unknown Bin95
OMDBv2.0_AA_G_NR100_000156695661	5	4	1	Vreelandella
OMDBv2.0_AA_G_NR100_000178452063	5	1	1	JAAESI01
OMDBv2.0_AA_G_NR100_000176707419	5	1	1	Desulfobacula
OMDBv2.0_AA_G_NR100_000007067893	5	1	1	SG8-40
OMDBv2.0_AA_G_NR100_000159624704	5	4	1	Polaromonas
OMDBv2.0_AA_G_NR100_000052819614	5	2	1	B119-G9
OMDBv2.0_AA_G_NR100_000152779483	5	2	1	Natrarchaeobaculum
OMDBv2.0_AA_G_NR100_000189562427	5	2	1	Tistrella
OMDBv2.0_AA_G_NR100_000077683283	5	1	1	HIMB30
OMDBv2.0_AA_G_NR100_000160312835	5	2	1	Shimia
OMDBv2.0_AA_G_NR100_000039198077	5	3	1	EhC02
OMDBv2.0_AA_G_NR100_000244449509	5	1	1	JADJWR01
OMDBv2.0_AA_G_NR100_000012534129	5	3	1	JAPULC01
OMDBv2.0_AA_G_NR100_000128041378	5	2	1	Robiginitomaculum_B
OMDBv2.0_AA_G_NR100_000138192780	5	2	1	Cereibacter_A
OMDBv2.0_AA_G_NR100_000225965606	5	2	1	UBA954
OMDBv2.0_AA_G_NR100_000003726597	5	1	1	Rubrivivax
OMDBv2.0_AA_G_NR100_000076852221	5	1	1	JBDNBY01
OMDBv2.0_AA_G_NR100_000032212053	5	3	1	Unknown Rhodobacteraceae
OMDBv2.0_AA_G_NR100_000071386569	5	1	1	MnTg02
OMDBv2.0_AA_G_NR100_000227690509	5	1	1	Hasllibacter
OMDBv2.0_AA_G_NR100_000041086023	5	1	1	JAKSBI01
OMDBv2.0_AA_G_NR100_000104412319	5	4	1	JBFHNV01
OMDBv2.0_AA_G_NR100_000153424314	5	3	1	Anderseniella
OMDBv2.0_AA_G_NR100_000194617948	5	2	1	UBA6929
OMDBv2.0_AA_G_NR100_000019405765	5	1	1	JAVJVX01
OMDBv2.0_AA_G_NR100_000139233008	5	1	1	Burkholderia
OMDBv2.0_AA_G_NR100_000155686654	5	5	1	UBA1672
OMDBv2.0_AA_G_NR100_000000164933	5	4	1	JASMHE01
OMDBv2.0_AA_G_NR100_000077681008	5	3	1	Roseicyclus
OMDBv2.0_AA_G_NR100_000127339555	5	4	1	UBA1672
OMDBv2.0_AA_G_NR100_000227763239	5	1	1	Unknown Rhizobiaceae
OMDBv2.0_AA_G_NR100_000136393205	5	3	1	Acidovorax
OMDBv2.0_AA_G_NR100_000140723086	5	2	1	Actibacterium_A
OMDBv2.0_AA_G_NR100_000142140885	5	4	1	Pseudorhodoplanes
OMDBv2.0_AA_G_NR100_000174473574	5	3	1	Pseudohoeflea
OMDBv2.0_AA_G_NR100_000038345220	5	3	2	Unknown Micavibrionaceae
OMDBv2.0_AA_G_NR100_000145649768	5	4	1	Aestuariivirga
OMDBv2.0_AA_G_NR100_000200399696	5	2	1	CAXBJY01
OMDBv2.0_AA_G_NR100_000022086261	5	1	1	JABMNR01
OMDBv2.0_AA_G_NR100_000079439109	5	3	1	Roseibium
OMDBv2.0_AA_G_NR100_000068271023	5	2	1	JALSRW01
OMDBv2.0_AA_G_NR100_000132265942	5	2	1	CAIYZJ01
OMDBv2.0_AA_G_NR100_000244429282	5	3	1	G020354665
OMDBv2.0_AA_G_NR100_000126993745	5	5	1	Puniceibacterium
OMDBv2.0_AA_G_NR100_000103760906	5	4	1	Novosphingobium
OMDBv2.0_AA_G_NR100_000231754551	5	4	1	Eutrophovita
OMDBv2.0_AA_G_NR100_000229344586	5	4	1	Allopontixanthobacter
OMDBv2.0_AA_G_NR100_000181089025	5	4	1	CAJQQK01
OMDBv2.0_AA_G_NR100_000197923789	5	4	1	Nitratireductor
OMDBv2.0_AA_G_NR100_000006150688	5	2	1	Novosphingobium
OMDBv2.0_AA_G_NR100_000081037177	5	3	1	Ponticaulis
OMDBv2.0_AA_G_NR100_000007495213	5	1	1	WHUA01
OMDBv2.0_AA_G_NR100_000019288491	5	5	1	Hyphomicrobium_A
OMDBv2.0_AA_G_NR100_000194526335	5	3	2	Marinibacterium
OMDBv2.0_AA_G_NR100_000103594833	5	3	1	UBA3064
OMDBv2.0_AA_G_NR100_000069304140	5	2	1	S012-90
OMDBv2.0_AA_G_NR100_000009713815	5	2	1	CALAQW01
OMDBv2.0_AA_G_NR100_000054271373	5	4	1	Henriciella
OMDBv2.0_AA_G_NR100_000054998111	5	3	1	Sphingobium
OMDBv2.0_AA_G_NR100_000143592438	5	2	1	Pollutimonas
OMDBv2.0_AA_G_NR100_000192648941	5	4	1	Unknown Minwuiaceae
OMDBv2.0_AA_G_NR100_000210395121	5	3	1	Stappia
OMDBv2.0_AA_G_NR100_000160143031	5	5	1	Comamonas
OMDBv2.0_AA_G_NR100_000140286894	5	4	1	Methyloceanibacter
OMDBv2.0_AA_G_NR100_000038587790	5	2	1	CAMYMG01
OMDBv2.0_AA_G_NR100_000139015750	5	1	1	Chromobacterium
OMDBv2.0_AA_G_NR100_000169472475	5	1	1	Denitrificimonas
OMDBv2.0_AA_G_NR100_000036604088	5	3	1	CPC320
OMDBv2.0_AA_G_NR100_000054858944	4	3	1	Qipengyuania
OMDBv2.0_AA_G_NR100_000227525690	4	1	1	Unknown JACKNK01
OMDBv2.0_AA_G_NR100_000189401157	4	3	1	UBA9664
OMDBv2.0_AA_G_NR100_000216194241	4	1	1	JANQIU01
OMDBv2.0_AA_G_NR100_000009328059	4	1	1	Nitrosomaritimum
OMDBv2.0_AA_G_NR100_000036606353	4	3	1	Sphingobium
OMDBv2.0_AA_G_NR100_000067358612	4	2	1	Unknown Archaeoglobaceae
OMDBv2.0_AA_G_NR100_000021589895	4	3	1	JAYXVV01
OMDBv2.0_AA_G_NR100_000022238976	4	1	1	JAPYTK01
OMDBv2.0_AA_G_NR100_000197040943	4	2	1	Sphingomonas
OMDBv2.0_AA_G_NR100_000171979203	4	3	1	GCA-2402195
OMDBv2.0_AA_G_NR100_000162658678	4	2	1	NORP233
OMDBv2.0_AA_G_NR100_000175149979	4	1	1	Unknown HP12
OMDBv2.0_AA_G_NR100_000043678608	4	3	1	UBA1847
OMDBv2.0_AA_G_NR100_000160552663	4	2	1	Unknown Desulfosarcinaceae
OMDBv2.0_AA_G_NR100_000245634860	4	4	1	Unknown UBA1532
OMDBv2.0_AA_G_NR100_000181812258	4	2	1	UBA868
OMDBv2.0_AA_G_NR100_000006499981	4	2	1	Immundisolibacter
OMDBv2.0_AA_G_NR100_000226367327	4	2	1	Cycloclasticus
OMDBv2.0_AA_G_NR100_000038175488	4	1	1	Immundisolibacter
OMDBv2.0_AA_G_NR100_000174710810	4	3	2	Nemorincola
OMDBv2.0_AA_G_NR100_000161718074	4	2	1	JBCCFA01
OMDBv2.0_AA_G_NR100_000197098626	4	3	1	Sphingomonas
OMDBv2.0_AA_G_NR100_000053977869	4	4	1	CSP1-5
OMDBv2.0_AA_G_NR100_000141198499	4	3	1	Rhodanobacter
OMDBv2.0_AA_G_NR100_000110359192	4	2	1	Poriferihabitans
OMDBv2.0_AA_G_NR100_000140395936	4	3	1	Sphingomonas
OMDBv2.0_AA_G_NR100_000227284013	4	1	1	Unknown JACKNK01
OMDBv2.0_AA_G_NR100_000113132025	4	1	1	Rhodococcoides
OMDBv2.0_AA_G_NR100_000007383506	4	1	1	Thioploca
OMDBv2.0_AA_G_NR100_000043627149	4	3	1	Desulfopila_A
OMDBv2.0_AA_G_NR100_000113255573	4	1	1	Qipengyuania_C
OMDBv2.0_AA_G_NR100_000038104934	4	3	1	Bernardetia
OMDBv2.0_AA_G_NR100_000175228074	4	3	1	Henriciella
OMDBv2.0_AA_G_NR100_000036527319	4	4	1	Perlucidibaca
OMDBv2.0_AA_G_NR100_000145594411	4	2	1	Salipaludibacillus
OMDBv2.0_AA_G_NR100_000000159179	4	3	1	CATLOR01
OMDBv2.0_AA_G_NR100_000010280481	4	3	2	Unknown Kiloniellales
OMDBv2.0_AA_G_NR100_000059096389	4	2	1	Unknown Muiribacteriota
OMDBv2.0_AA_G_NR100_000161974608	4	2	1	UBA2705
OMDBv2.0_AA_G_NR100_000087430316	4	1	1	Unknown Bin95
OMDBv2.0_AA_G_NR100_000099868216	4	2	1	JAAXGF01
OMDBv2.0_AA_G_NR100_000160933760	4	3	1	UBA1660
OMDBv2.0_AA_G_NR100_000072937195	4	1	1	JAJEFO01
OMDBv2.0_AA_G_NR100_000077377274	4	3	1	Unknown Ga0077536
OMDBv2.0_AA_G_NR100_000163752412	4	1	1	UBA1672
OMDBv2.0_AA_G_NR100_000172629722	4	2	1	QNFN01
OMDBv2.0_AA_G_NR100_000105694687	4	1	1	JANQOH01
OMDBv2.0_AA_G_NR100_000227308146	4	3	1	JBCCFA01
OMDBv2.0_AA_G_NR100_000080410768	4	2	2	UBA1672
OMDBv2.0_AA_G_NR100_000035031167	4	2	1	GCA-1730015
OMDBv2.0_AA_G_NR100_000041187468	4	3	1	Desulfoluna
OMDBv2.0_AA_G_NR100_000138941493	4	3	1	Acinetobacter
OMDBv2.0_AA_G_NR100_000000321635	4	3	1	CATLTV01
OMDBv2.0_AA_G_NR100_000038272169	4	3	1	Solimonas_A
OMDBv2.0_AA_G_NR100_000006502567	4	3	1	Zavarzinia
OMDBv2.0_AA_G_NR100_000130884903	4	4	1	JAPPPA01
OMDBv2.0_AA_G_NR100_000166539355	4	2	1	Marimicrobium
OMDBv2.0_AA_G_NR100_000157979047	4	3	1	Pseudonocardia
OMDBv2.0_AA_G_NR100_000104541844	4	2	1	JABIRQ01
OMDBv2.0_AA_G_NR100_000151296892	4	3	1	Hwanghaeella
OMDBv2.0_AA_G_NR100_000113845978	4	3	1	Pacificispira
OMDBv2.0_AA_G_NR100_000194710550	4	1	1	UBA12223
OMDBv2.0_AA_G_NR100_000058544067	4	1	1	JAPYRS01
OMDBv2.0_AA_G_NR100_000171965155	4	3	1	GCA-2402195
OMDBv2.0_AA_G_NR100_000043539433	4	1	1	JAFDCJ01
OMDBv2.0_AA_G_NR100_000139147982	4	1	1	Pseudoalteromonas
OMDBv2.0_AA_G_NR100_000084614484	4	3	1	Sulfitobacter
OMDBv2.0_AA_G_NR100_000159870499	4	1	1	CAXBRX01
OMDBv2.0_AA_G_NR100_000001092989	4	3	1	Novosphingobium
OMDBv2.0_AA_G_NR100_000200211756	4	2	1	UBA7359
OMDBv2.0_AA_G_NR100_000220168583	4	1	1	Unknown Midichloriaceae
OMDBv2.0_AA_G_NR100_000044684772	4	3	2	Unknown UBA7887
OMDBv2.0_AA_G_NR100_000151239112	4	3	1	Antarctobacter
OMDBv2.0_AA_G_NR100_000090432990	4	3	1	Phenylobacterium
OMDBv2.0_AA_G_NR100_000068571287	4	2	1	JALXAG01
OMDBv2.0_AA_G_NR100_000138697727	4	1	1	Pseudomonas_E
OMDBv2.0_AA_G_NR100_000210252427	4	1	1	JBFKQC01
OMDBv2.0_AA_G_NR100_000042550511	4	2	1	HTCC2150
OMDBv2.0_AA_G_NR100_000068268674	4	2	1	JALSRW01
OMDBv2.0_AA_G_NR100_000127268107	4	3	1	JAJRUE01
OMDBv2.0_AA_G_NR100_000141497400	4	4	1	Salipiger
OMDBv2.0_AA_G_NR100_000008681059	4	1	1	Unknown SMXS01
OMDBv2.0_AA_G_NR100_000035332125	4	2	1	Sphingorhabdus_B
OMDBv2.0_AA_G_NR100_000041347216	4	1	1	JAKSBI01
OMDBv2.0_AA_G_NR100_000045001203	4	3	2	Unknown UBA6623
OMDBv2.0_AA_G_NR100_000148484891	4	2	1	Glaciecola
OMDBv2.0_AA_G_NR100_000166844167	4	2	1	QNFN01
OMDBv2.0_AA_G_NR100_000041073766	4	2	1	Unknown JAKSDN01
OMDBv2.0_AA_G_NR100_000006505261	4	3	1	Zavarzinia
OMDBv2.0_AA_G_NR100_000041235055	4	3	1	Marinobacter
OMDBv2.0_AA_G_NR100_000082347890	4	3	1	WLWX01
OMDBv2.0_AA_G_NR100_000022307713	4	3	1	Psychromarinibacter
OMDBv2.0_AA_G_NR100_000043574516	4	2	1	JASJEC01
OMDBv2.0_AA_G_NR100_000194243748	4	2	1	JBCCEJ01
OMDBv2.0_AA_G_NR100_000007255404	4	3	1	WHUA01
OMDBv2.0_AA_G_NR100_000107289906	4	1	1	Unknown Rhodobacteraceae
OMDBv2.0_AA_G_NR100_000009750112	4	3	1	CALAQW01
OMDBv2.0_AA_G_NR100_000058451215	4	2	1	JASLLZ01
OMDBv2.0_AA_G_NR100_000170079745	4	2	1	J085
OMDBv2.0_AA_G_NR100_000239056134	4	3	4	Unknown BM004
OMDBv2.0_AA_G_NR100_000137658063	4	1	1	Chloracidobacterium
OMDBv2.0_AA_G_NR100_000231578627	4	3	1	GCA-2748575
OMDBv2.0_AA_G_NR100_000044848361	4	2	1	JAPULJ01
OMDBv2.0_AA_G_NR100_000074857338	4	4	1	VMCJ01
OMDBv2.0_AA_G_NR100_000231577048	4	3	1	GCA-2748575
OMDBv2.0_AA_G_NR100_000054297194	4	3	1	JAALLB01
OMDBv2.0_AA_G_NR100_000003181943	4	4	1	CALJDF01
OMDBv2.0_AA_G_NR100_000003180737	4	3	1	CALJDF01
OMDBv2.0_AA_G_NR100_000007066944	4	1	2	SZUA-472
OMDBv2.0_AA_G_NR100_000146240717	4	3	1	CAISIP01
OMDBv2.0_AA_G_NR100_000227300587	4	1	1	Unknown Rhodobacteraceae
OMDBv2.0_AA_G_NR100_000069400461	4	3	1	Robiginitomaculum_B
OMDBv2.0_AA_G_NR100_000074277328	4	4	1	RS62
OMDBv2.0_AA_G_NR100_000227295137	4	1	1	Unknown Rhodobacteraceae
OMDBv2.0_AA_G_NR100_000001741930	4	3	2	JACNJU01
OMDBv2.0_AA_G_NR100_000129467393	4	2	1	Bin65
OMDBv2.0_AA_G_NR100_000181925865	4	3	1	UBA6544
OMDBv2.0_AA_G_NR100_000006692943	4	3	1	Parvibaculum
OMDBv2.0_AA_G_NR100_000205726331	4	1	1	Unknown GCA-2720935
OMDBv2.0_AA_G_NR100_000103209723	4	3	1	Unknown Bin95
OMDBv2.0_AA_G_NR100_000244874435	4	2	1	JADJWR01
OMDBv2.0_AA_G_NR100_000146273738	4	2	1	Solimonas_A
OMDBv2.0_AA_G_NR100_000018537820	4	3	1	GCA-2402195
OMDBv2.0_AA_G_NR100_000170370703	4	3	1	JABDIP01
OMDBv2.0_AA_G_NR100_000069332948	4	2	1	JALXAG01
OMDBv2.0_AA_G_NR100_000243890442	4	2	1	JACZXZ01
OMDBv2.0_AA_G_NR100_000041282440	4	2	1	JAKSBY01
OMDBv2.0_AA_G_NR100_000041073394	4	1	1	Unknown JAKSDN01
OMDBv2.0_AA_G_NR100_000114651174	4	4	1	Ahrensia
OMDBv2.0_AA_G_NR100_000187666601	4	2	1	UBA1479
OMDBv2.0_AA_G_NR100_000058616232	4	1	1	G963666705
OMDBv2.0_AA_G_NR100_000103698453	4	3	1	CAIUPE01
OMDBv2.0_AA_G_NR100_000139935993	4	2	1	Psychrobium
OMDBv2.0_AA_G_NR100_000245276785	4	2	2	Thiosocius
OMDBv2.0_AA_G_NR100_000008073386	4	1	1	UBA11574
OMDBv2.0_AA_G_NR100_000035593879	4	3	1	Thiosocius
OMDBv2.0_AA_G_NR100_000008563703	4	1	1	2-12-FULL-64-23
OMDBv2.0_AA_G_NR100_000040375430	4	2	1	XN24
OMDBv2.0_AA_G_NR100_000137418096	4	2	1	R2A130
OMDBv2.0_AA_G_NR100_000041185226	4	2	1	Desulfoluna
OMDBv2.0_AA_G_NR100_000153825238	4	2	1	Desulfoluna
OMDBv2.0_AA_G_NR100_000163391025	4	3	1	Sulfitobacter
OMDBv2.0_AA_G_NR100_000184970816	4	2	1	Sphingomonas
OMDBv2.0_AA_G_NR100_000166646938	4	1	1	Thiosocius
OMDBv2.0_AA_G_NR100_000136906570	4	3	1	Hyphomicrobium_A
OMDBv2.0_AA_G_NR100_000181294737	4	3	1	Venatoribacter
OMDBv2.0_AA_G_NR100_000139873444	4	2	1	Halococcus
OMDBv2.0_AA_G_NR100_000037007424	4	2	1	DAHXLG01
OMDBv2.0_AA_G_NR100_000113485785	4	3	1	Sulfitobacter
OMDBv2.0_AA_G_NR100_000075985991	4	3	1	Marivivens
OMDBv2.0_AA_G_NR100_000218226449	4	3	1	JAEUMD01
OMDBv2.0_AA_G_NR100_000136323990	4	1	1	Haloarcula
OMDBv2.0_AA_G_NR100_000148276761	4	2	1	Halomicrobium
OMDBv2.0_AA_G_NR100_000038369655	4	2	1	Novosphingobium
OMDBv2.0_AA_G_NR100_000072729996	4	3	2	HK1
OMDBv2.0_AA_G_NR100_000053959872	4	3	3	JAHEKE01
OMDBv2.0_AA_G_NR100_000083342167	4	3	1	Yoonia
OMDBv2.0_AA_G_NR100_000077518844	4	1	1	HIMB30
OMDBv2.0_AA_G_NR100_000051618539	4	2	1	Herminiimonas
OMDBv2.0_AA_G_NR100_000043855040	4	3	1	JAJDOD01
OMDBv2.0_AA_G_NR100_000160600272	4	2	1	JARRKU01
OMDBv2.0_AA_G_NR100_000242651788	4	2	1	Sheuella
OMDBv2.0_AA_G_NR100_000148745258	4	3	1	Variovorax
OMDBv2.0_AA_G_NR100_000054085929	4	1	1	JBCBKL01
OMDBv2.0_AA_G_NR100_000202680987	4	3	1	UBA4582
OMDBv2.0_AA_G_NR100_000167142335	4	3	1	JAJDOD01
OMDBv2.0_AA_G_NR100_000110673911	4	4	1	Zhongshania
OMDBv2.0_AA_G_NR100_000173637353	4	3	1	Eutrophovita
OMDBv2.0_AA_G_NR100_000037759027	4	4	1	Pelomonas
OMDBv2.0_AA_G_NR100_000169995954	4	1	2	Unknown HK1
OMDBv2.0_AA_G_NR100_000102479243	4	1	1	Limnobacter
OMDBv2.0_AA_G_NR100_000170100855	4	1	1	Unknown HK1
OMDBv2.0_AA_G_NR100_000010500482	4	1	1	Unknown JAJPIJ01
OMDBv2.0_AA_G_NR100_000227894134	4	2	1	Unknown Maricaulaceae
OMDBv2.0_AA_G_NR100_000000546619	4	3	1	Nocardioides
OMDBv2.0_AA_G_NR100_000246161440	4	2	1	Paraburkholderia
OMDBv2.0_AA_G_NR100_000125151705	4	2	1	Desulfoluna
OMDBv2.0_AA_G_NR100_000113457990	4	1	1	Octadecabacter
OMDBv2.0_AA_G_NR100_000170100522	4	1	1	Unknown HK1
OMDBv2.0_AA_G_NR100_000238828811	4	1	1	Unknown GCA-2729495
OMDBv2.0_AA_G_NR100_000103695116	4	3	1	Mxb001
OMDBv2.0_AA_G_NR100_000200398314	4	1	1	CAXBJY01
OMDBv2.0_AA_G_NR100_000038331368	4	2	1	Permianibacter
OMDBv2.0_AA_G_NR100_000209078016	4	2	1	Litorivicinus
OMDBv2.0_AA_G_NR100_000076036294	4	3	1	Opacimonas
OMDBv2.0_AA_G_NR100_000021979939	4	3	1	LFER01
OMDBv2.0_AA_G_NR100_000156141846	4	4	1	Qipengyuania
OMDBv2.0_AA_G_NR100_000218853578	4	3	1	JACKIG01
OMDBv2.0_AA_G_NR100_000196613271	4	1	1	Albimonas
OMDBv2.0_AA_G_NR100_000198774117	4	1	1	JBAJNL01
OMDBv2.0_AA_G_NR100_000234679953	4	2	1	Oceanicella
OMDBv2.0_AA_G_NR100_000001208570	4	4	1	Shimia_B
OMDBv2.0_AA_G_NR100_000209529325	4	1	1	Unknown Tepidamorphaceae
OMDBv2.0_AA_G_NR100_000041282157	4	2	1	JAKSBY01
OMDBv2.0_AA_G_NR100_000194363475	4	3	1	GCA-2720935
OMDBv2.0_AA_G_NR100_000142347834	4	2	1	Pacificimonas
OMDBv2.0_AA_G_NR100_000194845864	4	3	1	TMED2
OMDBv2.0_AA_G_NR100_000146496166	4	2	1	DAOMNN01
OMDBv2.0_AA_G_NR100_000146717032	4	3	1	Chachezhania
OMDBv2.0_AA_G_NR100_000037954587	4	1	1	W-Chloroflexi-9
OMDBv2.0_AA_G_NR100_000202371045	4	3	1	Unknown UBA2964
OMDBv2.0_AA_G_NR100_000107550556	4	1	1	CANNCV01
OMDBv2.0_AA_G_NR100_000229438576	4	1	1	Qipengyuania
OMDBv2.0_AA_G_NR100_000015867321	4	2	1	Methylobacterium
OMDBv2.0_AA_G_NR100_000205725554	4	1	1	Unknown GCA-2720935
OMDBv2.0_AA_G_NR100_000229414438	4	1	1	Unknown Sphingomonadaceae
OMDBv2.0_AA_G_NR100_000069399786	4	3	1	Robiginitomaculum_B
OMDBv2.0_AA_G_NR100_000162877525	4	2	1	CAJQKF01
OMDBv2.0_AA_G_NR100_000201114472	4	2	1	UBA2705
OMDBv2.0_AA_G_NR100_000226239842	4	4	1	RFZI01
OMDBv2.0_AA_G_NR100_000197423157	4	1	1	Roseovarius
OMDBv2.0_AA_G_NR100_000148920976	4	3	1	Cohaesibacter
OMDBv2.0_AA_G_NR100_000221911252	4	3	1	Unknown J153
OMDBv2.0_AA_G_NR100_000029359820	4	4	1	Ralstonia
OMDBv2.0_AA_G_NR100_000144587825	4	2	1	Hyphococcus
OMDBv2.0_AA_G_NR100_000231680455	4	3	1	JAVJUV01
OMDBv2.0_AA_G_NR100_000126030446	4	3	1	Loktanella
OMDBv2.0_AA_G_NR100_000149994807	4	3	1	Yoonia
OMDBv2.0_AA_G_NR100_000151503650	4	3	1	Sphingobium
OMDBv2.0_AA_G_NR100_000175532324	4	3	1	Halioxenophilus
OMDBv2.0_AA_G_NR100_000152234798	4	3	1	Aquibium
OMDBv2.0_AA_G_NR100_000229778186	4	4	1	Qipengyuania
OMDBv2.0_AA_G_NR100_000187010785	4	2	1	Ponticaulis
OMDBv2.0_AA_G_NR100_000006929605	4	1	1	Unknown SMXS01
OMDBv2.0_AA_G_NR100_000043575205	4	2	1	JASJEC01
OMDBv2.0_AA_G_NR100_000223891436	4	1	1	Unknown Tethybacterales
OMDBv2.0_AA_G_NR100_000009541859	4	1	1	SZUA-186
OMDBv2.0_AA_G_NR100_000165361952	4	4	1	UBA2767
OMDBv2.0_AA_G_NR100_000040367132	4	2	1	Hydrogenophaga
OMDBv2.0_AA_G_NR100_000197080496	4	3	1	Xanthobacter
OMDBv2.0_AA_G_NR100_000106874492	4	2	1	Erythrobacter
OMDBv2.0_AA_G_NR100_000159802633	4	2	1	Pelagibacter
OMDBv2.0_AA_G_NR100_000147457591	4	1	1	Croceicoccus
OMDBv2.0_AA_G_NR100_000159605603	4	1	1	28-YEA-48
OMDBv2.0_AA_G_NR100_000137319309	4	1	1	Asticcacaulis
OMDBv2.0_AA_G_NR100_000170461710	4	2	2	Unknown HK1
OMDBv2.0_AA_G_NR100_000196523558	4	1	1	GCA-2700365
OMDBv2.0_AA_G_NR100_000166648105	4	2	2	Thiosocius
OMDBv2.0_AA_G_NR100_000072311382	4	1	1	JASJEC01
OMDBv2.0_AA_G_NR100_000151512044	4	3	1	Parvularcula
OMDBv2.0_AA_G_NR100_000043627154	4	3	1	Desulfopila_A
OMDBv2.0_AA_G_NR100_000040999767	4	2	1	Desulfobacula
OMDBv2.0_AA_G_NR100_000043659319	4	3	1	JARFQH01
OMDBv2.0_AA_G_NR100_000054087379	4	1	1	JBCBKL01
OMDBv2.0_AA_G_NR100_000106792170	4	2	1	Granulosicoccus
OMDBv2.0_AA_G_NR100_000140720659	4	2	1	Actibacterium_A
OMDBv2.0_AA_G_NR100_000035825823	4	3	1	Comamonas
OMDBv2.0_AA_G_NR100_000006845642	4	2	1	SG8-39
OMDBv2.0_AA_G_NR100_000163028239	4	2	1	CAJQPC01
OMDBv2.0_AA_G_NR100_000140286898	4	3	1	Methyloceanibacter
OMDBv2.0_AA_G_NR100_000139323031	4	1	1	Rhodovulum
OMDBv2.0_AA_G_NR100_000140945955	4	1	1	Thiocapsa
OMDBv2.0_AA_G_NR100_000199830101	4	2	1	Halopseudomonas
OMDBv2.0_AA_G_NR100_000059657318	3	3	1	SZUA-1055
OMDBv2.0_AA_G_NR100_000195164648	3	2	1	Unknown CAIRSR01
OMDBv2.0_AA_G_NR100_000186602762	3	3	1	Halopseudomonas
OMDBv2.0_AA_G_NR100_000042615954	3	3	1	Tateyamaria
OMDBv2.0_AA_G_NR100_000175224412	3	1	1	Ketobacter
OMDBv2.0_AA_G_NR100_000207987485	3	2	1	Hyphomonas
OMDBv2.0_AA_G_NR100_000193837626	3	1	1	UBA12223
OMDBv2.0_AA_G_NR100_000184969845	3	2	1	Sphingomonas
OMDBv2.0_AA_G_NR100_000067492211	3	2	1	JALVZP01
OMDBv2.0_AA_G_NR100_000241329866	3	1	1	JAGMCJ01
OMDBv2.0_AA_G_NR100_000052956743	3	2	1	B5-G16
OMDBv2.0_AA_G_NR100_000130842534	3	1	1	Unknown JAHFPR01
OMDBv2.0_AA_G_NR100_000026600278	3	3	1	JAVJQK01
OMDBv2.0_AA_G_NR100_000058921936	3	2	3	GCA-2686265
OMDBv2.0_AA_G_NR100_000059373341	3	2	1	Unknown UBA796
OMDBv2.0_AA_G_NR100_000243023823	3	3	1	Loktanella
OMDBv2.0_AA_G_NR100_000023029902	3	3	1	Rossellomorea
OMDBv2.0_AA_G_NR100_000162924087	3	2	1	NORP324
OMDBv2.0_AA_G_NR100_000021926763	3	3	1	Sphingomonas
OMDBv2.0_AA_G_NR100_000022985091	3	2	1	Bacillus_CG
OMDBv2.0_AA_G_NR100_000069664914	3	2	1	Marinobacterium_E
OMDBv2.0_AA_G_NR100_000211067383	3	2	1	GCA-2707495
OMDBv2.0_AA_G_NR100_000080189951	3	2	1	JAGNRR01
OMDBv2.0_AA_G_NR100_000162287275	3	2	1	CAJQPC01
OMDBv2.0_AA_G_NR100_000187024365	3	1	1	GCA-2699025
OMDBv2.0_AA_G_NR100_000151648922	3	2	1	Sphingomonas
OMDBv2.0_AA_G_NR100_000160267057	3	3	1	Microscilla
OMDBv2.0_AA_G_NR100_000129558089	3	2	1	Poriferihabitans
OMDBv2.0_AA_G_NR100_000197250256	3	1	1	Gordonia
OMDBv2.0_AA_G_NR100_000141617284	3	1	1	Rhodococcus_F
OMDBv2.0_AA_G_NR100_000178695393	3	1	1	Unknown WYAZ01
OMDBv2.0_AA_G_NR100_000195190390	3	2	1	Marinobacterium_D
OMDBv2.0_AA_G_NR100_000200615752	3	1	1	Motiliproteus
OMDBv2.0_AA_G_NR100_000213132246	3	2	1	Unknown JAJDZL01
OMDBv2.0_AA_G_NR100_000201295328	3	2	1	Unknown CSBR16-224
OMDBv2.0_AA_G_NR100_000229781560	3	1	1	TYQ2
OMDBv2.0_AA_G_NR100_000235729258	3	2	1	Eutrophobius
OMDBv2.0_AA_G_NR100_000238848855	3	1	1	PALSA-926
OMDBv2.0_AA_G_NR100_000041325372	3	2	1	Desulfobacula
OMDBv2.0_AA_G_NR100_000001723220	3	1	1	UBA9042
OMDBv2.0_AA_G_NR100_000007633408	3	2	1	JBGSLA01
OMDBv2.0_AA_G_NR100_000081614047	3	1	1	JBDNBY01
OMDBv2.0_AA_G_NR100_000000321644	3	3	1	CATLTV01
OMDBv2.0_AA_G_NR100_000150198439	3	1	1	Nitrincola
OMDBv2.0_AA_G_NR100_000165456830	3	2	1	Amycolatopsis
OMDBv2.0_AA_G_NR100_000174894900	3	3	1	JAXMNT01
OMDBv2.0_AA_G_NR100_000155596435	3	1	1	GCA-2712005
OMDBv2.0_AA_G_NR100_000019417395	3	1	1	JAPYTK01
OMDBv2.0_AA_G_NR100_000136302947	3	1	1	Rhodococcus_F
OMDBv2.0_AA_G_NR100_000141297617	3	1	1	Croceicoccus
OMDBv2.0_AA_G_NR100_000243727911	3	3	1	JADFQT01
OMDBv2.0_AA_G_NR100_000000768580	3	3	1	Ketobacter
OMDBv2.0_AA_G_NR100_000164389621	3	2	1	GCA-2731375
OMDBv2.0_AA_G_NR100_000045132504	3	2	1	Unknown UBA1845
OMDBv2.0_AA_G_NR100_000144563529	3	1	1	Acinetobacter
OMDBv2.0_AA_G_NR100_000159013722	3	2	1	GCA-2712005
OMDBv2.0_AA_G_NR100_000172152721	3	2	1	Ketobacter
OMDBv2.0_AA_G_NR100_000242835326	3	1	1	Sandarakinorhabdus
OMDBv2.0_AA_G_NR100_000041742630	3	3	1	JAKSDK01
OMDBv2.0_AA_G_NR100_000227730184	3	1	1	Unknown Trueperaceae
OMDBv2.0_AA_G_NR100_000246189947	3	2	1	CAJWOS01
OMDBv2.0_AA_G_NR100_000000165200	3	3	1	JASMHE01
OMDBv2.0_AA_G_NR100_000030261043	3	2	1	Bradyrhizobium
OMDBv2.0_AA_G_NR100_000194617898	3	2	1	UBA6929
OMDBv2.0_AA_G_NR100_000155372480	3	3	1	UBA2638
OMDBv2.0_AA_G_NR100_000172390195	3	2	1	Sphingomonas
OMDBv2.0_AA_G_NR100_000006771728	3	3	2	JARGPN01
OMDBv2.0_AA_G_NR100_000085481984	3	2	1	Luminiphilus
OMDBv2.0_AA_G_NR100_000226555133	3	1	1	UBA1672
OMDBv2.0_AA_G_NR100_000007424818	3	1	1	DAOUET01
OMDBv2.0_AA_G_NR100_000040359193	3	2	1	Unknown Ketobacteraceae
OMDBv2.0_AA_G_NR100_000101219616	3	2	1	JAQWRV01
OMDBv2.0_AA_G_NR100_000207838723	3	3	1	GCA-2720935
OMDBv2.0_AA_G_NR100_000041553024	3	2	1	Isoalcanivorax
OMDBv2.0_AA_G_NR100_000077180211	3	3	1	Neoroseomonas
OMDBv2.0_AA_G_NR100_000203252350	3	2	1	Unknown UBA6615
OMDBv2.0_AA_G_NR100_000178675981	3	1	1	JAAESI01
OMDBv2.0_AA_G_NR100_000132150451	3	2	1	Chroogloeocystis
OMDBv2.0_AA_G_NR100_000247062344	3	3	1	Nitrosomaritimum
OMDBv2.0_AA_G_NR100_000056987555	3	2	1	Sva-25
OMDBv2.0_AA_G_NR100_000206718019	3	2	1	GCA-2708415
OMDBv2.0_AA_G_NR100_000201951365	3	2	1	Vreelandella
OMDBv2.0_AA_G_NR100_000221440010	3	3	1	UBA4479
OMDBv2.0_AA_G_NR100_000118448335	3	1	1	Unknown MPNO01
OMDBv2.0_AA_G_NR100_000043800180	3	2	1	JANQNX01
OMDBv2.0_AA_G_NR100_000170171775	3	1	1	Schlegelella_A
OMDBv2.0_AA_G_NR100_000138889548	3	2	1	Pseudodonghicola
OMDBv2.0_AA_G_NR100_000170070454	3	2	1	Jhaorihella
OMDBv2.0_AA_G_NR100_000006983945	3	2	1	JAABQT01
OMDBv2.0_AA_G_NR100_000079050236	3	3	1	Acinetobacter
OMDBv2.0_AA_G_NR100_000183184329	3	3	2	Alteromonas_E
OMDBv2.0_AA_G_NR100_000203950353	3	3	1	Rubrivivax
OMDBv2.0_AA_G_NR100_000036761771	3	2	2	Paracoccus
OMDBv2.0_AA_G_NR100_000136539553	3	1	1	Rhizorhabdus
OMDBv2.0_AA_G_NR100_000143731318	3	1	1	Vibrio
OMDBv2.0_AA_G_NR100_000006987505	3	1	1	Pseudolabrys
OMDBv2.0_AA_G_NR100_000019176620	3	2	1	Shewanella
OMDBv2.0_AA_G_NR100_000101381387	3	3	1	JAJDZL01
OMDBv2.0_AA_G_NR100_000174755834	3	3	1	Seohaeicola
OMDBv2.0_AA_G_NR100_000045695364	3	2	2	Eutrophobius
OMDBv2.0_AA_G_NR100_000078937820	3	1	1	JANSYL01
OMDBv2.0_AA_G_NR100_000053847496	3	1	1	JAJFHM01
OMDBv2.0_AA_G_NR100_000080394383	3	2	1	CAJWOS01
OMDBv2.0_AA_G_NR100_000127389429	3	2	1	HRBIN39
OMDBv2.0_AA_G_NR100_000142739358	3	2	1	Actibacterium_B
OMDBv2.0_AA_G_NR100_000145284810	3	1	1	Azospira
OMDBv2.0_AA_G_NR100_000006995143	3	1	1	UBA11574
OMDBv2.0_AA_G_NR100_000008595057	3	2	1	DT-91
OMDBv2.0_AA_G_NR100_000038269038	3	1	1	JACKKV01
OMDBv2.0_AA_G_NR100_000136487054	3	2	1	Methylibium
OMDBv2.0_AA_G_NR100_000148238621	3	2	1	Legionella_D
OMDBv2.0_AA_G_NR100_000157979046	3	2	1	Pseudonocardia
OMDBv2.0_AA_G_NR100_000163926365	3	3	1	Amylibacter
OMDBv2.0_AA_G_NR100_000078964485	3	3	1	Unknown Ga0077536
OMDBv2.0_AA_G_NR100_000104123146	3	3	1	UBA3439
OMDBv2.0_AA_G_NR100_000127326303	3	1	1	S012-89
OMDBv2.0_AA_G_NR100_000140955500	3	1	1	Ruegeria
OMDBv2.0_AA_G_NR100_000145473754	3	2	2	Agrobacterium
OMDBv2.0_AA_G_NR100_000160724159	3	1	1	Litorivita
OMDBv2.0_AA_G_NR100_000229730933	3	1	1	Hasllibacter
OMDBv2.0_AA_G_NR100_000054752084	3	2	1	JBEPTK01
OMDBv2.0_AA_G_NR100_000065127162	3	2	1	JACNJU01
OMDBv2.0_AA_G_NR100_000148944135	3	2	1	Luteithermobacter
OMDBv2.0_AA_G_NR100_000149110331	3	3	1	Vannielia
OMDBv2.0_AA_G_NR100_000170328296	3	3	1	UBA1847
OMDBv2.0_AA_G_NR100_000245340135	3	2	1	Simplicispira
OMDBv2.0_AA_G_NR100_000248964113	3	1	1	CAKZLS01
OMDBv2.0_AA_G_NR100_000038590524	3	1	1	W-Chloroflexi-9
OMDBv2.0_AA_G_NR100_000051618014	3	2	1	Herminiimonas
OMDBv2.0_AA_G_NR100_000104541601	3	3	1	JABIRQ01
OMDBv2.0_AA_G_NR100_000145235514	3	2	1	Pararhodobacter
OMDBv2.0_AA_G_NR100_000159491906	3	3	2	SYFN01
OMDBv2.0_AA_G_NR100_000053863231	3	2	1	Unknown HK1
OMDBv2.0_AA_G_NR100_000108298382	3	2	1	JAPPFL01
OMDBv2.0_AA_G_NR100_000148235998	3	3	1	Terasakiella
OMDBv2.0_AA_G_NR100_000196802561	3	3	1	Unknown Micavibrionaceae
OMDBv2.0_AA_G_NR100_000219213673	3	3	1	Unknown Alphaproteobacteria
OMDBv2.0_AA_G_NR100_000227496928	3	1	1	Unknown JACKNK01
OMDBv2.0_AA_G_NR100_000105947184	3	2	1	JASLMY01
OMDBv2.0_AA_G_NR100_000136435486	3	2	1	Halorhodospira
OMDBv2.0_AA_G_NR100_000161867440	3	2	1	Unknown Rhodobacteraceae
OMDBv2.0_AA_G_NR100_000165613229	3	2	1	Comamonas
OMDBv2.0_AA_G_NR100_000104892119	3	2	1	CALINB01
OMDBv2.0_AA_G_NR100_000159434856	3	1	1	PALSA-1004
OMDBv2.0_AA_G_NR100_000159871239	3	1	1	CAXBRX01
OMDBv2.0_AA_G_NR100_000199211883	3	1	1	Amorphus
OMDBv2.0_AA_G_NR100_000213350306	3	2	1	Denitrobaculum
OMDBv2.0_AA_G_NR100_000009551864	3	1	1	UBA11222
OMDBv2.0_AA_G_NR100_000037029748	3	2	1	Telluria
OMDBv2.0_AA_G_NR100_000038936861	3	2	1	BRH-c0
OMDBv2.0_AA_G_NR100_000110674505	3	3	1	Zhongshania
OMDBv2.0_AA_G_NR100_000173058495	3	2	1	BuS5
OMDBv2.0_AA_G_NR100_000182395259	3	2	1	Telluria
OMDBv2.0_AA_G_NR100_000150108848	3	3	1	Halioglobus
OMDBv2.0_AA_G_NR100_000039814371	3	3	1	JARGOL01
OMDBv2.0_AA_G_NR100_000107432627	3	2	1	CALGNO01
OMDBv2.0_AA_G_NR100_000106186121	3	1	1	DSAD01
OMDBv2.0_AA_G_NR100_000110773534	3	3	1	Stagnimonas
OMDBv2.0_AA_G_NR100_000178645497	3	2	1	Unknown UBA9042
OMDBv2.0_AA_G_NR100_000058348475	3	1	1	JAYZAP01
OMDBv2.0_AA_G_NR100_000023167579	3	2	1	Unknown VGDC01
OMDBv2.0_AA_G_NR100_000235549375	3	2	1	Unknown Bin95
OMDBv2.0_AA_G_NR100_000099213135	3	2	1	JADFTO01
OMDBv2.0_AA_G_NR100_000030262293	3	2	1	Bradyrhizobium
OMDBv2.0_AA_G_NR100_000104123145	3	3	1	UBA3439
OMDBv2.0_AA_G_NR100_000212594054	3	1	1	Unknown Inquilinaceae
OMDBv2.0_AA_G_NR100_000014765117	3	3	1	UBA7887
OMDBv2.0_AA_G_NR100_000015274099	3	2	1	Salinivivens
OMDBv2.0_AA_G_NR100_000145320892	3	1	1	Azospirillum
OMDBv2.0_AA_G_NR100_000199424578	3	1	1	JAUIAI01
OMDBv2.0_AA_G_NR100_000199552621	3	2	1	UBA830
OMDBv2.0_AA_G_NR100_000105176558	3	2	1	NORP139
OMDBv2.0_AA_G_NR100_000105256807	3	2	1	NORP23
OMDBv2.0_AA_G_NR100_000002719103	3	1	1	UBA9042
OMDBv2.0_AA_G_NR100_000040727700	3	1	1	Unknown JAPHRK01
OMDBv2.0_AA_G_NR100_000041340127	3	2	1	Unknown UBA8366
OMDBv2.0_AA_G_NR100_000064844492	3	2	1	JABILA01
OMDBv2.0_AA_G_NR100_000226171740	3	1	1	Paremcibacter
OMDBv2.0_AA_G_NR100_000060094113	3	3	2	TMED8
OMDBv2.0_AA_G_NR100_000105218481	3	1	1	GCA-2401155
OMDBv2.0_AA_G_NR100_000161330393	3	3	1	Mf105b01
OMDBv2.0_AA_G_NR100_000178095604	3	3	1	Telluria
OMDBv2.0_AA_G_NR100_000230685959	3	1	1	CALDSD01
OMDBv2.0_AA_G_NR100_000023143462	3	3	1	Algiphilus
OMDBv2.0_AA_G_NR100_000054900294	3	2	1	JBEPTK01
OMDBv2.0_AA_G_NR100_000061312523	3	2	1	Unknown Kiloniellaceae
OMDBv2.0_AA_G_NR100_000010077226	3	1	1	Unknown JAHIVH01
OMDBv2.0_AA_G_NR100_000022295131	3	1	1	JABMNR01
OMDBv2.0_AA_G_NR100_000096540287	3	2	1	Unknown VGDC01
OMDBv2.0_AA_G_NR100_000149064096	3	2	1	Desulfobotulus
OMDBv2.0_AA_G_NR100_000006931562	3	1	1	Unknown SMXS01
OMDBv2.0_AA_G_NR100_000149267219	3	2	1	Paremcibacter
OMDBv2.0_AA_G_NR100_000207839071	3	2	1	GCA-2720935
OMDBv2.0_AA_G_NR100_000021924278	3	2	1	Sphingomonas
OMDBv2.0_AA_G_NR100_000145791678	3	1	1	Paramagnetospirillum
OMDBv2.0_AA_G_NR100_000105255652	3	2	1	Shimia_E
OMDBv2.0_AA_G_NR100_000136370739	3	1	1	Hahella
OMDBv2.0_AA_G_NR100_000150197606	3	1	1	Nitrincola
OMDBv2.0_AA_G_NR100_000157982036	3	1	1	Pseudonocardia
OMDBv2.0_AA_G_NR100_000246664628	3	2	1	SG8-40
OMDBv2.0_AA_G_NR100_000169496225	3	1	1	Hydrogenophaga
OMDBv2.0_AA_G_NR100_000081756216	3	1	1	CAJWHX01
OMDBv2.0_AA_G_NR100_000146615994	3	1	1	Nocardioides
OMDBv2.0_AA_G_NR100_000006502656	3	3	1	Zavarzinia
OMDBv2.0_AA_G_NR100_000139657720	3	2	1	Marinobacterium_D
OMDBv2.0_AA_G_NR100_000141361242	3	3	1	Neptunomonas
OMDBv2.0_AA_G_NR100_000169595607	3	2	1	Iodobacter
OMDBv2.0_AA_G_NR100_000012499053	3	3	1	JAPUHN01
OMDBv2.0_AA_G_NR100_000041584394	3	2	1	JANQLT01
OMDBv2.0_AA_G_NR100_000038338720	3	1	1	JAPWJZ01
OMDBv2.0_AA_G_NR100_000151726917	3	2	1	Nitrosopumilus
OMDBv2.0_AA_G_NR100_000038333059	3	2	1	Permianibacter
OMDBv2.0_AA_G_NR100_000136760682	3	2	1	Halorhabdus
OMDBv2.0_AA_G_NR100_000217695322	3	3	1	Unknown J153
OMDBv2.0_AA_G_NR100_000169659598	3	3	1	JADKHE01
OMDBv2.0_AA_G_NR100_000076152688	3	2	1	LGRT01
OMDBv2.0_AA_G_NR100_000125626361	3	3	1	Limnobacter
OMDBv2.0_AA_G_NR100_000218717424	3	1	1	Pseudooceanicola_C
OMDBv2.0_AA_G_NR100_000171501451	3	3	1	Pseudomonas_E
OMDBv2.0_AA_G_NR100_000032671697	3	3	1	Cognatishimia
OMDBv2.0_AA_G_NR100_000189136125	3	2	1	Pseudohoeflea
OMDBv2.0_AA_G_NR100_000143586652	3	1	1	Ralstonia
OMDBv2.0_AA_G_NR100_000054150991	3	2	1	Microscilla
OMDBv2.0_AA_G_NR100_000162739413	3	1	1	Aquisediminimonas
OMDBv2.0_AA_G_NR100_000218309176	3	1	1	Thermohalobaculum
OMDBv2.0_AA_G_NR100_000234260057	3	1	1	Unknown Rhodobacteraceae
OMDBv2.0_AA_G_NR100_000154429111	3	1	1	UBA7377
OMDBv2.0_AA_G_NR100_000007098517	3	2	1	DASQQR01
OMDBv2.0_AA_G_NR100_000111004742	3	1	1	Schauerella
OMDBv2.0_AA_G_NR100_000202258467	3	3	1	Halopseudomonas
OMDBv2.0_AA_G_NR100_000008637942	3	1	1	JARRKU01
OMDBv2.0_AA_G_NR100_000115493877	3	1	1	HK1
OMDBv2.0_AA_G_NR100_000062821106	3	3	1	Pseudazoarcus
OMDBv2.0_AA_G_NR100_000238552360	3	2	1	Unknown GCA-2729495
OMDBv2.0_AA_G_NR100_000030242428	3	3	1	Cupriavidus
OMDBv2.0_AA_G_NR100_000143589775	3	1	1	Pollutimonas
OMDBv2.0_AA_G_NR100_000143409817	3	2	1	Pseudomonas_E
OMDBv2.0_AA_G_NR100_000141395733	3	1	1	Pseudomonas_E
OMDBv2.0_AA_G_NR100_000185609251	3	2	1	JASLQO01
OMDBv2.0_AA_G_NR100_000228277403	3	2	1	UBA2510
OMDBv2.0_AA_G_NR100_000019505260	3	2	1	Panacagrimonas
OMDBv2.0_AA_G_NR100_000127051455	3	3	1	SPGG2
OMDBv2.0_AA_G_NR100_000144536413	3	1	1	Solimonas_A
OMDBv2.0_AA_G_NR100_000159559221	3	2	1	SZAS-79
OMDBv2.0_AA_G_NR100_000008988919	3	1	1	Unknown Eutrophobiaceae
OMDBv2.0_AA_G_NR100_000035825821	3	2	1	Comamonas
OMDBv2.0_AA_G_NR100_000147459858	3	2	1	Inhella
OMDBv2.0_AA_G_NR100_000166209255	3	2	1	Marimicrobium
OMDBv2.0_AA_G_NR100_000056994865	3	2	1	Marimicrobium
OMDBv2.0_AA_G_NR100_000038076637	3	3	1	Nocardioides
OMDBv2.0_AA_G_NR100_000170365211	3	1	1	Unknown HK1
OMDBv2.0_AA_G_NR100_000018438326	3	1	1	Psychrobium
OMDBv2.0_AA_G_NR100_000150217285	3	3	1	Ideonella
OMDBv2.0_AA_G_NR100_000036618138	3	2	1	Micavibrio_B
OMDBv2.0_AA_G_NR100_000114992539	3	2	1	Pleionea
OMDBv2.0_AA_G_NR100_000200615888	3	1	1	Motiliproteus
OMDBv2.0_AA_G_NR100_000056710736	3	3	1	Undibacterium
OMDBv2.0_AA_G_NR100_000085285354	3	3	1	Salinisphaera
OMDBv2.0_AA_G_NR100_000145648223	3	3	1	Aestuariivirga
OMDBv2.0_AA_G_NR100_000038477381	3	2	1	Thalassobaculum_A
OMDBv2.0_AA_G_NR100_000036773869	3	2	1	Glycocaulis
OMDBv2.0_AA_G_NR100_000140093417	3	1	1	Rhodococcus
OMDBv2.0_AA_G_NR100_000175119840	3	1	1	Aquisalinus
OMDBv2.0_AA_G_NR100_000141001998	3	3	1	Novosphingobium
OMDBv2.0_AA_G_NR100_000019406907	3	1	1	JAVJVX01
OMDBv2.0_AA_G_NR100_000247874576	3	3	1	JACZWN01
OMDBv2.0_AA_G_NR100_000004837172	3	1	1	Hyphomonas
OMDBv2.0_AA_G_NR100_000104374834	3	2	1	RBG-16-66-20
OMDBv2.0_AA_G_NR100_000113496927	3	1	1	Parasphingopyxis
OMDBv2.0_AA_G_NR100_000053980963	3	1	1	JAHEKE01
OMDBv2.0_AA_G_NR100_000106694125	3	1	1	Hyphomonas
OMDBv2.0_AA_G_NR100_000136372433	3	2	1	Hahella
OMDBv2.0_AA_G_NR100_000239096015	3	1	1	UBA1672
OMDBv2.0_AA_G_NR100_000245027220	3	3	2	Sulfitobacter
OMDBv2.0_AA_G_NR100_000040209522	3	2	1	Melaminivora
OMDBv2.0_AA_G_NR100_000083602221	3	2	1	Unknown Rhodobacteraceae
OMDBv2.0_AA_G_NR100_000147204531	3	2	1	Rhodovulum
OMDBv2.0_AA_G_NR100_000159293657	3	3	1	UBA5216
OMDBv2.0_AA_G_NR100_000234273710	3	1	1	Unknown JBCCNR01
OMDBv2.0_AA_G_NR100_000162748919	3	1	2	JAUREX01
OMDBv2.0_AA_G_NR100_000182826591	3	3	1	JABHGV01
OMDBv2.0_AA_G_NR100_000010291650	3	3	1	CALZIL01
OMDBv2.0_AA_G_NR100_000137396832	3	1	1	Methylosinus
OMDBv2.0_AA_G_NR100_000171862035	3	3	1	DAIODI01
OMDBv2.0_AA_G_NR100_000174323517	3	2	1	Unknown VGDC01
OMDBv2.0_AA_G_NR100_000142001069	3	3	1	Henriciella
OMDBv2.0_AA_G_NR100_000228195718	3	3	1	Aliiroseovarius
OMDBv2.0_AA_G_NR100_000019316869	3	1	1	Unknown Immundisolibacteraceae
OMDBv2.0_AA_G_NR100_000154136033	3	2	1	Denitrobaculum
OMDBv2.0_AA_G_NR100_000244417471	3	1	1	JADJWR01
OMDBv2.0_AA_G_NR100_000104409713	3	1	1	JBFHNV01
OMDBv2.0_AA_G_NR100_000141290818	3	1	1	Mycobacterium
OMDBv2.0_AA_G_NR100_000174836303	3	3	2	CALCTU01
OMDBv2.0_AA_G_NR100_000148943612	3	2	1	Luteithermobacter
OMDBv2.0_AA_G_NR100_000149905224	3	2	1	Acidovorax
OMDBv2.0_AA_G_NR100_000153813137	3	1	1	Pandoraea
OMDBv2.0_AA_G_NR100_000245103444	3	3	1	Halovulum
OMDBv2.0_AA_G_NR100_000200123434	3	1	1	CAXBMB01
OMDBv2.0_AA_G_NR100_000140544844	3	2	1	Kiloniella
OMDBv2.0_AA_G_NR100_000151108927	3	1	1	Halomonas
OMDBv2.0_AA_G_NR100_000041210016	3	2	1	Magnetovibrio
OMDBv2.0_AA_G_NR100_000234260712	3	1	1	Oceanicella
OMDBv2.0_AA_G_NR100_000025658949	3	3	1	Bosea
OMDBv2.0_AA_G_NR100_000027384505	3	3	1	TMED27
OMDBv2.0_AA_G_NR100_000097579272	3	2	1	Tepidicaulis
OMDBv2.0_AA_G_NR100_000024718691	3	1	1	Ferrovibrio
OMDBv2.0_AA_G_NR100_000146868490	3	1	1	Methylocystis
OMDBv2.0_AA_G_NR100_000248963563	3	1	1	CAKZLS01
OMDBv2.0_AA_G_NR100_000046912749	3	2	1	Unknown CAMYJA01
OMDBv2.0_AA_G_NR100_000209985145	3	2	1	TMED27
OMDBv2.0_AA_G_NR100_000244430597	3	1	1	G020354665
OMDBv2.0_AA_G_NR100_000030240903	3	3	1	Cupriavidus
OMDBv2.0_AA_G_NR100_000041085584	3	1	1	JAKSBI01
OMDBv2.0_AA_G_NR100_000232706171	3	2	1	Erythrobacter
OMDBv2.0_AA_G_NR100_000149343541	3	1	1	Pandoraea
OMDBv2.0_AA_G_NR100_000035986363	3	3	1	CALDSD01
OMDBv2.0_AA_G_NR100_000037954969	3	1	1	W-Chloroflexi-9
OMDBv2.0_AA_G_NR100_000073988746	3	1	1	JASJEC01
OMDBv2.0_AA_G_NR100_000200387992	3	1	1	UBA4479
OMDBv2.0_AA_G_NR100_000027639459	3	3	1	Marinicauda
OMDBv2.0_AA_G_NR100_000083088337	3	2	1	Aquisalinus
OMDBv2.0_AA_G_NR100_000045672283	3	2	1	CAIYRG01
OMDBv2.0_AA_G_NR100_000204034360	3	1	1	Aquabacterium
OMDBv2.0_AA_G_NR100_000245734791	3	2	1	Unknown SMXP01
OMDBv2.0_AA_G_NR100_000174944814	3	2	1	Unknown SMXP01
OMDBv2.0_AA_G_NR100_000062260989	3	2	1	Oceanospirillum
OMDBv2.0_AA_G_NR100_000001167334	3	2	1	TMED27
OMDBv2.0_AA_G_NR100_000008495563	3	3	1	Parvibaculum
OMDBv2.0_AA_G_NR100_000199421809	3	1	1	JAUIAI01
OMDBv2.0_AA_G_NR100_000053909235	3	2	1	JABDQA01
OMDBv2.0_AA_G_NR100_000106201863	3	1	1	UBA8904
OMDBv2.0_AA_G_NR100_000188561896	3	3	1	Pseudomaricurvus
OMDBv2.0_AA_G_NR100_000160553642	3	2	1	JARRKU01
OMDBv2.0_AA_G_NR100_000041189118	3	2	1	Desulfoluna
OMDBv2.0_AA_G_NR100_000139753017	3	3	1	Modicisalibacter
OMDBv2.0_AA_G_NR100_000009806505	3	1	1	Unknown Desulfosarcinaceae
OMDBv2.0_AA_G_NR100_000180120434	3	3	1	Desulfosarcina
OMDBv2.0_AA_G_NR100_000233625749	3	3	1	Bradyrhizobium
OMDBv2.0_AA_G_NR100_000176844605	3	1	1	Unknown JAJDOA01
OMDBv2.0_AA_G_NR100_000167344838	3	2	1	CAMYOC01
OMDBv2.0_AA_G_NR100_000137683409	3	1	1	Pseudovibrio
OMDBv2.0_AA_G_NR100_000138809127	3	3	1	Oceanospirillum
OMDBv2.0_AA_G_NR100_000077177921	3	2	1	Neoroseomonas
OMDBv2.0_AA_G_NR100_000052588441	3	3	1	Pseudophaeobacter
OMDBv2.0_AA_G_NR100_000244417184	3	1	1	JADJWR01
OMDBv2.0_AA_G_NR100_000020482643	3	2	1	Bradyrhizobium
OMDBv2.0_AA_G_NR100_000041366451	3	2	1	Unknown UBA8366
OMDBv2.0_AA_G_NR100_000038755358	3	1	1	BRH-c0
OMDBv2.0_AA_G_NR100_000153116922	3	1	1	Polynucleobacter
OMDBv2.0_AA_G_NR100_000139918960	3	1	1	Paracoccus
OMDBv2.0_AA_G_NR100_000191341382	3	2	1	Roseovarius
OMDBv2.0_AA_G_NR100_000149345260	3	1	1	Pandoraea
OMDBv2.0_AA_G_NR100_000141641014	3	1	1	Cupriavidus
OMDBv2.0_AA_G_NR100_000167235394	2	1	1	GCA-001735895
OMDBv2.0_AA_G_NR100_000154674469	2	1	1	Sphingobium
OMDBv2.0_AA_G_NR100_000010081888	2	2	1	Thioalbus
OMDBv2.0_AA_G_NR100_000190359601	2	1	1	Alloalcanivorax
OMDBv2.0_AA_G_NR100_000048360131	2	1	1	JABMNT01
OMDBv2.0_AA_G_NR100_000072696883	2	2	1	Bin95
OMDBv2.0_AA_G_NR100_000227160250	2	2	1	Cognatiyoonia
OMDBv2.0_AA_G_NR100_000207968661	2	1	1	CABZJG01
OMDBv2.0_AA_G_NR100_000076713960	2	2	1	Marivita
OMDBv2.0_AA_G_NR100_000115138090	2	2	1	Epibacterium
OMDBv2.0_AA_G_NR100_000055115261	2	1	1	CPC320
OMDBv2.0_AA_G_NR100_000036659980	2	1	1	Pseudomonas_E
OMDBv2.0_AA_G_NR100_000005074157	2	1	1	RS62
OMDBv2.0_AA_G_NR100_000154061805	2	2	1	CAFBRK01
OMDBv2.0_AA_G_NR100_000024720832	2	2	1	Phenylobacterium
OMDBv2.0_AA_G_NR100_000167378705	2	1	1	JBFHNV01
OMDBv2.0_AA_G_NR100_000174532472	2	1	1	BQJD01
OMDBv2.0_AA_G_NR100_000190796328	2	2	1	NORP233
OMDBv2.0_AA_G_NR100_000195126892	2	2	1	GCA-2716585
OMDBv2.0_AA_G_NR100_000196148198	2	1	1	GCA-2700365
OMDBv2.0_AA_G_NR100_000174945630	2	2	1	Unknown SMXP01
OMDBv2.0_AA_G_NR100_000041450483	2	1	1	JANQEE01
OMDBv2.0_AA_G_NR100_000200123924	2	1	1	CAXBMB01
OMDBv2.0_AA_G_NR100_000061254260	2	2	2	Unknown UBA1845
OMDBv2.0_AA_G_NR100_000040275422	2	2	1	Litorivivens
OMDBv2.0_AA_G_NR100_000174409589	2	2	2	Unknown UBA2361
OMDBv2.0_AA_G_NR100_000243376801	2	2	1	Henriciella
OMDBv2.0_AA_G_NR100_000200489263	2	1	1	Abyssibius
OMDBv2.0_AA_G_NR100_000201468355	2	1	1	Sphingobium
OMDBv2.0_AA_G_NR100_000234528802	2	2	1	SW4
OMDBv2.0_AA_G_NR100_000084229965	2	2	1	Planktotalea
OMDBv2.0_AA_G_NR100_000153564139	2	1	1	Sphingobium
OMDBv2.0_AA_G_NR100_000022139087	2	2	1	Unknown UBA4427
OMDBv2.0_AA_G_NR100_000178586013	2	1	1	Unknown GCA-2863065
OMDBv2.0_AA_G_NR100_000245656828	2	1	1	Citricoccus
OMDBv2.0_AA_G_NR100_000059182779	2	1	1	Unknown REDH01
OMDBv2.0_AA_G_NR100_000199806907	2	2	1	Sphingobium
OMDBv2.0_AA_G_NR100_000163423202	2	1	1	VGSZ01
OMDBv2.0_AA_G_NR100_000170317647	2	1	1	JABDIP01
OMDBv2.0_AA_G_NR100_000058210080	2	1	1	JAAESX01
OMDBv2.0_AA_G_NR100_000058700742	2	1	1	JASLLV01
OMDBv2.0_AA_G_NR100_000059373340	2	2	1	Unknown UBA796
OMDBv2.0_AA_G_NR100_000188864193	2	2	1	Unknown J058
OMDBv2.0_AA_G_NR100_000169887250	2	1	1	VGSZ01
OMDBv2.0_AA_G_NR100_000082454100	2	1	1	REDI01
OMDBv2.0_AA_G_NR100_000209929526	2	1	1	UBA8366
OMDBv2.0_AA_G_NR100_000150325638	2	2	1	Uabimicrobium
OMDBv2.0_AA_G_NR100_000139137169	2	1	1	Spiribacter
OMDBv2.0_AA_G_NR100_000139765097	2	1	1	Salinisphaera
OMDBv2.0_AA_G_NR100_000206967526	2	1	1	UBA796
OMDBv2.0_AA_G_NR100_000002658290	2	1	1	Unknown CAJQPC01
OMDBv2.0_AA_G_NR100_000140109788	2	2	1	Sphingomonas
OMDBv2.0_AA_G_NR100_000227997677	2	1	1	Unknown Francisellaceae
OMDBv2.0_AA_G_NR100_000148615682	2	2	1	Hankyongella
OMDBv2.0_AA_G_NR100_000178483544	2	1	1	Unknown UBA796
OMDBv2.0_AA_G_NR100_000007344649	2	1	1	JAABRB01
OMDBv2.0_AA_G_NR100_000136539315	2	1	1	Rhizorhabdus
OMDBv2.0_AA_G_NR100_000069327980	2	2	1	Unknown UBA796
OMDBv2.0_AA_G_NR100_000008028140	2	2	1	DYKG01
OMDBv2.0_AA_G_NR100_000053924153	2	2	1	JAAETI01
OMDBv2.0_AA_G_NR100_000190796329	2	2	1	NORP233
OMDBv2.0_AA_G_NR100_000032198239	2	1	1	Niallia
OMDBv2.0_AA_G_NR100_000139406303	2	1	1	Cytobacillus
OMDBv2.0_AA_G_NR100_000196802079	2	2	1	Unknown Micavibrionaceae
OMDBv2.0_AA_G_NR100_000001723210	2	1	1	UBA9042
OMDBv2.0_AA_G_NR100_000214859729	2	1	1	JARACJ01
OMDBv2.0_AA_G_NR100_000225064576	2	2	1	CAJXTB01
OMDBv2.0_AA_G_NR100_000240844405	2	1	1	JADFUX01
OMDBv2.0_AA_G_NR100_000000412451	2	2	1	JAYZVO01
OMDBv2.0_AA_G_NR100_000007088762	2	1	1	Unknown CAIRSR01
OMDBv2.0_AA_G_NR100_000205400491	2	1	1	UBA868
OMDBv2.0_AA_G_NR100_000238082437	2	2	1	JACKEQ01
OMDBv2.0_AA_G_NR100_000176100985	2	1	1	BH17
OMDBv2.0_AA_G_NR100_000024871635	2	1	1	UBA796
OMDBv2.0_AA_G_NR100_000077300077	2	1	1	Marinobacterium_E
OMDBv2.0_AA_G_NR100_000178627067	2	1	1	Unknown WYAZ01
OMDBv2.0_AA_G_NR100_000163304951	2	1	1	Unknown UBA1532
OMDBv2.0_AA_G_NR100_000242532379	2	2	1	Sphingomonas
OMDBv2.0_AA_G_NR100_000226983822	2	1	1	Unknown Bin95
OMDBv2.0_AA_G_NR100_000002164139	2	2	1	Aurantibacillus
OMDBv2.0_AA_G_NR100_000009156198	2	1	1	Unknown JAANXG01
OMDBv2.0_AA_G_NR100_000128949767	2	1	1	Unknown Nitrosocaldaceae
OMDBv2.0_AA_G_NR100_000131290335	2	1	1	UBA1664
OMDBv2.0_AA_G_NR100_000225985658	2	2	1	UBA4416
OMDBv2.0_AA_G_NR100_000001894710	2	1	1	Ga0077536
OMDBv2.0_AA_G_NR100_000003252994	2	2	1	CALDOK01
OMDBv2.0_AA_G_NR100_000139438351	2	1	1	Nitrincola
OMDBv2.0_AA_G_NR100_000145601075	2	1	1	Rufibacter
OMDBv2.0_AA_G_NR100_000186928055	2	2	1	UBA1660
OMDBv2.0_AA_G_NR100_000083280524	2	2	1	UBA981
OMDBv2.0_AA_G_NR100_000176635580	2	1	1	B30-G6
OMDBv2.0_AA_G_NR100_000176844608	2	1	1	Unknown JAJDOA01
OMDBv2.0_AA_G_NR100_000178735360	2	1	2	Unknown JAKLHH01
OMDBv2.0_AA_G_NR100_000179581624	2	1	1	CACJXQ01
OMDBv2.0_AA_G_NR100_000186409213	2	2	1	GCA-2706205
OMDBv2.0_AA_G_NR100_000130794742	2	1	1	Porifericomes
OMDBv2.0_AA_G_NR100_000139082278	2	1	1	Bacillus_AB
OMDBv2.0_AA_G_NR100_000151702959	2	2	1	Neptunomonas
OMDBv2.0_AA_G_NR100_000225498729	2	2	1	CAJXQU01
OMDBv2.0_AA_G_NR100_000230266932	2	1	1	JACKNG01
OMDBv2.0_AA_G_NR100_000008529710	2	1	1	Ch67
OMDBv2.0_AA_G_NR100_000148207182	2	1	1	YIM-78166
OMDBv2.0_AA_G_NR100_000211892443	2	2	1	Unknown Porifericomitaceae
OMDBv2.0_AA_G_NR100_000038029351	2	1	1	Pseudomarimonas
OMDBv2.0_AA_G_NR100_000053864109	2	1	1	Unknown HK1
OMDBv2.0_AA_G_NR100_000084986046	2	2	1	Sphingomonas
OMDBv2.0_AA_G_NR100_000138863303	2	1	1	Sedimenticola
OMDBv2.0_AA_G_NR100_000147483865	2	2	1	Neptunomonas
OMDBv2.0_AA_G_NR100_000150032167	2	1	1	Crassaminicella_A
OMDBv2.0_AA_G_NR100_000150160571	2	2	1	Neptunomonas
OMDBv2.0_AA_G_NR100_000009805270	2	1	1	Unknown Desulfosarcinaceae
OMDBv2.0_AA_G_NR100_000141278630	2	1	1	Ectothiorhodospira
OMDBv2.0_AA_G_NR100_000181980495	2	2	1	UBA981
OMDBv2.0_AA_G_NR100_000084407286	2	2	1	TMED27
OMDBv2.0_AA_G_NR100_000147144128	2	1	1	Amphritea
OMDBv2.0_AA_G_NR100_000009778830	2	1	1	Unknown UBA6902
OMDBv2.0_AA_G_NR100_000011409178	2	1	2	DAOUYN01
OMDBv2.0_AA_G_NR100_000036431810	2	1	1	JABAAT01
OMDBv2.0_AA_G_NR100_000114349572	2	2	1	Oceanicoccus
OMDBv2.0_AA_G_NR100_000148945233	2	2	1	Luteithermobacter
OMDBv2.0_AA_G_NR100_000131682689	2	1	1	Nitrosopumilus
OMDBv2.0_AA_G_NR100_000010238442	2	2	1	Unknown Desulfosarcinaceae
OMDBv2.0_AA_G_NR100_000147715313	2	1	1	YIM-78166
OMDBv2.0_AA_G_NR100_000157238895	2	2	1	Erythrobacter
OMDBv2.0_AA_G_NR100_000192565910	2	2	1	CATLTV01
OMDBv2.0_AA_G_NR100_000003248797	2	2	1	Unknown CAIXZC01
OMDBv2.0_AA_G_NR100_000062863928	2	1	1	UBA7455
OMDBv2.0_AA_G_NR100_000068694221	2	2	1	Unknown JARGFU01
OMDBv2.0_AA_G_NR100_000167450941	2	1	1	JBFHNV01
OMDBv2.0_AA_G_NR100_000212476158	2	2	1	JACKNG01
OMDBv2.0_AA_G_NR100_000104168088	2	1	1	AAA164-E04
OMDBv2.0_AA_G_NR100_000087607552	2	1	1	DAOWNP01
OMDBv2.0_AA_G_NR100_000038319939	2	1	1	Unknown Micavibrionaceae
OMDBv2.0_AA_G_NR100_000104568017	2	1	2	VGNK01
OMDBv2.0_AA_G_NR100_000141019923	2	1	1	Magnetobacterium
OMDBv2.0_AA_G_NR100_000143156801	2	1	1	Rhodococcus
OMDBv2.0_AA_G_NR100_000182322904	2	2	1	GCA-2712005
OMDBv2.0_AA_G_NR100_000245628449	2	2	1	MS8
OMDBv2.0_AA_G_NR100_000038122583	2	2	1	UBA2705
OMDBv2.0_AA_G_NR100_000148763441	2	2	1	Bradyrhizobium_A
OMDBv2.0_AA_G_NR100_000148803500	2	2	1	Xenophilus
OMDBv2.0_AA_G_NR100_000175458086	2	2	1	Cognatishimia
OMDBv2.0_AA_G_NR100_000201114719	2	1	1	UBA2705
OMDBv2.0_AA_G_NR100_000043739812	2	2	1	JANQMX01
OMDBv2.0_AA_G_NR100_000128009010	2	2	1	M3003
OMDBv2.0_AA_G_NR100_000131147818	2	1	1	Unknown Cellvibrionaceae
OMDBv2.0_AA_G_NR100_000157980853	2	2	1	Pseudonocardia
OMDBv2.0_AA_G_NR100_000172154830	2	2	1	Ketobacter
OMDBv2.0_AA_G_NR100_000195200155	2	1	1	UBA6777
OMDBv2.0_AA_G_NR100_000237956923	2	1	1	CAJQPC01
OMDBv2.0_AA_G_NR100_000240396541	2	1	1	DATKVW01
OMDBv2.0_AA_G_NR100_000128749807	2	2	1	Ferroglobus
OMDBv2.0_AA_G_NR100_000201527974	2	1	1	UBA11612
OMDBv2.0_AA_G_NR100_000206905130	2	2	1	Unknown J058
OMDBv2.0_AA_G_NR100_000225439909	2	1	1	Kiloniella
OMDBv2.0_AA_G_NR100_000136534991	2	1	1	Roseiflexus
OMDBv2.0_AA_G_NR100_000155687105	2	2	1	UBA1672
OMDBv2.0_AA_G_NR100_000177022819	2	2	1	JAAESI01
OMDBv2.0_AA_G_NR100_000205213728	2	2	1	UBA796
OMDBv2.0_AA_G_NR100_000238615695	2	1	1	JAJRYK01
OMDBv2.0_AA_G_NR100_000239116430	2	1	1	UBA1672
OMDBv2.0_AA_G_NR100_000007188790	2	1	1	DASWID01
OMDBv2.0_AA_G_NR100_000054146223	2	1	1	Amylibacter
OMDBv2.0_AA_G_NR100_000143511535	2	1	1	Raineya
OMDBv2.0_AA_G_NR100_000198628398	2	2	1	Rubricella
OMDBv2.0_AA_G_NR100_000235121045	2	2	1	UBA6601
OMDBv2.0_AA_G_NR100_000007278635	2	2	1	Bradyrhizobium
OMDBv2.0_AA_G_NR100_000105230600	2	1	1	42-54-T18
OMDBv2.0_AA_G_NR100_000143153706	2	1	1	Rhodococcus
OMDBv2.0_AA_G_NR100_000162004015	2	1	1	JAYXXU01
OMDBv2.0_AA_G_NR100_000197254837	2	1	1	Paenirhodobacter
OMDBv2.0_AA_G_NR100_000136714625	2	1	1	Desulfatibacillum
OMDBv2.0_AA_G_NR100_000163016394	2	2	1	JBFKKS01
OMDBv2.0_AA_G_NR100_000105233988	2	1	1	42-54-T18
OMDBv2.0_AA_G_NR100_000216929121	2	1	1	GCA-2720935
OMDBv2.0_AA_G_NR100_000236107374	2	1	1	Salinisphaera
OMDBv2.0_AA_G_NR100_000237769233	2	2	1	JAAESI01
OMDBv2.0_AA_G_NR100_000010712549	2	1	1	Rhodovulum
OMDBv2.0_AA_G_NR100_000049554475	2	2	1	JAHZKU01
OMDBv2.0_AA_G_NR100_000220657711	2	2	1	UBA1672
OMDBv2.0_AA_G_NR100_000127339414	2	1	1	UBA1672
OMDBv2.0_AA_G_NR100_000010150808	2	2	1	Azonexus
OMDBv2.0_AA_G_NR100_000033685763	2	1	1	Unknown HTCC5015
OMDBv2.0_AA_G_NR100_000098919814	2	1	1	JANQOH01
OMDBv2.0_AA_G_NR100_000181215274	2	1	1	JALUYN01
OMDBv2.0_AA_G_NR100_000075054566	2	2	1	Frigidibacter
OMDBv2.0_AA_G_NR100_000137118361	2	2	1	HTCC5015
OMDBv2.0_AA_G_NR100_000036233019	2	2	1	Pelagibius
OMDBv2.0_AA_G_NR100_000178513375	2	1	1	JAPYTK01
OMDBv2.0_AA_G_NR100_000001819139	2	2	1	JAGSHC01
OMDBv2.0_AA_G_NR100_000024952651	2	1	1	Ferrovibrio
OMDBv2.0_AA_G_NR100_000177100354	2	1	1	Unknown GCA-2747355
OMDBv2.0_AA_G_NR100_000206927922	2	2	1	Hwanghaeella
OMDBv2.0_AA_G_NR100_000040659829	2	1	1	PXYB01
OMDBv2.0_AA_G_NR100_000208562298	2	1	1	Eilatimonas
OMDBv2.0_AA_G_NR100_000151450418	2	1	1	Novosphingobium
OMDBv2.0_AA_G_NR100_000226354360	2	2	1	JABJJH01
OMDBv2.0_AA_G_NR100_000194938207	2	2	1	UBA3002
OMDBv2.0_AA_G_NR100_000057462855	2	2	1	JAGGXR01
OMDBv2.0_AA_G_NR100_000160127235	2	1	1	CAIKZZ01
OMDBv2.0_AA_G_NR100_000164463248	2	1	1	JABJES01
OMDBv2.0_AA_G_NR100_000229780646	2	1	1	TYQ2
OMDBv2.0_AA_G_NR100_000074750796	2	2	1	Unknown JADFAD01
OMDBv2.0_AA_G_NR100_000103889227	2	1	1	Fluviibacter
OMDBv2.0_AA_G_NR100_000146475593	2	2	1	Aquincola
OMDBv2.0_AA_G_NR100_000181976128	2	2	1	UBA7359
OMDBv2.0_AA_G_NR100_000164755072	2	1	1	JAAEUB01
OMDBv2.0_AA_G_NR100_000033310715	2	1	1	Hellea
OMDBv2.0_AA_G_NR100_000127491676	2	1	2	S012-89
OMDBv2.0_AA_G_NR100_000175317053	2	2	1	Pseudooceanicola_C
OMDBv2.0_AA_G_NR100_000179581952	2	1	1	CACJXQ01
OMDBv2.0_AA_G_NR100_000008502119	2	1	1	Tepidiphilus
OMDBv2.0_AA_G_NR100_000129487436	2	2	1	Seohaeicola
OMDBv2.0_AA_G_NR100_000142419601	2	2	1	Paraphotobacterium
OMDBv2.0_AA_G_NR100_000147476553	2	2	1	Rhizorhabdus
OMDBv2.0_AA_G_NR100_000149064550	2	1	1	Desulfobotulus
OMDBv2.0_AA_G_NR100_000171437250	2	1	1	Salaquimonas
OMDBv2.0_AA_G_NR100_000234866939	2	1	1	Unknown Rhodobacteraceae
OMDBv2.0_AA_G_NR100_000081675873	2	2	1	Glaciecola
OMDBv2.0_AA_G_NR100_000107329735	2	1	1	Alteromonas_F
OMDBv2.0_AA_G_NR100_000144928127	2	1	1	Phaeovulum
OMDBv2.0_AA_G_NR100_000149506876	2	1	1	Shewanella
OMDBv2.0_AA_G_NR100_000150679150	2	1	1	Sphingomonas_E
OMDBv2.0_AA_G_NR100_000181256357	2	1	1	Pseudothioclava
OMDBv2.0_AA_G_NR100_000182178026	2	2	1	Pseudoprimorskyibacter
OMDBv2.0_AA_G_NR100_000185512564	2	1	1	Bosea
OMDBv2.0_AA_G_NR100_000236059884	2	2	1	Allosphingosinicella
OMDBv2.0_AA_G_NR100_000243635319	2	2	1	Spectribacter
OMDBv2.0_AA_G_NR100_000063560323	2	2	1	Hankyongella
OMDBv2.0_AA_G_NR100_000160296931	2	1	1	Unknown UBA2562
OMDBv2.0_AA_G_NR100_000200613030	2	1	1	Motiliproteus
OMDBv2.0_AA_G_NR100_000225373172	2	1	1	UBA9145
OMDBv2.0_AA_G_NR100_000009157234	2	1	1	Unknown JAANXG01
OMDBv2.0_AA_G_NR100_000035758105	2	1	1	JBBKXJ01
OMDBv2.0_AA_G_NR100_000038361616	2	1	1	CANJQJ01
OMDBv2.0_AA_G_NR100_000144172194	2	1	1	Rhodopseudomonas
OMDBv2.0_AA_G_NR100_000147397638	2	1	1	Legionella_A
OMDBv2.0_AA_G_NR100_000152198868	2	1	1	Sphingomicrobium
OMDBv2.0_AA_G_NR100_000173761164	2	2	1	WLWS01
OMDBv2.0_AA_G_NR100_000198720903	2	2	1	Unknown UBA3002
OMDBv2.0_AA_G_NR100_000228486862	2	1	1	Tectiglobus
OMDBv2.0_AA_G_NR100_000229746739	2	1	1	Unknown Rhizobiales
OMDBv2.0_AA_G_NR100_000232151880	2	2	1	UBA981
OMDBv2.0_AA_G_NR100_000020483057	2	1	1	Bradyrhizobium
OMDBv2.0_AA_G_NR100_000051145472	2	2	1	Lentilitoribacter
OMDBv2.0_AA_G_NR100_000195198037	2	1	1	UBA6777
OMDBv2.0_AA_G_NR100_000219615467	2	1	1	Unknown JAJDZL01
OMDBv2.0_AA_G_NR100_000228277165	2	1	1	UBA2510
OMDBv2.0_AA_G_NR100_000041571494	2	1	1	Desulfoluna
OMDBv2.0_AA_G_NR100_000053856270	2	1	1	JAHEKE01
OMDBv2.0_AA_G_NR100_000079739699	2	2	1	RFZI01
OMDBv2.0_AA_G_NR100_000127993508	2	2	1	DROE01
OMDBv2.0_AA_G_NR100_000140150172	2	2	1	Cupriavidus
OMDBv2.0_AA_G_NR100_000151284949	2	1	1	Telluria
OMDBv2.0_AA_G_NR100_000168395752	2	1	1	Pseudocolwellia
OMDBv2.0_AA_G_NR100_000001406532	2	2	1	JAHELH01
OMDBv2.0_AA_G_NR100_000009593302	2	1	1	2-02-FULL-47-50
OMDBv2.0_AA_G_NR100_000045098014	2	2	1	NVTR01
OMDBv2.0_AA_G_NR100_000139591897	2	2	1	Pseudohalocynthiibacter
OMDBv2.0_AA_G_NR100_000165958679	2	2	1	Unknown Rhodospirillales
OMDBv2.0_AA_G_NR100_000233610721	2	2	1	JBBAGE01
OMDBv2.0_AA_G_NR100_000001940942	2	2	1	UBA5216
OMDBv2.0_AA_G_NR100_000054206100	2	1	1	Tectiglobus
OMDBv2.0_AA_G_NR100_000063560222	2	2	1	Hankyongella
OMDBv2.0_AA_G_NR100_000140711702	2	2	1	Neptunomonas
OMDBv2.0_AA_G_NR100_000147397660	2	1	1	Legionella_A
OMDBv2.0_AA_G_NR100_000175117573	2	1	1	Donghicola
OMDBv2.0_AA_G_NR100_000001348133	2	1	1	JACOMY01
OMDBv2.0_AA_G_NR100_000053863228	2	1	1	Unknown HK1
OMDBv2.0_AA_G_NR100_000054010205	2	1	1	JAJFGK01
OMDBv2.0_AA_G_NR100_000082286993	2	1	1	CANLBN01
OMDBv2.0_AA_G_NR100_000153832064	2	1	1	Burkholderia
OMDBv2.0_AA_G_NR100_000180564322	2	1	1	GLO-3
OMDBv2.0_AA_G_NR100_000228017649	2	1	1	Pontivivens
OMDBv2.0_AA_G_NR100_000001354266	2	1	1	Unknown Rhodobacteraceae
OMDBv2.0_AA_G_NR100_000076924939	2	2	1	CAJXRW01
OMDBv2.0_AA_G_NR100_000097226765	2	2	1	Oceanibaculum
OMDBv2.0_AA_G_NR100_000132072437	2	1	1	WFHF3C12
OMDBv2.0_AA_G_NR100_000185306197	2	1	1	GCA-2725445
OMDBv2.0_AA_G_NR100_000195886879	2	2	1	LFER01
OMDBv2.0_AA_G_NR100_000059442773	2	2	1	Casp-alpha2
OMDBv2.0_AA_G_NR100_000071097995	2	2	1	SELP01
OMDBv2.0_AA_G_NR100_000104697172	2	2	1	UBA981
OMDBv2.0_AA_G_NR100_000127311238	2	1	1	UBA5972
OMDBv2.0_AA_G_NR100_000140150210	2	2	1	Cupriavidus
OMDBv2.0_AA_G_NR100_000186226352	2	1	2	Casp-alpha2
OMDBv2.0_AA_G_NR100_000226352050	2	2	1	JABJJH01
OMDBv2.0_AA_G_NR100_000041304795	2	2	1	JADFTO01
OMDBv2.0_AA_G_NR100_000043705998	2	2	1	J054
OMDBv2.0_AA_G_NR100_000068327183	2	1	1	JALWJW01
OMDBv2.0_AA_G_NR100_000069845591	2	1	1	Marivivens
OMDBv2.0_AA_G_NR100_000143259839	2	2	1	Pseudooceanicola
OMDBv2.0_AA_G_NR100_000143334970	2	2	1	Thiodictyon
OMDBv2.0_AA_G_NR100_000150727637	2	2	1	Chachezhania
OMDBv2.0_AA_G_NR100_000199213371	2	1	1	Amorphus
OMDBv2.0_AA_G_NR100_000243502336	2	2	1	Aquicoccus
OMDBv2.0_AA_G_NR100_000020483043	2	1	1	Bradyrhizobium
OMDBv2.0_AA_G_NR100_000032205187	2	1	1	WTKA01
OMDBv2.0_AA_G_NR100_000043683923	2	1	1	Unknown Woeseiaceae
OMDBv2.0_AA_G_NR100_000159492619	2	1	1	SYFN01
OMDBv2.0_AA_G_NR100_000172674871	2	2	1	CAMYKE01
OMDBv2.0_AA_G_NR100_000201529720	2	1	1	UBA11612
OMDBv2.0_AA_G_NR100_000212202025	2	1	1	JBCBSP01
OMDBv2.0_AA_G_NR100_000220625847	2	2	1	JAUHXT01
OMDBv2.0_AA_G_NR100_000038319995	2	1	1	Unknown Micavibrionaceae
OMDBv2.0_AA_G_NR100_000040921231	2	2	1	JAAFAL01
OMDBv2.0_AA_G_NR100_000160739688	2	1	1	JALUYN01
OMDBv2.0_AA_G_NR100_000163778064	2	1	1	Unknown Rickettsiales
OMDBv2.0_AA_G_NR100_000145709669	2	2	1	Isoalcanivorax
OMDBv2.0_AA_G_NR100_000074974472	2	2	1	Litorivicinus
OMDBv2.0_AA_G_NR100_000107578039	2	2	1	JAHDDY01
OMDBv2.0_AA_G_NR100_000024626263	2	1	1	JARACJ01
OMDBv2.0_AA_G_NR100_000044272360	2	1	1	Unknown SMWR01
OMDBv2.0_AA_G_NR100_000232598099	2	1	1	JALZUV01
OMDBv2.0_AA_G_NR100_000239147563	2	1	1	UBA1672
OMDBv2.0_AA_G_NR100_000105211254	2	1	1	Unknown DC-out160
OMDBv2.0_AA_G_NR100_000191858209	2	2	1	GCA-2683405
OMDBv2.0_AA_G_NR100_000203437386	2	2	1	Zhongshania
OMDBv2.0_AA_G_NR100_000120572425	2	1	1	Bin52
OMDBv2.0_AA_G_NR100_000185305735	2	1	1	GCA-2725445
OMDBv2.0_AA_G_NR100_000200509092	2	1	1	JACKII01
OMDBv2.0_AA_G_NR100_000240442659	2	1	1	DAOVJP01
OMDBv2.0_AA_G_NR100_000234067091	2	2	1	JABJJH01
OMDBv2.0_AA_G_NR100_000209685654	2	1	1	Henriciella
OMDBv2.0_AA_G_NR100_000127030472	2	2	1	Seohaeicola
OMDBv2.0_AA_G_NR100_000007687304	2	2	1	Unknown JAEHCK01
OMDBv2.0_AA_G_NR100_000035985201	2	2	1	CALDSD01
OMDBv2.0_AA_G_NR100_000167593583	2	1	1	Unknown Rhodobacteraceae
OMDBv2.0_AA_G_NR100_000175587876	2	1	1	Albimonas
OMDBv2.0_AA_G_NR100_000244415828	2	1	1	JAEUMD01
OMDBv2.0_AA_G_NR100_000001347125	2	1	1	JACOMY01
OMDBv2.0_AA_G_NR100_000006269801	2	1	1	UBA4479
OMDBv2.0_AA_G_NR100_000054751051	2	2	1	JBEPTK01
OMDBv2.0_AA_G_NR100_000201995685	2	1	1	Parvibaculum
OMDBv2.0_AA_G_NR100_000203992303	2	2	1	Piscinibacter
OMDBv2.0_AA_G_NR100_000229243707	2	1	1	Unknown Rhodobacteraceae
OMDBv2.0_AA_G_NR100_000064504205	2	2	1	JAHJTV01
OMDBv2.0_AA_G_NR100_000160387839	2	1	1	NORP23
OMDBv2.0_AA_G_NR100_000185257098	2	1	1	Sneathiella
OMDBv2.0_AA_G_NR100_000192825045	2	2	1	TMED69
OMDBv2.0_AA_G_NR100_000210375807	2	1	1	Unknown Inquilinaceae
OMDBv2.0_AA_G_NR100_000173692394	2	2	1	GCA-2717185
OMDBv2.0_AA_G_NR100_000024716161	2	1	1	Ferrovibrio
OMDBv2.0_AA_G_NR100_000044848422	2	1	1	JAPULJ01
OMDBv2.0_AA_G_NR100_000041493184	2	1	2	Desulfoluna
OMDBv2.0_AA_G_NR100_000043934112	2	2	1	JAAEUE01
OMDBv2.0_AA_G_NR100_000143295947	2	2	1	Minwuia
OMDBv2.0_AA_G_NR100_000164320818	2	1	1	Unknown UBA8366
OMDBv2.0_AA_G_NR100_000170272194	2	1	1	Unknown JAKSDN01
OMDBv2.0_AA_G_NR100_000199213457	2	2	1	Chachezhania
OMDBv2.0_AA_G_NR100_000235532579	2	2	1	GCA-002724395
OMDBv2.0_AA_G_NR100_000022103584	2	2	1	Unknown GCA-2731375
OMDBv2.0_AA_G_NR100_000105418351	2	2	1	Marinobacter_A
OMDBv2.0_AA_G_NR100_000146443056	2	1	1	Rubrobacter
OMDBv2.0_AA_G_NR100_000041679669	2	1	1	Unknown J153
OMDBv2.0_AA_G_NR100_000013300414	2	2	1	UBA6544
OMDBv2.0_AA_G_NR100_000040654593	2	1	1	Unknown JAPHRK01
OMDBv2.0_AA_G_NR100_000072407833	2	1	1	JASJEC01
OMDBv2.0_AA_G_NR100_000137316734	2	2	1	Qipengyuania
OMDBv2.0_AA_G_NR100_000170087451	2	2	1	J084
OMDBv2.0_AA_G_NR100_000175487933	2	2	1	Unknown Ga0077536
OMDBv2.0_AA_G_NR100_000193124337	2	1	1	UBA8366
OMDBv2.0_AA_G_NR100_000245817746	2	2	1	Halospina
OMDBv2.0_AA_G_NR100_000162387591	2	1	1	UBA4479
OMDBv2.0_AA_G_NR100_000170132178	2	1	1	Rhodanobacter
OMDBv2.0_AA_G_NR100_000001764176	2	1	1	Unknown UBA2966
OMDBv2.0_AA_G_NR100_000071233792	2	1	1	JAPOXR01
OMDBv2.0_AA_G_NR100_000117495083	2	1	1	JAPOXR01
OMDBv2.0_AA_G_NR100_000131207538	2	1	1	CAKZTM01
OMDBv2.0_AA_G_NR100_000173434710	2	2	1	JAGGXR01
OMDBv2.0_AA_G_NR100_000147277901	2	1	1	Azospirillum
OMDBv2.0_AA_G_NR100_000170189164	2	2	1	Unknown JAKSBE01
OMDBv2.0_AA_G_NR100_000175536322	2	2	1	JAALLB01
OMDBv2.0_AA_G_NR100_000198379813	2	1	1	UBA3002
OMDBv2.0_AA_G_NR100_000000630671	2	2	1	Qipengyuania
OMDBv2.0_AA_G_NR100_000153107425	2	1	1	Polynucleobacter
OMDBv2.0_AA_G_NR100_000006928994	2	1	1	Unknown JAPYRI01
OMDBv2.0_AA_G_NR100_000159918491	2	2	1	Sphaerotilus
OMDBv2.0_AA_G_NR100_000138610888	2	1	1	Amphritea
OMDBv2.0_AA_G_NR100_000141903717	2	1	1	Zoogloea
OMDBv2.0_AA_G_NR100_000230695182	2	2	1	WKFI01
OMDBv2.0_AA_G_NR100_000159548780	2	1	1	PALSA-1004
OMDBv2.0_AA_G_NR100_000148864301	2	2	1	Rudaea
OMDBv2.0_AA_G_NR100_000040301755	2	1	1	HT1-32
OMDBv2.0_AA_G_NR100_000007143696	2	1	1	SG8-41
OMDBv2.0_AA_G_NR100_000008982201	2	1	1	Unknown Eutrophobiaceae
OMDBv2.0_AA_G_NR100_000010077195	2	1	1	JAHIVH01
OMDBv2.0_AA_G_NR100_000138286342	2	1	1	Pseudoduganella
OMDBv2.0_AA_G_NR100_000148235266	2	2	1	Terasakiella
OMDBv2.0_AA_G_NR100_000167450008	2	1	1	JBFHNV01
OMDBv2.0_AA_G_NR100_000131046165	2	1	1	JAHDDY01
OMDBv2.0_AA_G_NR100_000153065241	2	2	1	Pseudonocardia
OMDBv2.0_AA_G_NR100_000181348932	2	2	1	Pseudophaeobacter
OMDBv2.0_AA_G_NR100_000156116078	2	2	1	Bodonicaedibacter
OMDBv2.0_AA_G_NR100_000145980764	2	1	1	Haloplanus
OMDBv2.0_AA_G_NR100_000192647371	2	1	1	JAVJON01
OMDBv2.0_AA_G_NR100_000218097728	2	1	1	Denitrobaculum
OMDBv2.0_AA_G_NR100_000244554455	2	2	1	Nitrosomaritimum
OMDBv2.0_AA_G_NR100_000136278256	2	1	1	Haloquadratum
OMDBv2.0_AA_G_NR100_000166841369	2	2	2	JABDQA01
OMDBv2.0_AA_G_NR100_000046759863	2	2	1	JASLLZ01
OMDBv2.0_AA_G_NR100_000074399571	2	2	1	Planktomarina
OMDBv2.0_AA_G_NR100_000131096622	2	1	1	JAHDDY01
OMDBv2.0_AA_G_NR100_000152213711	2	2	1	Sphingomicrobium
OMDBv2.0_AA_G_NR100_000144350023	2	1	1	Salinigranum
OMDBv2.0_AA_G_NR100_000038908191	2	1	1	Hydrogenophaga
OMDBv2.0_AA_G_NR100_000165862260	2	1	1	Poriferisodalis
OMDBv2.0_AA_G_NR100_000019318541	2	1	1	Unknown Immundisolibacteraceae
OMDBv2.0_AA_G_NR100_000149558361	2	2	1	Achromobacter
OMDBv2.0_AA_G_NR100_000227400488	2	1	1	Thermohalobaculum
OMDBv2.0_AA_G_NR100_000003257059	2	2	1	CALDOK01
OMDBv2.0_AA_G_NR100_000143527073	2	1	1	Halegenticoccus
OMDBv2.0_AA_G_NR100_000167502238	2	2	1	CAFBRK01
OMDBv2.0_AA_G_NR100_000137965471	2	1	1	Gallaecimonas
OMDBv2.0_AA_G_NR100_000244781296	2	1	1	Quisquiliibacterium
OMDBv2.0_AA_G_NR100_000234680630	2	1	1	Oceanicella
OMDBv2.0_AA_G_NR100_000039017358	2	2	1	Sphingobium
OMDBv2.0_AA_G_NR100_000151083635	2	1	1	Halopseudomonas
OMDBv2.0_AA_G_NR100_000054163842	2	1	1	UBA5336
OMDBv2.0_AA_G_NR100_000069857852	2	2	1	HIMB11
OMDBv2.0_AA_G_NR100_000182661726	2	1	1	JASMHC01
OMDBv2.0_AA_G_NR100_000181872427	2	2	1	IMCC2047
OMDBv2.0_AA_G_NR100_000152305181	2	2	1	Zhongshania
OMDBv2.0_AA_G_NR100_000145196328	2	2	1	Polynucleobacter
OMDBv2.0_AA_G_NR100_000175228412	2	1	1	Actibacterium_B
OMDBv2.0_AA_G_NR100_000179991272	2	2	1	CAJQQK01
OMDBv2.0_AA_G_NR100_000003406761	2	1	1	JACNJF01
OMDBv2.0_AA_G_NR100_000053836052	2	1	1	Unknown JAAEPA01
OMDBv2.0_AA_G_NR100_000051750684	2	1	1	JAHZKE01
OMDBv2.0_AA_G_NR100_000114350111	2	1	1	Oceanicoccus
OMDBv2.0_AA_G_NR100_000012782778	2	2	1	SMWF01
OMDBv2.0_AA_G_NR100_000033413578	2	1	1	Hyphococcus
OMDBv2.0_AA_G_NR100_000097577748	2	2	1	Tepidicaulis
OMDBv2.0_AA_G_NR100_000205169537	2	2	1	Unknown CACJXQ01
OMDBv2.0_AA_G_NR100_000082033632	2	1	1	Unknown Hyphomonadaceae
OMDBv2.0_AA_G_NR100_000143155182	2	1	1	Rhodococcus
OMDBv2.0_AA_G_NR100_000041571731	2	1	1	Desulfoluna
OMDBv2.0_AA_G_NR100_000140348385	2	2	1	Cupriavidus
OMDBv2.0_AA_G_NR100_000142043420	2	1	1	Aquidulcibacter
OMDBv2.0_AA_G_NR100_000191855555	2	2	1	Spectribacter
OMDBv2.0_AA_G_NR100_000246609475	2	2	1	GCA-002726655
OMDBv2.0_AA_G_NR100_000010546047	2	1	2	Unknown Desulfosarcinaceae
OMDBv2.0_AA_G_NR100_000146154678	2	1	1	Gallaecimonas
OMDBv2.0_AA_G_NR100_000166466482	2	1	1	Marimicrobium
OMDBv2.0_AA_G_NR100_000138016737	2	1	1	Haloplanus
OMDBv2.0_AA_G_NR100_000167486323	2	2	1	JAPPOI01
OMDBv2.0_AA_G_NR100_000043911842	2	2	1	Unknown GCA-001735895
OMDBv2.0_AA_G_NR100_000218560245	2	1	1	Persebacter
OMDBv2.0_AA_G_NR100_000146596700	2	2	1	Zavarzinia
OMDBv2.0_AA_G_NR100_000084595452	2	2	1	JBDNIO01
OMDBv2.0_AA_G_NR100_000143154999	2	1	1	Rhodococcus
OMDBv2.0_AA_G_NR100_000182036453	2	2	1	Eutrophomonas
OMDBv2.0_AA_G_NR100_000139763625	2	1	1	Salinisphaera
OMDBv2.0_AA_G_NR100_000153061176	2	1	1	Pseudonocardia
OMDBv2.0_AA_G_NR100_000160065259	2	1	1	Undibacterium
OMDBv2.0_AA_G_NR100_000171763909	2	1	1	CAJQNE01
OMDBv2.0_AA_G_NR100_000143138260	2	1	1	Iodobacter
OMDBv2.0_AA_G_NR100_000009610948	2	1	1	JAABRB01
OMDBv2.0_AA_G_NR100_000106537853	2	1	1	UBA8904
OMDBv2.0_AA_G_NR100_000139527284	2	1	1	Rhodomicrobium
OMDBv2.0_AA_G_NR100_000232598175	2	1	1	JALZUV01
OMDBv2.0_AA_G_NR100_000029630242	2	2	1	Phreatobacter
OMDBv2.0_AA_G_NR100_000141645256	2	1	1	Cupriavidus
OMDBv2.0_AA_G_NR100_000154162047	2	2	1	Thalassomonas
OMDBv2.0_AA_G_NR100_000213345959	2	1	1	Denitrobaculum
OMDBv2.0_AA_G_NR100_000103620613	2	2	1	UBA3065
OMDBv2.0_AA_G_NR100_000127387953	2	1	1	HRBIN39
OMDBv2.0_AA_G_NR100_000150356107	2	1	1	Azospira
OMDBv2.0_AA_G_NR100_000174836296	2	2	1	CALCTU01
OMDBv2.0_AA_G_NR100_000150219192	2	2	1	Ideonella
OMDBv2.0_AA_G_NR100_000197501934	2	2	1	Albibacillus
OMDBv2.0_AA_G_NR100_000171537192	2	1	1	Leucothrix
OMDBv2.0_AA_G_NR100_000169953230	2	1	1	Polaromonas
OMDBv2.0_AA_G_NR100_000109160238	2	1	1	Unknown Alphaproteobacteria
OMDBv2.0_AA_G_NR100_000184470460	2	2	1	Oceanicaulis
OMDBv2.0_AA_G_NR100_000245656830	2	1	1	Citricoccus
OMDBv2.0_AA_G_NR100_000161235206	2	2	1	Marinobacter
OMDBv2.0_AA_G_NR100_000138182009	2	1	1	Bacillus_A
OMDBv2.0_AA_G_NR100_000062827257	2	2	1	Brevundimonas
OMDBv2.0_AA_G_NR100_000201583266	2	2	1	Agarilytica
OMDBv2.0_AA_G_NR100_000040386045	2	2	1	Minwuia
OMDBv2.0_AA_G_NR100_000044299626	2	2	1	Oceanicoccus
OMDBv2.0_AA_G_NR100_000126373534	2	2	1	UBA830
OMDBv2.0_AA_G_NR100_000221917857	2	1	1	Qipengyuania
OMDBv2.0_AA_G_NR100_000146195862	2	1	1	AK92
OMDBv2.0_AA_G_NR100_000235501334	2	2	1	JAPPOI01
OMDBv2.0_AA_G_NR100_000162595208	2	1	1	Unknown Bin95
OMDBv2.0_AA_G_NR100_000234572878	2	1	1	Yoonia
OMDBv2.0_AA_G_NR100_000201783172	2	2	1	Hwanghaeella
OMDBv2.0_AA_G_NR100_000245656829	2	1	1	Citricoccus
OMDBv2.0_AA_G_NR100_000022183987	2	2	1	Opacimonas
OMDBv2.0_AA_G_NR100_000067295813	2	2	1	Pseudoponticoccus
OMDBv2.0_AA_G_NR100_000098252493	2	2	1	Unknown Alphaproteobacteria
OMDBv2.0_AA_G_NR100_000107456833	2	2	1	JBCBKU01
OMDBv2.0_AA_G_NR100_000136907729	2	1	1	Hyphomicrobium_B
OMDBv2.0_AA_G_NR100_000138903324	2	1	1	Aliagarivorans
OMDBv2.0_AA_G_NR100_000141236067	2	1	1	Roseibium
OMDBv2.0_AA_G_NR100_000142334765	2	2	1	Heliomarina
OMDBv2.0_AA_G_NR100_000186481662	2	2	1	JANQRL01
OMDBv2.0_AA_G_NR100_000196146810	2	1	1	GCA-2700365
OMDBv2.0_AA_G_NR100_000213847589	2	2	1	JANQRL01
OMDBv2.0_AA_G_NR100_000174531434	2	2	1	Unknown CAJQKF01
OMDBv2.0_AA_G_NR100_000200979240	2	2	1	JAJFHR01
OMDBv2.0_AA_G_NR100_000218067928	2	1	1	Oceanicaulis
OMDBv2.0_AA_G_NR100_000219454057	2	2	1	Rubricella
OMDBv2.0_AA_G_NR100_000244981439	2	2	1	Unknown Rhodobacteraceae
OMDBv2.0_AA_G_NR100_000007344966	2	1	1	JAABRB01
OMDBv2.0_AA_G_NR100_000051897341	2	1	1	Filomicrobium
OMDBv2.0_AA_G_NR100_000208561847	2	1	1	Eilatimonas
OMDBv2.0_AA_G_NR100_000217728199	2	1	1	Parvularcula
OMDBv2.0_AA_G_NR100_000040655547	2	1	1	Unknown JAPHRK01
OMDBv2.0_AA_G_NR100_000082723556	2	2	1	Methyloceanibacter
OMDBv2.0_AA_G_NR100_000101298166	2	2	1	Reyranella
OMDBv2.0_AA_G_NR100_000198722824	2	2	1	Halioxenophilus
OMDBv2.0_AA_G_NR100_000216959725	2	1	1	DASWJZ01
OMDBv2.0_AA_G_NR100_000001776751	2	2	1	CALGIA01
OMDBv2.0_AA_G_NR100_000149862392	2	2	1	Nitratireductor_D
OMDBv2.0_AA_G_NR100_000194144476	2	1	1	Zhengella
OMDBv2.0_AA_G_NR100_000104001093	2	1	1	DAOTEJ01
OMDBv2.0_AA_G_NR100_000138476800	2	2	1	Ahrensia
OMDBv2.0_AA_G_NR100_000038563484	2	2	1	Novosphingobium
OMDBv2.0_AA_G_NR100_000242689316	2	1	1	SYFN01
OMDBv2.0_AA_G_NR100_000080123658	2	2	1	JANSYC01
OMDBv2.0_AA_G_NR100_000129113566	2	2	1	J084
OMDBv2.0_AA_G_NR100_000038312792	2	2	1	Rugosibacter
OMDBv2.0_AA_G_NR100_000038385051	2	1	1	Pseudorhodoplanes
OMDBv2.0_AA_G_NR100_000149486861	2	2	1	Rubrobacter_B
OMDBv2.0_AA_G_NR100_000181554819	2	1	1	Undibacterium
OMDBv2.0_AA_G_NR100_000054185774	2	1	1	JBCBWG01
OMDBv2.0_AA_G_NR100_000146088882	2	2	1	Sulfitobacter
OMDBv2.0_AA_G_NR100_000036325101	2	2	2	JAACFB01
OMDBv2.0_AA_G_NR100_000142556280	2	1	1	Notoacmeibacter
OMDBv2.0_AA_G_NR100_000167488739	2	1	1	JAPPOI01
OMDBv2.0_AA_G_NR100_000053785264	2	2	1	JAHEKE01
OMDBv2.0_AA_G_NR100_000149066232	2	1	1	Desulfobotulus
OMDBv2.0_AA_G_NR100_000040340644	2	2	1	Rubrivivax
OMDBv2.0_AA_G_NR100_000054155773	2	2	1	Parvularcula
OMDBv2.0_AA_G_NR100_000229490925	2	1	1	Novosphingobium
OMDBv2.0_AA_G_NR100_000153604308	2	2	1	Albidovulum
OMDBv2.0_AA_G_NR100_000180390540	2	1	1	Magnetovibrio
OMDBv2.0_AA_G_NR100_000011778968	2	1	1	Unknown JAGOMX01
OMDBv2.0_AA_G_NR100_000147398708	2	1	1	Legionella_A
OMDBv2.0_AA_G_NR100_000244815479	2	1	1	JAGXFR01
OMDBv2.0_AA_G_NR100_000227997208	2	1	1	Unknown Francisellaceae
OMDBv2.0_AA_G_NR100_000145897688	2	1	1	Chromobacterium
OMDBv2.0_AA_G_NR100_000167162645	2	1	1	Unknown Kiloniellales
OMDBv2.0_AA_G_NR100_000138655248	2	1	1	Plesiomonas
OMDBv2.0_AA_G_NR100_000142406201	2	1	2	Planktotalea
OMDBv2.0_AA_G_NR100_000197899967	2	2	1	NAT127
OMDBv2.0_AA_G_NR100_000203206757	2	1	1	JAUIAI01
OMDBv2.0_AA_G_NR100_000139552860	2	1	1	Rubrobacter
OMDBv2.0_AA_G_NR100_000183539532	2	1	1	GCA-2690645
OMDBv2.0_AA_G_NR100_000129479169	2	2	1	JAPORI01
OMDBv2.0_AA_G_NR100_000229323954	2	1	1	CAKZSF01
OMDBv2.0_AA_G_NR100_000150989567	2	1	1	Methylocapsa
OMDBv2.0_AA_G_NR100_000159636281	2	1	1	28-YEA-48
OMDBv2.0_AA_G_NR100_000138658249	2	1	1	Cupriavidus
OMDBv2.0_AA_G_NR100_000170102371	2	1	1	J134
OMDBv2.0_AA_G_NR100_000212201229	2	1	1	JBCBSP01
OMDBv2.0_AA_G_NR100_000033312480	2	2	1	JAHELU01
OMDBv2.0_AA_G_NR100_000146542443	2	2	1	Aurantiacibacter_A
OMDBv2.0_AA_G_NR100_000175125764	2	2	2	CAIWHR01
OMDBv2.0_AA_G_NR100_000141992860	2	1	1	Acuticoccus
OMDBv2.0_AA_G_NR100_000142339383	2	2	1	JBBKWG01
OMDBv2.0_AA_G_NR100_000038630891	2	1	1	CAMDHY01
OMDBv2.0_AA_G_NR100_000053824232	2	1	1	JANQOC01
OMDBv2.0_AA_G_NR100_000200340132	2	1	1	JACKII01
OMDBv2.0_AA_G_NR100_000210431670	2	1	1	Unknown UXAT02
OMDBv2.0_AA_G_NR100_000245350896	2	2	1	JAEUMD01
OMDBv2.0_AA_G_NR100_000054184618	2	1	1	Unknown CAMYJA01
OMDBv2.0_AA_G_NR100_000035332163	2	2	1	Novosphingobium
OMDBv2.0_AA_G_NR100_000173576342	2	2	1	Henriciella
OMDBv2.0_AA_G_NR100_000151238627	2	2	1	Yoonia
OMDBv2.0_AA_G_NR100_000176468786	2	2	1	Pelagerythrobacter
OMDBv2.0_AA_G_NR100_000151975889	2	1	1	Legionella
OMDBv2.0_AA_G_NR100_000245700337	2	1	1	Hyphococcus
OMDBv2.0_AA_G_NR100_000010290959	2	2	1	JAAEUE01
OMDBv2.0_AA_G_NR100_000143335453	2	2	1	Thiodictyon
OMDBv2.0_AA_G_NR100_000142041139	2	1	1	Aquidulcibacter
OMDBv2.0_AA_G_NR100_000105013129	2	2	1	Oceanospirillum
OMDBv2.0_AA_G_NR100_000211384832	2	2	1	Henriciella
OMDBv2.0_AA_G_NR100_000228278114	2	1	1	UBA2510
OMDBv2.0_AA_G_NR100_000151222985	2	1	1	Rubrobacter_F
OMDBv2.0_AA_G_NR100_000184925074	2	2	1	Coralliovum
OMDBv2.0_AA_G_NR100_000218506005	2	1	1	Hyphococcus
OMDBv2.0_AA_G_NR100_000146357534	2	2	1	Paroceanicella
OMDBv2.0_AA_G_NR100_000234273554	2	1	1	Unknown JBCCNR01
OMDBv2.0_AA_G_NR100_000139525253	2	1	1	Rhodomicrobium
OMDBv2.0_AA_G_NR100_000147548785	2	1	1	Paenirhodobacter
OMDBv2.0_AA_G_NR100_000159477228	2	1	1	SYIM01
OMDBv2.0_AA_G_NR100_000039209878	2	1	1	Vitreimonas
OMDBv2.0_AA_G_NR100_000023065021	2	1	1	Pseudopontixanthobacter
OMDBv2.0_AA_G_NR100_000185704868	2	2	1	GCA-2687515
OMDBv2.0_AA_G_NR100_000137897410	2	2	2	Rhodoplanes
OMDBv2.0_AA_G_NR100_000197080181	2	2	1	Xanthobacter
OMDBv2.0_AA_G_NR100_000038269001	2	1	1	JACKKV01
OMDBv2.0_AA_G_NR100_000082064202	2	1	1	Unknown Hyphomonadaceae
OMDBv2.0_AA_G_NR100_000229743914	2	2	1	Qipengyuania
OMDBv2.0_AA_G_NR100_000204033698	2	1	1	Aquabacterium
OMDBv2.0_AA_G_NR100_000008089662	2	1	1	SG8-39
OMDBv2.0_AA_G_NR100_000054162392	2	1	1	UBA5336
OMDBv2.0_AA_G_NR100_000054104151	2	1	1	UBA5336
OMDBv2.0_AA_G_NR100_000191559732	2	1	1	Venatoribacter
OMDBv2.0_AA_G_NR100_000140505862	2	1	1	Sedimenticola
OMDBv2.0_AA_G_NR100_000033452988	2	1	1	Hyphococcus
OMDBv2.0_AA_G_NR100_000227560308	2	1	1	Parvularcula
OMDBv2.0_AA_G_NR100_000145794198	2	1	1	Paramagnetospirillum
OMDBv2.0_AA_G_NR100_000171936886	2	2	1	Leucothrix
OMDBv2.0_AA_G_NR100_000190617733	2	1	1	GCA-2722315
OMDBv2.0_AA_G_NR100_000035592278	2	1	1	UBA7957
OMDBv2.0_AA_G_NR100_000067773801	2	1	1	JALSRD01
OMDBv2.0_AA_G_NR100_000149065018	2	1	1	Desulfobotulus
OMDBv2.0_AA_G_NR100_000237928180	2	1	1	CATLTV01
OMDBv2.0_AA_G_NR100_000020479171	2	1	1	Bradyrhizobium
OMDBv2.0_AA_G_NR100_000147830184	2	1	1	Iodobacter
OMDBv2.0_AA_G_NR100_000140570189	2	2	1	Marinobacter
OMDBv2.0_AA_G_NR100_000167379987	2	1	1	JBFHNV01
OMDBv2.0_AA_G_NR100_000043600998	2	2	1	Unknown JAAEPA01
OMDBv2.0_AA_G_NR100_000149064327	2	1	1	Desulfobotulus
OMDBv2.0_AA_G_NR100_000079852921	2	1	1	28-YEA-48
OMDBv2.0_AA_G_NR100_000043946240	2	2	2	JABDQA01
OMDBv2.0_AA_G_NR100_000160302107	2	2	1	Hyphococcus
OMDBv2.0_AA_G_NR100_000041776507	2	2	1	Desulfobacter
OMDBv2.0_AA_G_NR100_000087606538	2	1	1	DAOWNP01
OMDBv2.0_AA_G_NR100_000041160995	2	1	1	Unknown JAKSDN01
OMDBv2.0_AA_G_NR100_000041445525	2	1	1	JAHJTV01
OMDBv2.0_AA_G_NR100_000044124443	2	2	1	JAFDCJ01
OMDBv2.0_AA_G_NR100_000213157561	2	1	1	Unknown Thalassospiraceae
OMDBv2.0_AA_G_NR100_000145683579	2	2	1	Acuticoccus
OMDBv2.0_AA_G_NR100_000139639938	2	2	1	Xanthobacter
OMDBv2.0_AA_G_NR100_000242878944	2	2	1	GCA-001735895
OMDBv2.0_AA_G_NR100_000148326643	2	1	1	Crenalkalicoccus
OMDBv2.0_AA_G_NR100_000197083120	2	2	1	L1I39
OMDBv2.0_AA_G_NR100_000229751979	2	1	1	Granulosicoccus
OMDBv2.0_AA_G_NR100_000236637775	2	1	1	Roseitalea
OMDBv2.0_AA_G_NR100_000016043135	2	2	1	Methylobacterium
OMDBv2.0_AA_G_NR100_000053783084	2	1	1	JAHEKE01
OMDBv2.0_AA_G_NR100_000146105356	2	1	1	Crenobacter
OMDBv2.0_AA_G_NR100_000054516423	2	1	1	Tectiglobus
OMDBv2.0_AA_G_NR100_000218499973	2	2	1	Unknown VGDZ01
OMDBv2.0_AA_G_NR100_000182395036	2	1	1	Telluria
OMDBv2.0_AA_G_NR100_000144283189	2	1	1	Pseudomonas_E
OMDBv2.0_AA_G_NR100_000054515138	2	1	1	Tectiglobus
OMDBv2.0_AA_G_NR100_000190812143	2	1	1	Roseovarius
OMDBv2.0_AA_G_NR100_000150325639	2	2	1	Uabimicrobium
OMDBv2.0_AA_G_NR100_000103792340	2	2	1	Malikia
OMDBv2.0_AA_G_NR100_000150519678	2	2	1	Azonexus
OMDBv2.0_AA_G_NR100_000054065692	2	1	1	JAJFGK01
OMDBv2.0_AA_G_NR100_000140857826	2	2	1	Paucibacter_A
OMDBv2.0_AA_G_NR100_000139557642	2	1	1	Pseudomonas_E
OMDBv2.0_AA_G_NR100_000152098276	2	1	1	Telluria
OMDBv2.0_AA_G_NR100_000142316397	2	2	1	Roseateles
OMDBv2.0_AA_G_NR100_000145045648	2	2	1	Algicoccus
OMDBv2.0_AA_G_NR100_000167385267	1	1	1	Thiosocius
OMDBv2.0_AA_G_NR100_000137757896	1	1	1	Helicobacter
OMDBv2.0_AA_G_NR100_000229846797	1	1	1	Jannaschia
OMDBv2.0_AA_G_NR100_000062349217	1	1	1	Pseudomonas_E
OMDBv2.0_AA_G_NR100_000082135793	1	1	1	CANLBN01
OMDBv2.0_AA_G_NR100_000169733589	1	1	1	Novilysobacter
OMDBv2.0_AA_G_NR100_000015170040	1	1	1	UBA4582
OMDBv2.0_AA_G_NR100_000048114734	1	1	1	JAHRVQ01
OMDBv2.0_AA_G_NR100_000170235278	1	1	1	CALZIL01
OMDBv2.0_AA_G_NR100_000037287747	1	1	1	Sulfitobacter
OMDBv2.0_AA_G_NR100_000056851436	1	1	1	JAABYT01
OMDBv2.0_AA_G_NR100_000175220428	1	1	1	Halioxenophilus
OMDBv2.0_AA_G_NR100_000163352480	1	1	1	Pontivivens
OMDBv2.0_AA_G_NR100_000034346177	1	1	1	CALLCD01
OMDBv2.0_AA_G_NR100_000043587350	1	1	1	JAHELT01
OMDBv2.0_AA_G_NR100_000145297410	1	1	1	Pseudoroseomonas
OMDBv2.0_AA_G_NR100_000167495052	1	1	1	Unknown UBA11574
OMDBv2.0_AA_G_NR100_000191626926	1	1	1	Marinobacter_A
OMDBv2.0_AA_G_NR100_000005019524	1	1	1	CALJDF01
OMDBv2.0_AA_G_NR100_000022033438	1	1	1	Sphingomonas
OMDBv2.0_AA_G_NR100_000235822294	1	1	1	UBA8079
OMDBv2.0_AA_G_NR100_000244631629	1	1	1	JARFQH01
OMDBv2.0_AA_G_NR100_000039618917	1	1	1	CAISIP01
OMDBv2.0_AA_G_NR100_000158494680	1	1	1	Nocardioides
OMDBv2.0_AA_G_NR100_000012011378	1	1	1	Unknown Methyloligellaceae
OMDBv2.0_AA_G_NR100_000041269709	1	1	1	JANQLT01
OMDBv2.0_AA_G_NR100_000041560745	1	1	1	Alcanivorax
OMDBv2.0_AA_G_NR100_000189545500	1	1	1	Bosea
OMDBv2.0_AA_G_NR100_000248097345	1	1	1	DRGT01
OMDBv2.0_AA_G_NR100_000004011970	1	1	1	Roseicyclus
OMDBv2.0_AA_G_NR100_000166453254	1	1	1	Unknown Kiloniellaceae
OMDBv2.0_AA_G_NR100_000238434995	1	1	1	Unknown UBA3002
OMDBv2.0_AA_G_NR100_000188811236	1	1	1	Hyphomonas
OMDBv2.0_AA_G_NR100_000039184136	1	1	1	Nocardioides
OMDBv2.0_AA_G_NR100_000011711938	1	1	1	JAABYT01
OMDBv2.0_AA_G_NR100_000037975051	1	1	1	UBA868
OMDBv2.0_AA_G_NR100_000236661854	1	1	1	Lentilitoribacter
OMDBv2.0_AA_G_NR100_000246058323	1	1	1	Roseibium
OMDBv2.0_AA_G_NR100_000001407809	1	1	1	CALGTJ01
OMDBv2.0_AA_G_NR100_000054913996	1	1	1	Sulfitobacter
OMDBv2.0_AA_G_NR100_000173464463	1	1	1	Vreelandella
OMDBv2.0_AA_G_NR100_000234157499	1	1	1	NORP139
OMDBv2.0_AA_G_NR100_000166931620	1	1	1	Marimicrobium
OMDBv2.0_AA_G_NR100_000246269177	1	1	1	Comamonas
OMDBv2.0_AA_G_NR100_000005000049	1	1	1	Rhizomicrobium
OMDBv2.0_AA_G_NR100_000071427312	1	1	1	GCA-001735895
OMDBv2.0_AA_G_NR100_000213328083	1	1	1	Unknown Thalassospiraceae
OMDBv2.0_AA_G_NR100_000039838878	1	1	1	Parvibaculum
OMDBv2.0_AA_G_NR100_000167381043	1	1	1	JBFHNV01
OMDBv2.0_AA_G_NR100_000033192718	1	1	1	CALFVT01
OMDBv2.0_AA_G_NR100_000058760027	1	1	1	UBA5972
OMDBv2.0_AA_G_NR100_000233507537	1	1	1	Shimia_B
OMDBv2.0_AA_G_NR100_000070620043	1	1	1	Thalassospira
OMDBv2.0_AA_G_NR100_000174548451	1	1	1	Salipiger
OMDBv2.0_AA_G_NR100_000228184624	1	1	1	JAIVHI01
OMDBv2.0_AA_G_NR100_000003908984	1	1	1	Roseicyclus
OMDBv2.0_AA_G_NR100_000024191148	1	1	1	HIMB11
OMDBv2.0_AA_G_NR100_000225164417	1	1	1	Pseudooceanicola
OMDBv2.0_AA_G_NR100_000237244003	1	1	1	Salipiger
OMDBv2.0_AA_G_NR100_000122101430	1	1	1	JAJEEA01
OMDBv2.0_AA_G_NR100_000220525274	1	1	1	Alcanivorax
OMDBv2.0_AA_G_NR100_000003248907	1	1	1	Unknown CAIXZC01
OMDBv2.0_AA_G_NR100_000084523843	1	1	1	Sphingomonas
OMDBv2.0_AA_G_NR100_000245245747	1	1	1	Amylibacter
OMDBv2.0_AA_G_NR100_000202943979	1	1	1	GCA-2746425
OMDBv2.0_AA_G_NR100_000203423997	1	1	1	JACKII01
OMDBv2.0_AA_G_NR100_000027748153	1	1	1	JBBKWU01
OMDBv2.0_AA_G_NR100_000195209149	1	1	1	Salipiger
OMDBv2.0_AA_G_NR100_000151292880	1	1	1	Telluria
OMDBv2.0_AA_G_NR100_000167267172	1	1	1	QNFN01
OMDBv2.0_AA_G_NR100_000010853254	1	1	1	VGSG01
OMDBv2.0_AA_G_NR100_000058593514	1	1	1	JAPYTK01
OMDBv2.0_AA_G_NR100_000140095183	1	1	1	Rhodococcus
OMDBv2.0_AA_G_NR100_000185863263	1	1	1	Amorphus
OMDBv2.0_AA_G_NR100_000041170601	1	1	1	Unknown SM23-30
OMDBv2.0_AA_G_NR100_000173129693	1	1	1	BuS5
OMDBv2.0_AA_G_NR100_000236212559	1	1	1	Halococcus
OMDBv2.0_AA_G_NR100_000062873346	1	1	1	EC70
OMDBv2.0_AA_G_NR100_000172092477	1	1	1	UBA11865
OMDBv2.0_AA_G_NR100_000179035028	1	1	1	Unknown CAIXZC01
OMDBv2.0_AA_G_NR100_000172139493	1	1	1	Unknown Desulfothermaceae
OMDBv2.0_AA_G_NR100_000040263958	1	1	1	Castellaniella
OMDBv2.0_AA_G_NR100_000114067216	1	1	1	Salipiger
OMDBv2.0_AA_G_NR100_000146869432	1	1	1	Methylocystis
OMDBv2.0_AA_G_NR100_000073309701	1	1	1	JAJEFO01
OMDBv2.0_AA_G_NR100_000245553949	1	1	1	Henriciella
OMDBv2.0_AA_G_NR100_000201520851	1	1	1	NORP324
OMDBv2.0_AA_G_NR100_000201532425	1	1	1	Henriciella
OMDBv2.0_AA_G_NR100_000167385266	1	1	1	Thiosocius
OMDBv2.0_AA_G_NR100_000175489537	1	1	1	Unknown Ga0077536
OMDBv2.0_AA_G_NR100_000007982474	1	1	1	JAFDBW01
OMDBv2.0_AA_G_NR100_000009320416	1	1	1	DATCZB01
OMDBv2.0_AA_G_NR100_000023035472	1	1	1	Pacificimonas
OMDBv2.0_AA_G_NR100_000165451755	1	1	1	Roseovarius
OMDBv2.0_AA_G_NR100_000169971937	1	1	1	Sandarakinorhabdus
OMDBv2.0_AA_G_NR100_000244767499	1	1	1	CAIWHR01
OMDBv2.0_AA_G_NR100_000008608514	1	1	1	Desulfosarcina
OMDBv2.0_AA_G_NR100_000058856849	1	1	1	UBA2968
OMDBv2.0_AA_G_NR100_000044323353	1	1	1	JAFDCJ01
OMDBv2.0_AA_G_NR100_000103733792	1	1	1	UBA954
OMDBv2.0_AA_G_NR100_000198582026	1	1	1	Croceicoccus
OMDBv2.0_AA_G_NR100_000245477210	1	1	1	Henriciella
OMDBv2.0_AA_G_NR100_000062694794	1	1	1	Albibacillus
OMDBv2.0_AA_G_NR100_000204005336	1	1	1	DYIB01
OMDBv2.0_AA_G_NR100_000161698789	1	1	1	Alcanivorax
OMDBv2.0_AA_G_NR100_000202655055	1	1	1	Hoeflea_A
OMDBv2.0_AA_G_NR100_000152947629	1	1	1	Sphingobium
OMDBv2.0_AA_G_NR100_000039272121	1	1	1	MarineAlpha4-Bin1
OMDBv2.0_AA_G_NR100_000069107967	1	1	1	UBA2774
OMDBv2.0_AA_G_NR100_000043637957	1	1	1	JBCBKU01
OMDBv2.0_AA_G_NR100_000062694793	1	1	1	Albibacillus
OMDBv2.0_AA_G_NR100_000126379686	1	1	1	VMCJ01
OMDBv2.0_AA_G_NR100_000043995574	1	1	1	Unknown JABDKV01
OMDBv2.0_AA_G_NR100_000137876858	1	1	1	Marinobacter
OMDBv2.0_AA_G_NR100_000184925577	1	1	1	Amorphus
OMDBv2.0_AA_G_NR100_000244558016	1	1	1	Unknown Eutrophobiaceae
OMDBv2.0_AA_G_NR100_000022252462	1	1	1	JABMNR01
OMDBv2.0_AA_G_NR100_000005154758	1	1	1	Aquella
OMDBv2.0_AA_G_NR100_000113728448	1	1	1	Algiphilus
OMDBv2.0_AA_G_NR100_000136515376	1	1	1	Rhodospirillum_A
OMDBv2.0_AA_G_NR100_000137712144	1	1	1	Novosphingobium
OMDBv2.0_AA_G_NR100_000145431560	1	1	1	Leucothrix
OMDBv2.0_AA_G_NR100_000146455659	1	1	1	Aggregatilinea
OMDBv2.0_AA_G_NR100_000146615467	1	1	1	Nocardioides
OMDBv2.0_AA_G_NR100_000150680924	1	1	1	Sphingomonas_G
OMDBv2.0_AA_G_NR100_000177068306	1	1	1	JACQWT01
OMDBv2.0_AA_G_NR100_000178643667	1	1	1	Unknown UBA9042
OMDBv2.0_AA_G_NR100_000185606841	1	1	1	JASLQO01
OMDBv2.0_AA_G_NR100_000099071166	1	1	1	JAYYZW01
OMDBv2.0_AA_G_NR100_000010553224	1	1	1	JACVQI01
OMDBv2.0_AA_G_NR100_000244396775	1	1	1	CAJQQK01
OMDBv2.0_AA_G_NR100_000151504373	1	1	1	Sphingopyxis
OMDBv2.0_AA_G_NR100_000175489352	1	1	1	Unknown Ga0077536
OMDBv2.0_AA_G_NR100_000198803279	1	1	1	Aeromicrobium
OMDBv2.0_AA_G_NR100_000140541918	1	1	1	Kiloniella
OMDBv2.0_AA_G_NR100_000140696662	1	1	1	Niveispirillum
OMDBv2.0_AA_G_NR100_000183129829	1	1	1	Tectiglobus
OMDBv2.0_AA_G_NR100_000216367052	1	1	1	Unknown GCA-2696645
OMDBv2.0_AA_G_NR100_000229525245	1	1	1	Yoonia
OMDBv2.0_AA_G_NR100_000102812964	1	1	1	Desulfomarina
OMDBv2.0_AA_G_NR100_000232126372	1	1	1	Unknown JBAWWF01
OMDBv2.0_AA_G_NR100_000245277705	1	1	1	Pseudohalocynthiibacter
OMDBv2.0_AA_G_NR100_000148126528	1	1	1	Palleronia
OMDBv2.0_AA_G_NR100_000024990314	1	1	1	Ferrovibrio
OMDBv2.0_AA_G_NR100_000152716056	1	1	1	Natranaeroarchaeum
OMDBv2.0_AA_G_NR100_000058571222	1	1	1	Unknown JAPYRI01
OMDBv2.0_AA_G_NR100_000069147991	1	1	1	Unknown Parvularculaceae
OMDBv2.0_AA_G_NR100_000154133520	1	1	1	Denitrobaculum
OMDBv2.0_AA_G_NR100_000175542823	1	1	1	HXMU1428-3
OMDBv2.0_AA_G_NR100_000221142363	1	1	1	Pacificispira
OMDBv2.0_AA_G_NR100_000230538282	1	1	1	Pacificispira
OMDBv2.0_AA_G_NR100_000043767367	1	1	1	Unknown JAFDDA01
OMDBv2.0_AA_G_NR100_000165966084	1	1	1	Unknown Hyphomonadaceae
OMDBv2.0_AA_G_NR100_000179224909	1	1	1	Unknown Pseudomonadales
OMDBv2.0_AA_G_NR100_000104082516	1	1	1	Unknown Pseudomonadaceae
OMDBv2.0_AA_G_NR100_000195991465	1	1	1	UBA9042
OMDBv2.0_AA_G_NR100_000008885837	1	1	1	Unknown SZUA-229
OMDBv2.0_AA_G_NR100_000081699840	1	1	1	Nevskia
OMDBv2.0_AA_G_NR100_000214021277	1	1	1	UBA2705
OMDBv2.0_AA_G_NR100_000163055430	1	1	1	Terasakiella
OMDBv2.0_AA_G_NR100_000167292907	1	1	1	JBBKWG01
OMDBv2.0_AA_G_NR100_000216303662	1	1	1	Unknown GCA-2696645
OMDBv2.0_AA_G_NR100_000239599642	1	1	1	JAACFE01
OMDBv2.0_AA_G_NR100_000054336792	1	1	1	VYFG01
OMDBv2.0_AA_G_NR100_000082093086	1	1	1	Unknown JALZUV01
OMDBv2.0_AA_G_NR100_000195126242	1	1	1	GCA-2716585
OMDBv2.0_AA_G_NR100_000148559772	1	1	1	Alteraurantiacibacter
OMDBv2.0_AA_G_NR100_000043769237	1	1	1	JARRKU01
OMDBv2.0_AA_G_NR100_000194108292	1	1	1	UBA6544
OMDBv2.0_AA_G_NR100_000230817241	1	1	1	Unknown CAJQPC01
OMDBv2.0_AA_G_NR100_000148752143	1	1	1	Sphingomonas
OMDBv2.0_AA_G_NR100_000043715885	1	1	1	Unknown HK1
OMDBv2.0_AA_G_NR100_000200708928	1	1	1	UBA9926
OMDBv2.0_AA_G_NR100_000236838383	1	1	1	Sneathiella
OMDBv2.0_AA_G_NR100_000053799420	1	1	1	JAJEFO01
OMDBv2.0_AA_G_NR100_000117883595	1	1	1	CATQGW01
OMDBv2.0_AA_G_NR100_000145192217	1	1	1	Roseovarius
OMDBv2.0_AA_G_NR100_000145405137	1	1	1	Sediminicurvatus
OMDBv2.0_AA_G_NR100_000170443480	1	1	1	Nitrosomaritimum
OMDBv2.0_AA_G_NR100_000180989816	1	1	1	DATIRA01
OMDBv2.0_AA_G_NR100_000083810911	1	1	1	UBA830
OMDBv2.0_AA_G_NR100_000161582778	1	1	1	Pseudomaricurvus
OMDBv2.0_AA_G_NR100_000197883925	1	1	1	UBA7957
OMDBv2.0_AA_G_NR100_000233686063	1	1	1	Oceanicoccus
OMDBv2.0_AA_G_NR100_000060044696	1	1	1	JASLLV01
OMDBv2.0_AA_G_NR100_000202364826	1	1	1	CAXBJY01
OMDBv2.0_AA_G_NR100_000148577811	1	1	1	Halorientalis
OMDBv2.0_AA_G_NR100_000219104720	1	1	1	Unknown LLD-282
OMDBv2.0_AA_G_NR100_000041170600	1	1	1	Unknown SM23-30
OMDBv2.0_AA_G_NR100_000242624931	1	1	1	Limnohabitans_A
OMDBv2.0_AA_G_NR100_000044907087	1	1	1	UBA7887
OMDBv2.0_AA_G_NR100_000107461257	1	1	1	Unknown Planctomycetaceae
OMDBv2.0_AA_G_NR100_000160311745	1	1	1	Unknown JALZUV01
OMDBv2.0_AA_G_NR100_000007774940	1	1	1	JAFCEO01
OMDBv2.0_AA_G_NR100_000175527226	1	1	1	Unknown Bdellovibrionales
OMDBv2.0_AA_G_NR100_000148739328	1	1	1	Caulobacter
OMDBv2.0_AA_G_NR100_000192559549	1	1	1	Qipengyuania
OMDBv2.0_AA_G_NR100_000088055865	1	1	1	Unknown UBA7887
OMDBv2.0_AA_G_NR100_000140510637	1	1	1	Croceibacterium
OMDBv2.0_AA_G_NR100_000024959524	1	1	1	JAEZQR01
OMDBv2.0_AA_G_NR100_000159735273	1	1	1	CAIYZJ01
OMDBv2.0_AA_G_NR100_000033999225	1	1	1	JABSSA01
OMDBv2.0_AA_G_NR100_000174710787	1	1	1	Nemorincola
OMDBv2.0_AA_G_NR100_000169497373	1	1	1	Novilysobacter
OMDBv2.0_AA_G_NR100_000032877041	1	1	1	Unknown Planctomycetaceae
OMDBv2.0_AA_G_NR100_000146195863	1	1	1	AK92
OMDBv2.0_AA_G_NR100_000202271762	1	1	1	Sphingobium
OMDBv2.0_AA_G_NR100_000113260781	1	1	1	Octadecabacter
OMDBv2.0_AA_G_NR100_000236838382	1	1	1	Sneathiella
OMDBv2.0_AA_G_NR100_000002658989	1	1	1	Unknown CAJQPC01
OMDBv2.0_AA_G_NR100_000139674506	1	1	1	Bacillus_P
OMDBv2.0_AA_G_NR100_000217391653	1	1	1	Unknown SG8-38
OMDBv2.0_AA_G_NR100_000038609743	1	1	1	EhC02
OMDBv2.0_AA_G_NR100_000163235041	1	1	1	JAFIFT01
OMDBv2.0_AA_G_NR100_000191991821	1	1	1	GCA-2683825
OMDBv2.0_AA_G_NR100_000228486197	1	1	1	Tectiglobus
OMDBv2.0_AA_G_NR100_000151230131	1	1	1	Rubrobacter_F
OMDBv2.0_AA_G_NR100_000228232030	1	1	1	JACKIP01
OMDBv2.0_AA_G_NR100_000058214501	1	1	1	JAAESX01
OMDBv2.0_AA_G_NR100_000218417001	1	1	1	Unknown Midichloriaceae
OMDBv2.0_AA_G_NR100_000047046716	1	1	1	Octadecabacter
OMDBv2.0_AA_G_NR100_000069327192	1	1	1	Unknown UBA796
OMDBv2.0_AA_G_NR100_000162863457	1	1	1	JAUHYN01
OMDBv2.0_AA_G_NR100_000174378777	1	1	1	Unknown JAUXUR01
OMDBv2.0_AA_G_NR100_000199492184	1	1	1	Parvibaculum
OMDBv2.0_AA_G_NR100_000030684146	1	1	1	Pacificimonas
OMDBv2.0_AA_G_NR100_000058210079	1	1	1	JAAESX01
OMDBv2.0_AA_G_NR100_000040262870	1	1	1	Castellaniella
OMDBv2.0_AA_G_NR100_000051773419	1	1	1	JAHZLG01
OMDBv2.0_AA_G_NR100_000114168400	1	1	1	Hyphomonas
OMDBv2.0_AA_G_NR100_000145596328	1	1	1	Alteribacter
OMDBv2.0_AA_G_NR100_000177024752	1	1	1	JAAESI01
OMDBv2.0_AA_G_NR100_000106056327	1	1	1	G963555825
OMDBv2.0_AA_G_NR100_000219599905	1	1	1	Unknown CAJQKF01
OMDBv2.0_AA_G_NR100_000040948867	1	1	1	Allorhizobium
OMDBv2.0_AA_G_NR100_000189705923	1	1	1	Leisingera
OMDBv2.0_AA_G_NR100_000058432461	1	1	1	JAAESI01
OMDBv2.0_AA_G_NR100_000167408735	1	1	1	Unknown Halieaceae
OMDBv2.0_AA_G_NR100_000048978772	1	1	1	Ascidiaceihabitans
OMDBv2.0_AA_G_NR100_000163304947	1	1	1	Unknown UBA1532
OMDBv2.0_AA_G_NR100_000043714967	1	1	1	Unknown HK1
OMDBv2.0_AA_G_NR100_000149310926	1	1	1	Persicimonas
OMDBv2.0_AA_G_NR100_000176991414	1	1	1	Unknown JAVEVO01
OMDBv2.0_AA_G_NR100_000185928156	1	1	1	Neopusillimonas
OMDBv2.0_AA_G_NR100_000069009521	1	1	1	JAJRTE01
OMDBv2.0_AA_G_NR100_000140510713	1	1	1	Croceibacterium
OMDBv2.0_AA_G_NR100_000200619440	1	1	1	Sulfitobacter
OMDBv2.0_AA_G_NR100_000003106644	1	1	1	JACKDN01
OMDBv2.0_AA_G_NR100_000139670525	1	1	1	Bacillus_P
OMDBv2.0_AA_G_NR100_000142345646	1	1	1	Pacificimonas
OMDBv2.0_AA_G_NR100_000039571202	1	1	1	CALBMM01
OMDBv2.0_AA_G_NR100_000136817604	1	1	1	Ferroglobus
OMDBv2.0_AA_G_NR100_000195184296	1	1	1	REDI01
OMDBv2.0_AA_G_NR100_000140692046	1	1	1	Sandarakinorhabdus
OMDBv2.0_AA_G_NR100_000173937639	1	1	1	Unknown JABCZS01
OMDBv2.0_AA_G_NR100_000002658289	1	1	1	Unknown CAJQPC01
OMDBv2.0_AA_G_NR100_000038359356	1	1	1	CANJQJ01
OMDBv2.0_AA_G_NR100_000051102397	1	1	1	CAKMZR01
OMDBv2.0_AA_G_NR100_000059654456	1	1	1	GCA-2686265
OMDBv2.0_AA_G_NR100_000082306444	1	1	1	Unknown REDH01
OMDBv2.0_AA_G_NR100_000152215277	1	1	1	Sphingomicrobium
OMDBv2.0_AA_G_NR100_000103478252	1	1	1	JALHMQ01
OMDBv2.0_AA_G_NR100_000104935732	1	1	1	Unknown UBA830
OMDBv2.0_AA_G_NR100_000152198382	1	1	1	Sphingomicrobium
OMDBv2.0_AA_G_NR100_000062805527	1	1	1	Sphingomonas
OMDBv2.0_AA_G_NR100_000131440635	1	1	1	Sphingomonas_E
OMDBv2.0_AA_G_NR100_000151474001	1	1	1	Sphingomonas
OMDBv2.0_AA_G_NR100_000177627764	1	1	1	Allosphingosinicella
OMDBv2.0_AA_G_NR100_000225014858	1	1	1	CAJXRW01
OMDBv2.0_AA_G_NR100_000142856748	1	1	1	Sphingobium
OMDBv2.0_AA_G_NR100_000162366291	1	1	1	Unknown Sandaracinaceae
OMDBv2.0_AA_G_NR100_000170008413	1	1	1	Unknown WLXD01
OMDBv2.0_AA_G_NR100_000117604314	1	1	1	JANQOH01
OMDBv2.0_AA_G_NR100_000127926477	1	1	1	Unknown Legionellaceae
OMDBv2.0_AA_G_NR100_000137313320	1	1	1	Sutcliffiella_A
OMDBv2.0_AA_G_NR100_000150473306	1	1	1	Sutcliffiella_A
OMDBv2.0_AA_G_NR100_000171880222	1	1	1	Bradyrhizobium
OMDBv2.0_AA_G_NR100_000196393176	1	1	1	Unknown UBA1532
OMDBv2.0_AA_G_NR100_000226682097	1	1	1	UBA1565
OMDBv2.0_AA_G_NR100_000001364602	1	1	1	JBCCVT01
OMDBv2.0_AA_G_NR100_000018538007	1	1	1	JABSSF01
OMDBv2.0_AA_G_NR100_000232168173	1	1	1	Unknown JBCCZV01
OMDBv2.0_AA_G_NR100_000228133088	1	1	1	Unknown JAUHZG01
OMDBv2.0_AA_G_NR100_000022302719	1	1	1	Unknown Cyclobacteriaceae
OMDBv2.0_AA_G_NR100_000192687935	1	1	1	Unknown JARGOJ01
OMDBv2.0_AA_G_NR100_000195185137	1	1	1	REDI01
OMDBv2.0_AA_G_NR100_000246781863	1	1	1	Miltoncostaea
OMDBv2.0_AA_G_NR100_000002707904	1	1	1	JAACDH01
OMDBv2.0_AA_G_NR100_000034230627	1	1	1	UBA1672
OMDBv2.0_AA_G_NR100_000178479898	1	1	1	Unknown UBA796
OMDBv2.0_AA_G_NR100_000178493928	1	1	1	Unknown UBA9042
OMDBv2.0_AA_G_NR100_000032246528	1	1	1	Niallia
OMDBv2.0_AA_G_NR100_000138168684	1	1	1	Spiribacter
OMDBv2.0_AA_G_NR100_000163425987	1	1	1	Unknown GCA-2862545
OMDBv2.0_AA_G_NR100_000176323036	1	1	1	JAYXVV01
OMDBv2.0_AA_G_NR100_000197233519	1	1	1	Unknown Bradymonadaceae
OMDBv2.0_AA_G_NR100_000035995432	1	1	1	CALCTH01
OMDBv2.0_AA_G_NR100_000066513666	1	1	1	Ralstonia
OMDBv2.0_AA_G_NR100_000138037117	1	1	1	Tatlockia
OMDBv2.0_AA_G_NR100_000151377098	1	1	1	Aquisalimonas
OMDBv2.0_AA_G_NR100_000149439571	1	1	1	Oleiliquidispirillum
OMDBv2.0_AA_G_NR100_000156322478	1	1	1	CAXRDE01
OMDBv2.0_AA_G_NR100_000171938804	1	1	1	Leucothrix
OMDBv2.0_AA_G_NR100_000174370762	1	1	1	Unknown SG8-38
OMDBv2.0_AA_G_NR100_000022144689	1	1	1	Unknown Nevskiaceae
OMDBv2.0_AA_G_NR100_000144092507	1	1	1	Salipaludibacillus
OMDBv2.0_AA_G_NR100_000159570196	1	1	1	Megaera
OMDBv2.0_AA_G_NR100_000178809987	1	1	1	JAAESI01
OMDBv2.0_AA_G_NR100_000237765114	1	1	1	UBA796
OMDBv2.0_AA_G_NR100_000158989128	1	1	1	JACKIP01
OMDBv2.0_AA_G_NR100_000226682100	1	1	1	UBA1565
OMDBv2.0_AA_G_NR100_000024686483	1	1	1	Brevundimonas
OMDBv2.0_AA_G_NR100_000043584512	1	1	1	JAHELT01
OMDBv2.0_AA_G_NR100_000053870968	1	1	1	JBFFHS01
OMDBv2.0_AA_G_NR100_000141377665	1	1	1	Rossellomorea
OMDBv2.0_AA_G_NR100_000170272198	1	1	1	Unknown JAKSDN01
OMDBv2.0_AA_G_NR100_000172093303	1	1	1	UBA11865
OMDBv2.0_AA_G_NR100_000176890909	1	1	1	Unknown DSWW01
OMDBv2.0_AA_G_NR100_000019068407	1	1	1	JABSSG01
OMDBv2.0_AA_G_NR100_000098251780	1	1	1	Unknown Alphaproteobacteria
OMDBv2.0_AA_G_NR100_000148655982	1	1	1	Robertmurraya
OMDBv2.0_AA_G_NR100_000151620875	1	1	1	Spirillospora
OMDBv2.0_AA_G_NR100_000153525735	1	1	1	Antarctobacter
OMDBv2.0_AA_G_NR100_000228229985	1	1	1	JACKIP01
OMDBv2.0_AA_G_NR100_000128345735	1	1	1	S012-90
OMDBv2.0_AA_G_NR100_000142864104	1	1	1	Nocardia
OMDBv2.0_AA_G_NR100_000147464212	1	1	1	Sphingobium
OMDBv2.0_AA_G_NR100_000151481731	1	1	1	Marinobacterium_E
OMDBv2.0_AA_G_NR100_000152899862	1	1	1	Serpentinicella
OMDBv2.0_AA_G_NR100_000159647645	1	1	1	28-YEA-48
OMDBv2.0_AA_G_NR100_000244940272	1	1	1	Unknown Cycloclasticaceae
OMDBv2.0_AA_G_NR100_000077309088	1	1	1	Marinobacterium_E
OMDBv2.0_AA_G_NR100_000098996426	1	1	1	CAVOEB01
OMDBv2.0_AA_G_NR100_000139577856	1	1	1	Methanoperedens
OMDBv2.0_AA_G_NR100_000145407133	1	1	1	Sediminicurvatus
OMDBv2.0_AA_G_NR100_000150585134	1	1	1	Spiribacter
OMDBv2.0_AA_G_NR100_000172160167	1	1	1	Unknown Nitrococcaceae
OMDBv2.0_AA_G_NR100_000238020182	1	1	1	Unknown UBA1532
OMDBv2.0_AA_G_NR100_000033698400	1	1	1	Litorimonas
OMDBv2.0_AA_G_NR100_000076924710	1	1	1	Unknown Francisellaceae
OMDBv2.0_AA_G_NR100_000136435729	1	1	1	Alkalilimnicola
OMDBv2.0_AA_G_NR100_000136477901	1	1	1	Halorhodospira
OMDBv2.0_AA_G_NR100_000141075705	1	1	1	Anoxybacillus_A
OMDBv2.0_AA_G_NR100_000142532245	1	1	1	Bacillus_I
OMDBv2.0_AA_G_NR100_000227605316	1	1	1	Unknown Pseudomonadales
OMDBv2.0_AA_G_NR100_000246086139	1	1	1	JALEGB01
OMDBv2.0_AA_G_NR100_000008970140	1	1	1	SYOC01
OMDBv2.0_AA_G_NR100_000035204834	1	1	1	Cycloclasticus
OMDBv2.0_AA_G_NR100_000053186080	1	1	1	Unknown UBA796
OMDBv2.0_AA_G_NR100_000148060422	1	1	1	Spirillospora
OMDBv2.0_AA_G_NR100_000157986943	1	1	1	Sphingomonas
OMDBv2.0_AA_G_NR100_000165461998	1	1	1	Pseudonocardia
OMDBv2.0_AA_G_NR100_000226335040	1	1	1	Cycloclasticus
OMDBv2.0_AA_G_NR100_000233732158	1	1	1	JAYXVV01
OMDBv2.0_AA_G_NR100_000057861444	1	1	1	Unknown UBA796
OMDBv2.0_AA_G_NR100_000096539084	1	1	1	JAKUPQ01
OMDBv2.0_AA_G_NR100_000153069548	1	1	1	Cytobacillus
OMDBv2.0_AA_G_NR100_000159441797	1	1	1	RGZZ01
OMDBv2.0_AA_G_NR100_000162861769	1	1	1	JAUHYN01
OMDBv2.0_AA_G_NR100_000189466453	1	1	1	CAXGMH01
OMDBv2.0_AA_G_NR100_000200259327	1	1	1	CAUZSH01
OMDBv2.0_AA_G_NR100_000226065786	1	1	1	Cycloclasticus
OMDBv2.0_AA_G_NR100_000226145556	1	1	1	Cycloclasticus
OMDBv2.0_AA_G_NR100_000227884172	1	1	1	JAMWZD01
OMDBv2.0_AA_G_NR100_000244602852	1	1	1	Lamprobacter
OMDBv2.0_AA_G_NR100_000054418284	1	1	1	Ketobacter
OMDBv2.0_AA_G_NR100_000058430320	1	1	1	JAAESI01
OMDBv2.0_AA_G_NR100_000146197308	1	1	1	AK92
OMDBv2.0_AA_G_NR100_000170950233	1	1	1	CAJQKF01
OMDBv2.0_AA_G_NR100_000178781740	1	1	1	Unknown JAVEVO01
OMDBv2.0_AA_G_NR100_000179046987	1	1	1	Unknown UBA1532
OMDBv2.0_AA_G_NR100_000182741203	1	1	1	CAJQKF01
OMDBv2.0_AA_G_NR100_000187606621	1	1	1	UBA4479
OMDBv2.0_AA_G_NR100_000198786625	1	1	1	Rickettsia
OMDBv2.0_AA_G_NR100_000010906665	1	1	1	Unknown JAHIVH01
OMDBv2.0_AA_G_NR100_000066680752	1	1	1	Unknown UBA9320
OMDBv2.0_AA_G_NR100_000137026738	1	1	1	Nitrococcus
OMDBv2.0_AA_G_NR100_000159442233	1	1	1	RGZZ01
OMDBv2.0_AA_G_NR100_000165356260	1	1	1	JAHEEO01
OMDBv2.0_AA_G_NR100_000210296611	1	1	1	Unknown SZUA-545
OMDBv2.0_AA_G_NR100_000004553842	1	1	1	SXNM01
OMDBv2.0_AA_G_NR100_000022989905	1	1	1	Bacillus_AZ
OMDBv2.0_AA_G_NR100_000040972532	1	1	1	Unknown SG8-38
OMDBv2.0_AA_G_NR100_000058539160	1	1	1	Unknown UBA796
OMDBv2.0_AA_G_NR100_000139823271	1	1	1	Prescottella
OMDBv2.0_AA_G_NR100_000150677247	1	1	1	Sphingomonas_G
OMDBv2.0_AA_G_NR100_000181157851	1	1	1	CAJQQK01
OMDBv2.0_AA_G_NR100_000199800005	1	1	1	UBA2316
OMDBv2.0_AA_G_NR100_000231743559	1	1	1	Pontibacterium
OMDBv2.0_AA_G_NR100_000237769429	1	1	1	JAAESI01
OMDBv2.0_AA_G_NR100_000246843866	1	1	1	Unknown JAVJVX01
OMDBv2.0_AA_G_NR100_000031937962	1	1	1	JAJDZL01
OMDBv2.0_AA_G_NR100_000036097547	1	1	1	CALEMF01
OMDBv2.0_AA_G_NR100_000039568541	1	1	1	CALBMM01
OMDBv2.0_AA_G_NR100_000138226143	1	1	1	Sandarakinorhabdus
OMDBv2.0_AA_G_NR100_000146548485	1	1	1	Methylocaldum
OMDBv2.0_AA_G_NR100_000152676844	1	1	1	Gordonia
OMDBv2.0_AA_G_NR100_000152885209	1	1	1	Gordonia
OMDBv2.0_AA_G_NR100_000160875074	1	1	1	JBCCRV01
OMDBv2.0_AA_G_NR100_000178985645	1	1	1	Unknown UBA9042
OMDBv2.0_AA_G_NR100_000032226995	1	1	1	NBRC-107688
OMDBv2.0_AA_G_NR100_000056705920	1	1	1	JASGCK01
OMDBv2.0_AA_G_NR100_000082046817	1	1	1	UBA3002
OMDBv2.0_AA_G_NR100_000084354899	1	1	1	UBA1664
OMDBv2.0_AA_G_NR100_000136437328	1	1	1	Magnetococcus
OMDBv2.0_AA_G_NR100_000149276540	1	1	1	Sandaracinobacteroides
OMDBv2.0_AA_G_NR100_000149310917	1	1	1	Persicimonas
OMDBv2.0_AA_G_NR100_000150733589	1	1	1	Alteribacillus
OMDBv2.0_AA_G_NR100_000159592875	1	1	1	28-YEA-48
OMDBv2.0_AA_G_NR100_000174886457	1	1	1	CAKZPI01
OMDBv2.0_AA_G_NR100_000194654787	1	1	1	UBA11873
OMDBv2.0_AA_G_NR100_000217662247	1	1	1	JANQJG01
OMDBv2.0_AA_G_NR100_000220667970	1	1	1	Ketobacter
OMDBv2.0_AA_G_NR100_000246830232	1	1	1	Stutzerimonas
OMDBv2.0_AA_G_NR100_000009561016	1	1	1	Unknown Eutrophobiaceae
OMDBv2.0_AA_G_NR100_000022988367	1	1	1	Bacillus_AZ
OMDBv2.0_AA_G_NR100_000053744109	1	1	1	VYFG01
OMDBv2.0_AA_G_NR100_000059375681	1	1	1	Unknown REDH01
OMDBv2.0_AA_G_NR100_000065863054	1	1	1	GCA-2753565
OMDBv2.0_AA_G_NR100_000104175659	1	1	1	JAQCBG01
OMDBv2.0_AA_G_NR100_000105139439	1	1	1	GCA-002401295
OMDBv2.0_AA_G_NR100_000139380538	1	1	1	Deferrisoma
OMDBv2.0_AA_G_NR100_000139397830	1	1	1	Actinokineospora
OMDBv2.0_AA_G_NR100_000139553371	1	1	1	Rubrobacter
OMDBv2.0_AA_G_NR100_000146195944	1	1	1	AK92
OMDBv2.0_AA_G_NR100_000146869394	1	1	1	Methylocystis
OMDBv2.0_AA_G_NR100_000147476351	1	1	1	Rhizorhabdus
OMDBv2.0_AA_G_NR100_000153063419	1	1	1	Pseudonocardia
OMDBv2.0_AA_G_NR100_000173761215	1	1	1	WLWS01
OMDBv2.0_AA_G_NR100_000178554164	1	1	1	Unknown JAFGEP01
OMDBv2.0_AA_G_NR100_000180304302	1	1	1	Unknown Beggiatoaceae
OMDBv2.0_AA_G_NR100_000220244954	1	1	1	JAUHXT01
OMDBv2.0_AA_G_NR100_000230564110	1	1	1	Unknown Micavibrionaceae
OMDBv2.0_AA_G_NR100_000231877991	1	1	1	WLWS01
OMDBv2.0_AA_G_NR100_000238082438	1	1	1	JACKEQ01
OMDBv2.0_AA_G_NR100_000245628869	1	1	1	MS8
OMDBv2.0_AA_G_NR100_000001768863	1	1	1	Unknown UBA9042
OMDBv2.0_AA_G_NR100_000009044037	1	1	1	JBBDSH01
OMDBv2.0_AA_G_NR100_000104697849	1	1	1	UBA981
OMDBv2.0_AA_G_NR100_000141361299	1	1	1	Marinobacterium_A
OMDBv2.0_AA_G_NR100_000146605303	1	1	1	Pseudomonas_E
OMDBv2.0_AA_G_NR100_000148529178	1	1	1	Nocardioides
OMDBv2.0_AA_G_NR100_000148573187	1	1	1	Fontimonas
OMDBv2.0_AA_G_NR100_000151230126	1	1	1	Rubrobacter_F
OMDBv2.0_AA_G_NR100_000156320408	1	1	1	CAXRDE01
OMDBv2.0_AA_G_NR100_000219603615	1	1	1	Unknown Porifericomitaceae
OMDBv2.0_AA_G_NR100_000242984687	1	1	1	Unknown Peptoniphilaceae
OMDBv2.0_AA_G_NR100_000001806359	1	1	1	JAAESX01
OMDBv2.0_AA_G_NR100_000024374588	1	1	1	Planktomarina
OMDBv2.0_AA_G_NR100_000034920392	1	1	1	Haematospirillum
OMDBv2.0_AA_G_NR100_000080254186	1	1	1	Unknown UBA6191
OMDBv2.0_AA_G_NR100_000136513189	1	1	1	Rhodospirillum_A
OMDBv2.0_AA_G_NR100_000138209422	1	1	1	Natronococcus
OMDBv2.0_AA_G_NR100_000139125471	1	1	1	Comamonas_C
OMDBv2.0_AA_G_NR100_000140036071	1	1	1	Sphingomonas
OMDBv2.0_AA_G_NR100_000146809199	1	1	1	Tatlockia
OMDBv2.0_AA_G_NR100_000146869589	1	1	1	Methylocystis
OMDBv2.0_AA_G_NR100_000148599411	1	1	1	Sphingomonas
OMDBv2.0_AA_G_NR100_000180293181	1	1	1	JAGRBM01
OMDBv2.0_AA_G_NR100_000198178110	1	1	1	UBA9664
OMDBv2.0_AA_G_NR100_000198730027	1	1	1	JAHQVK01
OMDBv2.0_AA_G_NR100_000225444463	1	1	1	Marinobacterium_C
OMDBv2.0_AA_G_NR100_000032961972	1	1	1	UBA1672
OMDBv2.0_AA_G_NR100_000035592266	1	1	1	UBA7957
OMDBv2.0_AA_G_NR100_000104982875	1	1	1	UBA2561
OMDBv2.0_AA_G_NR100_000152869138	1	1	1	Sphingomonas
OMDBv2.0_AA_G_NR100_000174335978	1	1	1	TMED27
OMDBv2.0_AA_G_NR100_000176999638	1	1	1	Unknown UBA9615
OMDBv2.0_AA_G_NR100_000181839780	1	1	1	UBA796
OMDBv2.0_AA_G_NR100_000196236001	1	1	1	JABJBS01
OMDBv2.0_AA_G_NR100_000229781764	1	1	1	TYQ2
OMDBv2.0_AA_G_NR100_000231782112	1	1	1	Neptunomonas
OMDBv2.0_AA_G_NR100_000002242539	1	1	1	CAXQUZ01
OMDBv2.0_AA_G_NR100_000003288144	1	1	1	CALDOK01
OMDBv2.0_AA_G_NR100_000007213413	1	1	1	0-14-0-80-60-11
OMDBv2.0_AA_G_NR100_000024957637	1	1	1	JAEZQR01
OMDBv2.0_AA_G_NR100_000128534597	1	1	1	S143-5
OMDBv2.0_AA_G_NR100_000138087020	1	1	1	Hydrococcus
OMDBv2.0_AA_G_NR100_000148254319	1	1	1	Polymorphobacter_A
OMDBv2.0_AA_G_NR100_000156863548	1	1	1	TMED27
OMDBv2.0_AA_G_NR100_000177142038	1	1	1	Unknown JAFGLY01
OMDBv2.0_AA_G_NR100_000198732236	1	1	1	JAHQVK01
OMDBv2.0_AA_G_NR100_000211169967	1	1	1	Unknown JAJDYQ01
OMDBv2.0_AA_G_NR100_000218549481	1	1	1	JAHQVK01
OMDBv2.0_AA_G_NR100_000229807633	1	1	1	Croceicoccus
OMDBv2.0_AA_G_NR100_000010638688	1	1	1	Unknown Aggregatilineaceae
OMDBv2.0_AA_G_NR100_000054302639	1	1	1	Henriciella
OMDBv2.0_AA_G_NR100_000104906444	1	1	1	JAQBZY01
OMDBv2.0_AA_G_NR100_000149440032	1	1	1	Oleiliquidispirillum
OMDBv2.0_AA_G_NR100_000185747832	1	1	1	JAPYRI01
OMDBv2.0_AA_G_NR100_000188668647	1	1	1	UBA1479
OMDBv2.0_AA_G_NR100_000022144085	1	1	1	Unknown Nevskiaceae
OMDBv2.0_AA_G_NR100_000040405238	1	1	1	Unknown 2-12-FULL-67-15
OMDBv2.0_AA_G_NR100_000058430326	1	1	1	JAAESI01
OMDBv2.0_AA_G_NR100_000193848689	1	1	1	UBA12223
OMDBv2.0_AA_G_NR100_000209533632	1	1	1	Unknown Phycisphaeraceae
OMDBv2.0_AA_G_NR100_000129107478	1	1	1	JALURZ01
OMDBv2.0_AA_G_NR100_000137889246	1	1	1	Ureibacillus
OMDBv2.0_AA_G_NR100_000139770920	1	1	1	Sphingomonas
OMDBv2.0_AA_G_NR100_000151030528	1	1	1	Fontimonas
OMDBv2.0_AA_G_NR100_000178918343	1	1	1	Unknown CAIXZC01
OMDBv2.0_AA_G_NR100_000216966366	1	1	1	Unknown Rhodobacteraceae
OMDBv2.0_AA_G_NR100_000242878950	1	1	1	GCA-001735895
OMDBv2.0_AA_G_NR100_000009471257	1	1	1	WHUA01
OMDBv2.0_AA_G_NR100_000035995318	1	1	1	CALCTH01
OMDBv2.0_AA_G_NR100_000106693338	1	1	1	Hyphomonas
OMDBv2.0_AA_G_NR100_000127795137	1	1	1	JALTID01
OMDBv2.0_AA_G_NR100_000138337103	1	1	1	Novipirellula
OMDBv2.0_AA_G_NR100_000145683606	1	1	1	Acuticoccus
OMDBv2.0_AA_G_NR100_000148796081	1	1	1	Rhodococcus_G
OMDBv2.0_AA_G_NR100_000155102681	1	1	1	Unknown Micavibrionaceae
OMDBv2.0_AA_G_NR100_000163425986	1	1	1	Unknown GCA-2862545
OMDBv2.0_AA_G_NR100_000163878601	1	1	1	UBA3067
OMDBv2.0_AA_G_NR100_000246920710	1	1	1	JACKNG01
OMDBv2.0_AA_G_NR100_000032212362	1	1	1	Unknown Rhodobacteraceae
OMDBv2.0_AA_G_NR100_000132070500	1	1	1	WFHF3C12
OMDBv2.0_AA_G_NR100_000144332411	1	1	1	Nitrosocaldus
OMDBv2.0_AA_G_NR100_000148157425	1	1	1	Paenisporosarcina
OMDBv2.0_AA_G_NR100_000151496250	1	1	1	Rhodococcus_F
OMDBv2.0_AA_G_NR100_000169651035	1	1	1	2-12-FULL-35-15
OMDBv2.0_AA_G_NR100_000174749326	1	1	1	Unknown Micavibrionaceae
OMDBv2.0_AA_G_NR100_000178499873	1	1	1	Unknown GCA-2863065
OMDBv2.0_AA_G_NR100_000195200154	1	1	1	UBA6777
OMDBv2.0_AA_G_NR100_000246381679	1	1	1	UBA213
OMDBv2.0_AA_G_NR100_000010638689	1	1	1	Unknown Aggregatilineaceae
OMDBv2.0_AA_G_NR100_000081982544	1	1	1	Unknown Micavibrionaceae
OMDBv2.0_AA_G_NR100_000085555837	1	1	1	UBA1664
OMDBv2.0_AA_G_NR100_000139499321	1	1	1	Acinetobacter
OMDBv2.0_AA_G_NR100_000165982676	1	1	1	SIO1E4
OMDBv2.0_AA_G_NR100_000228561829	1	1	1	JAVKFY01
OMDBv2.0_AA_G_NR100_000233814947	1	1	1	Unknown UBA796
OMDBv2.0_AA_G_NR100_000247777411	1	1	1	JACZQN01
OMDBv2.0_AA_G_NR100_000011560332	1	1	1	Unknown JAUVQD01
OMDBv2.0_AA_G_NR100_000020837448	1	1	1	UBA1479
OMDBv2.0_AA_G_NR100_000041671882	1	1	1	GCA-001735895
OMDBv2.0_AA_G_NR100_000076952578	1	1	1	CAJXKR01
OMDBv2.0_AA_G_NR100_000103677565	1	1	1	UBA3064
OMDBv2.0_AA_G_NR100_000131525159	1	1	1	Sporotomaculum
OMDBv2.0_AA_G_NR100_000146463245	1	1	1	Caldimonas
OMDBv2.0_AA_G_NR100_000150314330	1	1	1	Nitrincola
OMDBv2.0_AA_G_NR100_000160929076	1	1	1	JBCCRV01
OMDBv2.0_AA_G_NR100_000170324866	1	1	1	Unknown Entotheonellaceae
OMDBv2.0_AA_G_NR100_000196620687	1	1	1	UBA2638
OMDBv2.0_AA_G_NR100_000228255165	1	1	1	JACKEQ01
OMDBv2.0_AA_G_NR100_000237958587	1	1	1	CAJQPC01
OMDBv2.0_AA_G_NR100_000242989946	1	1	1	Alkanindiges
OMDBv2.0_AA_G_NR100_000244015093	1	1	1	Unknown SOIM01
OMDBv2.0_AA_G_NR100_000051113627	1	1	1	Ruegeria
OMDBv2.0_AA_G_NR100_000142127811	1	1	1	Meridianimarinicoccus
OMDBv2.0_AA_G_NR100_000143527402	1	1	1	Halegenticoccus
OMDBv2.0_AA_G_NR100_000157262121	1	1	1	UBA1664
OMDBv2.0_AA_G_NR100_000158938567	1	1	1	UBA1664
OMDBv2.0_AA_G_NR100_000162599985	1	1	1	JACKII01
OMDBv2.0_AA_G_NR100_000166772093	1	1	1	Unknown JABWBV01
OMDBv2.0_AA_G_NR100_000174892224	1	1	1	JAXMNT01
OMDBv2.0_AA_G_NR100_000186184152	1	1	1	UBA2638
OMDBv2.0_AA_G_NR100_000200835879	1	1	1	JBCDHN01
OMDBv2.0_AA_G_NR100_000208003899	1	1	1	JAVJST01
OMDBv2.0_AA_G_NR100_000230141486	1	1	1	JADFOB01
OMDBv2.0_AA_G_NR100_000104054962	1	1	1	JADKHE01
OMDBv2.0_AA_G_NR100_000130843308	1	1	1	Unknown JAHFPR01
OMDBv2.0_AA_G_NR100_000132072155	1	1	1	WFHF3C12
OMDBv2.0_AA_G_NR100_000142835346	1	1	1	Effusibacillus
OMDBv2.0_AA_G_NR100_000145406941	1	1	1	Sediminicurvatus
OMDBv2.0_AA_G_NR100_000210682374	1	1	1	Unknown CALFWJ01
OMDBv2.0_AA_G_NR100_000219979095	1	1	1	JAPOXR01
OMDBv2.0_AA_G_NR100_000242706219	1	1	1	Sandarakinorhabdus
OMDBv2.0_AA_G_NR100_000074592372	1	1	1	Eutrophocola
OMDBv2.0_AA_G_NR100_000128009011	1	1	1	M3003
OMDBv2.0_AA_G_NR100_000146547879	1	1	1	Methylocaldum
OMDBv2.0_AA_G_NR100_000148237242	1	1	1	Terasakiella
OMDBv2.0_AA_G_NR100_000181841551	1	1	1	UBA796
OMDBv2.0_AA_G_NR100_000182749031	1	1	1	TMED8
OMDBv2.0_AA_G_NR100_000231394371	1	1	1	Acinetobacter
OMDBv2.0_AA_G_NR100_000139638378	1	1	1	Xanthobacter
OMDBv2.0_AA_G_NR100_000172093305	1	1	1	UBA11865
OMDBv2.0_AA_G_NR100_000210432979	1	1	1	Unknown UXAT02
OMDBv2.0_AA_G_NR100_000212573851	1	1	1	JACKIH01
OMDBv2.0_AA_G_NR100_000231969975	1	1	1	TMED27
OMDBv2.0_AA_G_NR100_000053835783	1	1	1	Unknown JAAEPA01
OMDBv2.0_AA_G_NR100_000054417249	1	1	1	Ketobacter
OMDBv2.0_AA_G_NR100_000054503866	1	1	1	TMED27
OMDBv2.0_AA_G_NR100_000065897538	1	1	1	Unknown UBA6191
OMDBv2.0_AA_G_NR100_000090484086	1	1	1	UBA8108
OMDBv2.0_AA_G_NR100_000150545836	1	1	1	Heliorestis
OMDBv2.0_AA_G_NR100_000152843949	1	1	1	Aromatoleum
OMDBv2.0_AA_G_NR100_000174568678	1	1	1	BH17
OMDBv2.0_AA_G_NR100_000178785386	1	1	1	Unknown JAVEVO01
OMDBv2.0_AA_G_NR100_000234368249	1	1	1	Unknown JAJNBL01
OMDBv2.0_AA_G_NR100_000152694930	1	1	1	Tsukamurella
OMDBv2.0_AA_G_NR100_000155642686	1	1	1	UBA1664
OMDBv2.0_AA_G_NR100_000159269310	1	1	1	CAIXSC01
OMDBv2.0_AA_G_NR100_000224647127	1	1	1	UBA1672
OMDBv2.0_AA_G_NR100_000009386669	1	1	1	Unknown JAJPIJ01
OMDBv2.0_AA_G_NR100_000080254047	1	1	1	Unknown UBA6191
OMDBv2.0_AA_G_NR100_000151224888	1	1	1	Rubrobacter_D
OMDBv2.0_AA_G_NR100_000226989725	1	1	1	Unknown DC-out160
OMDBv2.0_AA_G_NR100_000246175362	1	1	1	CAXQUZ01
OMDBv2.0_AA_G_NR100_000067311102	1	1	1	Unknown UBA9042
OMDBv2.0_AA_G_NR100_000143305482	1	1	1	Kyrpidia
OMDBv2.0_AA_G_NR100_000145230143	1	1	1	Blastococcus
OMDBv2.0_AA_G_NR100_000147465692	1	1	1	Sphingobium
OMDBv2.0_AA_G_NR100_000151280093	1	1	1	Telluria
OMDBv2.0_AA_G_NR100_000160575099	1	1	1	JANQOT01
OMDBv2.0_AA_G_NR100_000176474640	1	1	1	JAPYTK01
OMDBv2.0_AA_G_NR100_000191453344	1	1	1	Unknown GCA-2686955
OMDBv2.0_AA_G_NR100_000204002413	1	1	1	Sphingomonas_B
OMDBv2.0_AA_G_NR100_000010090611	1	1	1	Unknown Micavibrionaceae
OMDBv2.0_AA_G_NR100_000137624302	1	1	1	Myxococcus
OMDBv2.0_AA_G_NR100_000163718369	1	1	1	UBA1672
OMDBv2.0_AA_G_NR100_000178483545	1	1	1	Unknown UBA796
OMDBv2.0_AA_G_NR100_000182777050	1	1	1	Unknown UBA6191
OMDBv2.0_AA_G_NR100_000196847288	1	1	1	M3003
OMDBv2.0_AA_G_NR100_000230464136	1	1	1	Unknown JACOMY01
OMDBv2.0_AA_G_NR100_000103875811	1	1	1	CAITZA01
OMDBv2.0_AA_G_NR100_000105213204	1	1	1	Unknown DC-out160
OMDBv2.0_AA_G_NR100_000140093415	1	1	1	Rhodococcus
OMDBv2.0_AA_G_NR100_000147976234	1	1	1	Paracoccus
OMDBv2.0_AA_G_NR100_000174568073	1	1	1	BH17
OMDBv2.0_AA_G_NR100_000200174189	1	1	1	UBA1672
OMDBv2.0_AA_G_NR100_000230778508	1	1	1	JALTZE01
OMDBv2.0_AA_G_NR100_000232167913	1	1	1	Unknown JBCCZV01
OMDBv2.0_AA_G_NR100_000009437322	1	1	1	JAJYIS01
OMDBv2.0_AA_G_NR100_000066114826	1	1	1	Casp-alpha2
OMDBv2.0_AA_G_NR100_000131128713	1	1	1	UBA1672
OMDBv2.0_AA_G_NR100_000148329001	1	1	1	Crenalkalicoccus
OMDBv2.0_AA_G_NR100_000172591514	1	1	1	CAJWOS01
OMDBv2.0_AA_G_NR100_000178985498	1	1	1	Unknown UBA9042
OMDBv2.0_AA_G_NR100_000190958558	1	1	1	Terasakiella
OMDBv2.0_AA_G_NR100_000225288149	1	1	1	CAJXOR01
OMDBv2.0_AA_G_NR100_000225448828	1	1	1	Alkalimarinus
OMDBv2.0_AA_G_NR100_000008972574	1	1	1	SYOC01
OMDBv2.0_AA_G_NR100_000127933602	1	1	1	UBA1672
OMDBv2.0_AA_G_NR100_000128739052	1	1	1	Unknown JARGFU01
OMDBv2.0_AA_G_NR100_000130849493	1	1	1	JAPPOO01
OMDBv2.0_AA_G_NR100_000131651099	1	1	1	Magnetomorum
OMDBv2.0_AA_G_NR100_000144571297	1	1	1	Rhodoblastus
OMDBv2.0_AA_G_NR100_000146615061	1	1	1	Nocardioides
OMDBv2.0_AA_G_NR100_000146616056	1	1	1	Nocardioides
OMDBv2.0_AA_G_NR100_000178794929	1	1	1	Unknown JAKLHH01
OMDBv2.0_AA_G_NR100_000200640401	1	1	1	UBA1672
OMDBv2.0_AA_G_NR100_000013069022	1	1	1	JADJPF01
OMDBv2.0_AA_G_NR100_000038375438	1	1	1	SURF-33
OMDBv2.0_AA_G_NR100_000195851891	1	1	1	UBA1672
OMDBv2.0_AA_G_NR100_000010158007	1	1	1	Unknown Micavibrionaceae
OMDBv2.0_AA_G_NR100_000040462203	1	1	1	Unknown Ketobacteraceae
OMDBv2.0_AA_G_NR100_000126381565	1	1	1	VMCJ01
OMDBv2.0_AA_G_NR100_000137896678	1	1	1	Rhodoplanes
OMDBv2.0_AA_G_NR100_000178718949	1	1	1	Unknown GCA-2747355
OMDBv2.0_AA_G_NR100_000079915731	1	1	1	Amylibacter
OMDBv2.0_AA_G_NR100_000081837279	1	1	1	VGTA01
OMDBv2.0_AA_G_NR100_000178803404	1	1	1	JAAESI01
OMDBv2.0_AA_G_NR100_000227152450	1	1	1	Henriciella
OMDBv2.0_AA_G_NR100_000043541251	1	1	1	Unknown Competibacteraceae
OMDBv2.0_AA_G_NR100_000137659485	1	1	1	Micavibrio
OMDBv2.0_AA_G_NR100_000140507017	1	1	1	Modicisalibacter
OMDBv2.0_AA_G_NR100_000159449445	1	1	1	WLNJ01
OMDBv2.0_AA_G_NR100_000036233602	1	1	1	Pelagibius
OMDBv2.0_AA_G_NR100_000137117564	1	1	1	HTCC5015
OMDBv2.0_AA_G_NR100_000182825585	1	1	1	Unknown JABHCV01
OMDBv2.0_AA_G_NR100_000236270638	1	1	1	Salinisphaera
OMDBv2.0_AA_G_NR100_000068826480	1	1	1	Unknown Micavibrionaceae
OMDBv2.0_AA_G_NR100_000146615411	1	1	1	Nocardioides
OMDBv2.0_AA_G_NR100_000174568072	1	1	1	BH17
OMDBv2.0_AA_G_NR100_000217776629	1	1	1	Unknown Micavibrionaceae
OMDBv2.0_AA_G_NR100_000163275511	1	1	1	Unknown UBA1532
OMDBv2.0_AA_G_NR100_000225448971	1	1	1	Alkalimarinus
OMDBv2.0_AA_G_NR100_000245950551	1	1	1	JBBEAM01
OMDBv2.0_AA_G_NR100_000052956749	1	1	1	B5-G16
OMDBv2.0_AA_G_NR100_000056976029	1	1	1	JAHZKU01
OMDBv2.0_AA_G_NR100_000082462921	1	1	1	JAYPBG01
OMDBv2.0_AA_G_NR100_000228232413	1	1	1	Unknown UBA9664
OMDBv2.0_AA_G_NR100_000104051231	1	1	1	Rubrivivax
OMDBv2.0_AA_G_NR100_000139679122	1	1	1	Iodidimonas
OMDBv2.0_AA_G_NR100_000160257856	1	1	1	TMED27
OMDBv2.0_AA_G_NR100_000217726499	1	1	1	GCA-2720935
OMDBv2.0_AA_G_NR100_000225523681	1	1	1	JBFKKS01
OMDBv2.0_AA_G_NR100_000240389016	1	1	1	Unknown GCA-020350865
OMDBv2.0_AA_G_NR100_000054514011	1	1	1	JAUICS01
OMDBv2.0_AA_G_NR100_000027748708	1	1	1	JBBKWU01
OMDBv2.0_AA_G_NR100_000138015352	1	1	1	Salinigranum
OMDBv2.0_AA_G_NR100_000141431900	1	1	1	Perlucidibaca
OMDBv2.0_AA_G_NR100_000198740386	1	1	1	JBCBJX01
OMDBv2.0_AA_G_NR100_000012566482	1	1	1	Unknown SHVV01
OMDBv2.0_AA_G_NR100_000146090134	1	1	1	Acidibrevibacterium
OMDBv2.0_AA_G_NR100_000166841483	1	1	1	JABDQA01
OMDBv2.0_AA_G_NR100_000229424773	1	1	1	Hasllibacter
OMDBv2.0_AA_G_NR100_000178805287	1	1	1	JAAESI01
OMDBv2.0_AA_G_NR100_000024709170	1	1	1	Sphingobium
OMDBv2.0_AA_G_NR100_000137282791	1	1	1	Halogeometricum
OMDBv2.0_AA_G_NR100_000146358181	1	1	1	Paroceanicella
OMDBv2.0_AA_G_NR100_000226652964	1	1	1	GCA-2746255
OMDBv2.0_AA_G_NR100_000076936627	1	1	1	Halovenus
OMDBv2.0_AA_G_NR100_000044189494	1	1	1	Unknown Desulfosarcinaceae
OMDBv2.0_AA_G_NR100_000140486031	1	1	1	Filomicrobium
OMDBv2.0_AA_G_NR100_000175783720	1	1	1	Bordetella_B
OMDBv2.0_AA_G_NR100_000041376164	1	1	1	Unknown JAKSDN01
OMDBv2.0_AA_G_NR100_000174827909	1	1	1	Unknown UBA6187
OMDBv2.0_AA_G_NR100_000249183603	1	1	1	JAGFJK01
OMDBv2.0_AA_G_NR100_000078956542	1	1	1	JANSWW01
OMDBv2.0_AA_G_NR100_000061313305	1	1	1	Nitrosopumilus
OMDBv2.0_AA_G_NR100_000104211107	1	1	1	1-14-0-20-39-49
OMDBv2.0_AA_G_NR100_000147400825	1	1	1	Legionella
OMDBv2.0_AA_G_NR100_000153412599	1	1	1	Pseudomonas_E
OMDBv2.0_AA_G_NR100_000041715342	1	1	1	Cenarchaeum
OMDBv2.0_AA_G_NR100_000216367238	1	1	1	Unknown GCA-2696645
OMDBv2.0_AA_G_NR100_000139871186	1	1	1	Halapricum
OMDBv2.0_AA_G_NR100_000148715999	1	1	1	Methylobacterium
OMDBv2.0_AA_G_NR100_000178502003	1	1	1	Unknown GCA-2863065
OMDBv2.0_AA_G_NR100_000217730059	1	1	1	Parvularcula
OMDBv2.0_AA_G_NR100_000019289640	1	1	1	Hyphomicrobium_A
OMDBv2.0_AA_G_NR100_000233686061	1	1	1	Oceanicoccus
OMDBv2.0_AA_G_NR100_000033435488	1	1	1	Unknown GM7GCV1
OMDBv2.0_AA_G_NR100_000138287103	1	1	1	Duganella
OMDBv2.0_AA_G_NR100_000149424505	1	1	1	Rhodoferax_A
OMDBv2.0_AA_G_NR100_000159475358	1	1	1	SYIM01
OMDBv2.0_AA_G_NR100_000181240267	1	1	1	Brachymonas
OMDBv2.0_AA_G_NR100_000185890447	1	1	1	Pacificimonas
OMDBv2.0_AA_G_NR100_000172301563	1	1	1	JAAZVW01
OMDBv2.0_AA_G_NR100_000245778042	1	1	1	Unknown Nitriliruptoraceae
OMDBv2.0_AA_G_NR100_000007424425	1	1	1	DAHVFK01
OMDBv2.0_AA_G_NR100_000056950949	1	1	1	JAQYVL01
OMDBv2.0_AA_G_NR100_000069172499	1	1	1	Unknown Competibacterales
OMDBv2.0_AA_G_NR100_000084725026	1	1	1	Glaciecola
OMDBv2.0_AA_G_NR100_000081805168	1	1	1	CAKZRU01
OMDBv2.0_AA_G_NR100_000037277142	1	1	1	JAWQFO01
OMDBv2.0_AA_G_NR100_000043818871	1	1	1	Unknown DSM-21967
OMDBv2.0_AA_G_NR100_000082093571	1	1	1	Unknown JALZUV01
OMDBv2.0_AA_G_NR100_000130850401	1	1	1	JAPPOO01
OMDBv2.0_AA_G_NR100_000136475204	1	1	1	Polaromonas
OMDBv2.0_AA_G_NR100_000147535458	1	1	1	Rubrivivax
OMDBv2.0_AA_G_NR100_000150520287	1	1	1	Azonexus
OMDBv2.0_AA_G_NR100_000151304185	1	1	1	Pseudomaricurvus
OMDBv2.0_AA_G_NR100_000068453020	1	1	1	JALWJW01
OMDBv2.0_AA_G_NR100_000083306522	1	1	1	Amylibacter
OMDBv2.0_AA_G_NR100_000132328441	1	1	1	Methylocapsa
OMDBv2.0_AA_G_NR100_000136934046	1	1	1	Ferrimonas
OMDBv2.0_AA_G_NR100_000141135412	1	1	1	PN-J185
OMDBv2.0_AA_G_NR100_000147081775	1	1	1	Craterilacuibacter
OMDBv2.0_AA_G_NR100_000148254503	1	1	1	Polymorphobacter_A
OMDBv2.0_AA_G_NR100_000152497886	1	1	1	Paracoccus
OMDBv2.0_AA_G_NR100_000203452860	1	1	1	Brevundimonas
OMDBv2.0_AA_G_NR100_000212205264	1	1	1	JAAAPF01
OMDBv2.0_AA_G_NR100_000242584637	1	1	1	JANXSS01
OMDBv2.0_AA_G_NR100_000011777915	1	1	1	Unknown JAGOMX01
OMDBv2.0_AA_G_NR100_000025930325	1	1	1	Methyloversatilis
OMDBv2.0_AA_G_NR100_000069113231	1	1	1	JAJRUE01
OMDBv2.0_AA_G_NR100_000077673426	1	1	1	BM003
OMDBv2.0_AA_G_NR100_000219329550	1	1	1	Azophilus
OMDBv2.0_AA_G_NR100_000225497207	1	1	1	CAJXQU01
OMDBv2.0_AA_G_NR100_000043681881	1	1	1	Unknown Woeseiaceae
OMDBv2.0_AA_G_NR100_000062912811	1	1	1	Sphingopyxis
OMDBv2.0_AA_G_NR100_000136908204	1	1	1	Hyphomicrobium_B
OMDBv2.0_AA_G_NR100_000141986722	1	1	1	Legionella
OMDBv2.0_AA_G_NR100_000208799805	1	1	1	JAPOXR01
OMDBv2.0_AA_G_NR100_000031938173	1	1	1	JAJDZL01
OMDBv2.0_AA_G_NR100_000090283202	1	1	1	GCA-2712985
OMDBv2.0_AA_G_NR100_000101922491	1	1	1	NORP241
OMDBv2.0_AA_G_NR100_000128772129	1	1	1	S144-23
OMDBv2.0_AA_G_NR100_000146092582	1	1	1	Acidibrevibacterium
OMDBv2.0_AA_G_NR100_000148597421	1	1	1	Ferrimonas
OMDBv2.0_AA_G_NR100_000159458463	1	1	1	Unknown S36-B12
OMDBv2.0_AA_G_NR100_000166782182	1	1	1	JBFHNV01
OMDBv2.0_AA_G_NR100_000174836792	1	1	1	Unknown Rickettsiales
OMDBv2.0_AA_G_NR100_000246785458	1	1	1	JAUVQU01
OMDBv2.0_AA_G_NR100_000024957652	1	1	1	JAEZQR01
OMDBv2.0_AA_G_NR100_000034256377	1	1	1	CALJMC01
OMDBv2.0_AA_G_NR100_000062205434	1	1	1	JACKCP01
OMDBv2.0_AA_G_NR100_000085071348	1	1	1	JACKII01
OMDBv2.0_AA_G_NR100_000103621221	1	1	1	UBA3065
OMDBv2.0_AA_G_NR100_000129545589	1	1	1	MPNP01
OMDBv2.0_AA_G_NR100_000138225165	1	1	1	Sandarakinorhabdus
OMDBv2.0_AA_G_NR100_000181520364	1	1	1	IMCC2047
OMDBv2.0_AA_G_NR100_000249357863	1	1	1	JAHEGP01
OMDBv2.0_AA_G_NR100_000006149886	1	1	1	Novosphingobium
OMDBv2.0_AA_G_NR100_000043898450	1	1	1	JASJDM01
OMDBv2.0_AA_G_NR100_000077451061	1	1	1	JANSYL01
OMDBv2.0_AA_G_NR100_000082741405	1	1	1	PZPK01
OMDBv2.0_AA_G_NR100_000104211654	1	1	1	1-14-0-20-39-49
OMDBv2.0_AA_G_NR100_000132277974	1	1	1	DAT-1
OMDBv2.0_AA_G_NR100_000142740753	1	1	1	Actibacterium_C
OMDBv2.0_AA_G_NR100_000148847477	1	1	1	Chitinivorax
OMDBv2.0_AA_G_NR100_000149298208	1	1	1	Shewanella
OMDBv2.0_AA_G_NR100_000165445706	1	1	1	CALJLA01
OMDBv2.0_AA_G_NR100_000186415433	1	1	1	Pacificimonas
OMDBv2.0_AA_G_NR100_000228232525	1	1	1	Unknown UBA9664
OMDBv2.0_AA_G_NR100_000236421285	1	1	1	Unknown UBA6187
OMDBv2.0_AA_G_NR100_000010252481	1	1	1	Unknown Desulfosarcinaceae
OMDBv2.0_AA_G_NR100_000024988348	1	1	1	Ferrovibrio
OMDBv2.0_AA_G_NR100_000041799992	1	1	1	JAKSDA01
OMDBv2.0_AA_G_NR100_000054491795	1	1	1	JBCBKU01
OMDBv2.0_AA_G_NR100_000105139437	1	1	1	GCA-002401295
OMDBv2.0_AA_G_NR100_000136433679	1	1	1	Alkalilimnicola
OMDBv2.0_AA_G_NR100_000144822949	1	1	1	Telluria
OMDBv2.0_AA_G_NR100_000151012795	1	1	1	Stagnihabitans
OMDBv2.0_AA_G_NR100_000204021790	1	1	1	Bradyrhizobium
OMDBv2.0_AA_G_NR100_000001622445	1	1	1	CAIYZT01
OMDBv2.0_AA_G_NR100_000137026887	1	1	1	Nitrococcus
OMDBv2.0_AA_G_NR100_000145825401	1	1	1	Pseudoduganella
OMDBv2.0_AA_G_NR100_000147291234	1	1	1	Blastochloris
OMDBv2.0_AA_G_NR100_000147806792	1	1	1	Tropicimonas
OMDBv2.0_AA_G_NR100_000148110255	1	1	1	Solimicrobium
OMDBv2.0_AA_G_NR100_000157678685	1	1	1	Unknown JALZUV01
OMDBv2.0_AA_G_NR100_000159470931	1	1	1	Limnohabitans
OMDBv2.0_AA_G_NR100_000159640377	1	1	1	Limnohabitans
OMDBv2.0_AA_G_NR100_000175455597	1	1	1	Actibacterium
OMDBv2.0_AA_G_NR100_000197046697	1	1	1	Caulobacter
OMDBv2.0_AA_G_NR100_000245924549	1	1	1	Flavimaribacter
OMDBv2.0_AA_G_NR100_000001221155	1	1	1	Amylibacter
OMDBv2.0_AA_G_NR100_000010083799	1	1	1	Thioalbus
OMDBv2.0_AA_G_NR100_000011379241	1	1	1	Paraburkholderia
OMDBv2.0_AA_G_NR100_000043596409	1	1	1	Unknown Rhodobacteraceae
OMDBv2.0_AA_G_NR100_000053784377	1	1	1	JAHEKE01
OMDBv2.0_AA_G_NR100_000059407256	1	1	1	Unknown JAPYRI01
OMDBv2.0_AA_G_NR100_000128036499	1	1	1	UBA1672
OMDBv2.0_AA_G_NR100_000143974999	1	1	1	Trinickia
OMDBv2.0_AA_G_NR100_000144211011	1	1	1	Pseudonocardia
OMDBv2.0_AA_G_NR100_000146195909	1	1	1	AK92
OMDBv2.0_AA_G_NR100_000148763163	1	1	1	Bosea
OMDBv2.0_AA_G_NR100_000197083662	1	1	1	L1I39
OMDBv2.0_AA_G_NR100_000200259994	1	1	1	CAUZSH01
OMDBv2.0_AA_G_NR100_000219270291	1	1	1	Unknown Rhodobacteraceae
OMDBv2.0_AA_G_NR100_000232084010	1	1	1	Unknown Pirellulaceae
OMDBv2.0_AA_G_NR100_000244865028	1	1	1	UBA1847
OMDBv2.0_AA_G_NR100_000033435489	1	1	1	Unknown GM7GCV1
OMDBv2.0_AA_G_NR100_000043579761	1	1	1	Unknown JAPKNN01
OMDBv2.0_AA_G_NR100_000132271185	1	1	1	Harenicola
OMDBv2.0_AA_G_NR100_000137989049	1	1	1	Nitratireductor
OMDBv2.0_AA_G_NR100_000140496567	1	1	1	Lampropedia
OMDBv2.0_AA_G_NR100_000142128906	1	1	1	Meridianimarinicoccus
OMDBv2.0_AA_G_NR100_000145263339	1	1	1	Pelagibaculum
OMDBv2.0_AA_G_NR100_000145946686	1	1	1	Halocyntiibacter_A
OMDBv2.0_AA_G_NR100_000151380009	1	1	1	Aquisalimonas
OMDBv2.0_AA_G_NR100_000153499323	1	1	1	Aquimixticola
OMDBv2.0_AA_G_NR100_000153603872	1	1	1	Albidovulum
OMDBv2.0_AA_G_NR100_000159292173	1	1	1	UBA5216
OMDBv2.0_AA_G_NR100_000162052815	1	1	1	HXMU1428-3
OMDBv2.0_AA_G_NR100_000166711870	1	1	1	JAHEGP01
OMDBv2.0_AA_G_NR100_000175489709	1	1	1	Unknown Ga0077536
OMDBv2.0_AA_G_NR100_000185747939	1	1	1	JAPYRI01
OMDBv2.0_AA_G_NR100_000196045521	1	1	1	Reyranella
OMDBv2.0_AA_G_NR100_000198177687	1	1	1	UBA9664
OMDBv2.0_AA_G_NR100_000210430271	1	1	1	Unknown UXAT02
OMDBv2.0_AA_G_NR100_000243500191	1	1	1	Aquicoccus
OMDBv2.0_AA_G_NR100_000001712376	1	1	1	JAJFIE01
OMDBv2.0_AA_G_NR100_000008936596	1	1	1	DATDPM01
OMDBv2.0_AA_G_NR100_000010173259	1	1	1	Mangrovitalea
OMDBv2.0_AA_G_NR100_000035531785	1	1	1	UBA7951
OMDBv2.0_AA_G_NR100_000037294640	1	1	1	JAHELH01
OMDBv2.0_AA_G_NR100_000044617298	1	1	1	JADFTO01
OMDBv2.0_AA_G_NR100_000127712945	1	1	1	JAADEO01
OMDBv2.0_AA_G_NR100_000138856816	1	1	1	Geminicoccus
OMDBv2.0_AA_G_NR100_000138972564	1	1	1	Paramagnetospirillum
OMDBv2.0_AA_G_NR100_000158551743	1	1	1	Blastomonas
OMDBv2.0_AA_G_NR100_000160299567	1	1	1	Unknown UBA2562
OMDBv2.0_AA_G_NR100_000195358828	1	1	1	GCA-2721365
OMDBv2.0_AA_G_NR100_000206456525	1	1	1	Hyphococcus
OMDBv2.0_AA_G_NR100_000212208183	1	1	1	JAAAPF01
OMDBv2.0_AA_G_NR100_000214467453	1	1	1	Exilibacterium
OMDBv2.0_AA_G_NR100_000226654055	1	1	1	GCA-2746255
OMDBv2.0_AA_G_NR100_000227883969	1	1	1	JAMWZD01
OMDBv2.0_AA_G_NR100_000244882204	1	1	1	QUBU01
OMDBv2.0_AA_G_NR100_000246554189	1	1	1	Unknown Alphaproteobacteria
OMDBv2.0_AA_G_NR100_000041451910	1	1	1	JANQEE01
OMDBv2.0_AA_G_NR100_000043993069	1	1	1	Unknown JABDKV01
OMDBv2.0_AA_G_NR100_000058506474	1	1	1	Unknown JASLQF01
OMDBv2.0_AA_G_NR100_000130885569	1	1	1	JAPPOI01
OMDBv2.0_AA_G_NR100_000131128399	1	1	1	UBA1672
OMDBv2.0_AA_G_NR100_000136536355	1	1	1	Acidiphilium
OMDBv2.0_AA_G_NR100_000138868130	1	1	1	Brevundimonas
OMDBv2.0_AA_G_NR100_000138914671	1	1	1	Wagnerdoeblera
OMDBv2.0_AA_G_NR100_000138915484	1	1	1	Wagnerdoeblera
OMDBv2.0_AA_G_NR100_000140457051	1	1	1	Magnetospira
OMDBv2.0_AA_G_NR100_000146809956	1	1	1	Tatlockia
OMDBv2.0_AA_G_NR100_000165959281	1	1	1	Unknown Rhodospirillales
OMDBv2.0_AA_G_NR100_000174827449	1	1	1	Unknown UBA6187
OMDBv2.0_AA_G_NR100_000180713274	1	1	1	DAIODI01
OMDBv2.0_AA_G_NR100_000195851867	1	1	1	UBA1672
OMDBv2.0_AA_G_NR100_000197214920	1	1	1	Pseudooceanicola
OMDBv2.0_AA_G_NR100_000198782176	1	1	1	Unknown 43-37
OMDBv2.0_AA_G_NR100_000206509739	1	1	1	Unknown UBA1664
OMDBv2.0_AA_G_NR100_000213848110	1	1	1	JANQRL01
OMDBv2.0_AA_G_NR100_000230464367	1	1	1	Unknown JACOMY01
OMDBv2.0_AA_G_NR100_000238239031	1	1	1	Unknown SG8-38
OMDBv2.0_AA_G_NR100_000024716620	1	1	1	Ferrovibrio
OMDBv2.0_AA_G_NR100_000033848941	1	1	1	Unknown SXRF01
OMDBv2.0_AA_G_NR100_000036212454	1	1	1	Thermohalobaculum
OMDBv2.0_AA_G_NR100_000036618398	1	1	1	Micavibrio_B
OMDBv2.0_AA_G_NR100_000137776324	1	1	1	Thiothrix
OMDBv2.0_AA_G_NR100_000138012619	1	1	1	Acidocella
OMDBv2.0_AA_G_NR100_000141547944	1	1	1	Hoeflea
OMDBv2.0_AA_G_NR100_000141647974	1	1	1	Henriciella
OMDBv2.0_AA_G_NR100_000143972967	1	1	1	Trinickia
OMDBv2.0_AA_G_NR100_000153080490	1	1	1	Polynucleobacter
OMDBv2.0_AA_G_NR100_000153539110	1	1	1	Legionella_C
OMDBv2.0_AA_G_NR100_000169614108	1	1	1	Rhodoferax_C
OMDBv2.0_AA_G_NR100_000170198959	1	1	1	Teredinibacter
OMDBv2.0_AA_G_NR100_000226531703	1	1	1	NORP267
OMDBv2.0_AA_G_NR100_000248961914	1	1	1	CAKZLS01
OMDBv2.0_AA_G_NR100_000040404588	1	1	1	Unknown 2-12-FULL-67-15
OMDBv2.0_AA_G_NR100_000044932231	1	1	1	JADFTO01
OMDBv2.0_AA_G_NR100_000053733962	1	1	1	Kangsaoukella
OMDBv2.0_AA_G_NR100_000127712944	1	1	1	JAADEO01
OMDBv2.0_AA_G_NR100_000127926478	1	1	1	Unknown Legionellaceae
OMDBv2.0_AA_G_NR100_000147995930	1	1	1	Siculibacillus
OMDBv2.0_AA_G_NR100_000148939165	1	1	1	Halomonas
OMDBv2.0_AA_G_NR100_000149278476	1	1	1	Sandaracinobacteroides
OMDBv2.0_AA_G_NR100_000150988651	1	1	1	Microvirga
OMDBv2.0_AA_G_NR100_000151304487	1	1	1	Pseudomaricurvus
OMDBv2.0_AA_G_NR100_000151979336	1	1	1	Legionella
OMDBv2.0_AA_G_NR100_000154227221	1	1	1	Halocynthiibacter
OMDBv2.0_AA_G_NR100_000155641131	1	1	1	UBA1664
OMDBv2.0_AA_G_NR100_000159908441	1	1	1	Undibacterium
OMDBv2.0_AA_G_NR100_000165315722	1	1	1	JAJRZC01
OMDBv2.0_AA_G_NR100_000170076997	1	1	1	Unknown HK1
OMDBv2.0_AA_G_NR100_000175587587	1	1	1	Oceanicella
OMDBv2.0_AA_G_NR100_000198764685	1	1	1	Phaeobacter_A
OMDBv2.0_AA_G_NR100_000200977153	1	1	1	JAJFHR01
OMDBv2.0_AA_G_NR100_000203250002	1	1	1	JBBKXP01
OMDBv2.0_AA_G_NR100_000213325240	1	1	1	Coralliovum
OMDBv2.0_AA_G_NR100_000215871391	1	1	1	JBDWFY01
OMDBv2.0_AA_G_NR100_000226322951	1	1	1	Paremcibacter
OMDBv2.0_AA_G_NR100_000041076765	1	1	1	Microbaculum
OMDBv2.0_AA_G_NR100_000043698524	1	1	1	JASJBI01
OMDBv2.0_AA_G_NR100_000043713384	1	1	1	Unknown HK1
OMDBv2.0_AA_G_NR100_000051130642	1	1	1	R2A130
OMDBv2.0_AA_G_NR100_000054066839	1	1	1	JAJFGK01
OMDBv2.0_AA_G_NR100_000054300265	1	1	1	JAALLB01
OMDBv2.0_AA_G_NR100_000126776257	1	1	1	JAKFVA01
OMDBv2.0_AA_G_NR100_000142676176	1	1	1	Zooshikella
OMDBv2.0_AA_G_NR100_000144147515	1	1	1	Pseudovibrio
OMDBv2.0_AA_G_NR100_000144812386	1	1	1	Pukyongiella
OMDBv2.0_AA_G_NR100_000151571846	1	1	1	Methyloligella
OMDBv2.0_AA_G_NR100_000167632664	1	1	1	UBA2965
OMDBv2.0_AA_G_NR100_000172817678	1	1	1	Unknown SZUA-8
OMDBv2.0_AA_G_NR100_000182566472	1	1	1	Telluria
OMDBv2.0_AA_G_NR100_000201483790	1	1	1	CAXBMB01
OMDBv2.0_AA_G_NR100_000208004322	1	1	1	JAVJST01
OMDBv2.0_AA_G_NR100_000212206378	1	1	1	JAAAPF01
OMDBv2.0_AA_G_NR100_000225446305	1	1	1	Alkalimarinus
OMDBv2.0_AA_G_NR100_000232130944	1	1	1	Unknown SXRF01
OMDBv2.0_AA_G_NR100_000245007474	1	1	1	Unknown Hyphomicrobiaceae
OMDBv2.0_AA_G_NR100_000041725514	1	1	1	Unknown JAZFYH01
OMDBv2.0_AA_G_NR100_000106613805	1	1	1	UBA6807
OMDBv2.0_AA_G_NR100_000136754566	1	1	1	Hirschia
OMDBv2.0_AA_G_NR100_000139452020	1	1	1	Roseibacterium
OMDBv2.0_AA_G_NR100_000142408246	1	1	1	Granulosicoccus
OMDBv2.0_AA_G_NR100_000142672854	1	1	1	Zooshikella
OMDBv2.0_AA_G_NR100_000146435761	1	1	1	Simplicispira
OMDBv2.0_AA_G_NR100_000150889100	1	1	1	Rubellimicrobium
OMDBv2.0_AA_G_NR100_000151573027	1	1	1	Methyloligella
OMDBv2.0_AA_G_NR100_000172878531	1	1	1	SZUA-8
OMDBv2.0_AA_G_NR100_000174759863	1	1	1	Unknown JAUHZG01
OMDBv2.0_AA_G_NR100_000175819743	1	1	1	Sphingobium
OMDBv2.0_AA_G_NR100_000181239871	1	1	1	Brachymonas
OMDBv2.0_AA_G_NR100_000200977578	1	1	1	JAJFHR01
OMDBv2.0_AA_G_NR100_000217085649	1	1	1	GCA-2720935
OMDBv2.0_AA_G_NR100_000232127376	1	1	1	Unknown JBAWWF01
OMDBv2.0_AA_G_NR100_000141781450	1	1	1	Roseomonas
OMDBv2.0_AA_G_NR100_000152408197	1	1	1	Pontivivens
OMDBv2.0_AA_G_NR100_000166713493	1	1	1	JAHEGP01
OMDBv2.0_AA_G_NR100_000167625034	1	1	1	CALJXB01
OMDBv2.0_AA_G_NR100_000215665666	1	1	1	Unknown SAR324
OMDBv2.0_AA_G_NR100_000131298534	1	1	1	CAKZTM01
OMDBv2.0_AA_G_NR100_000150005196	1	1	1	Marmoricola_A
OMDBv2.0_AA_G_NR100_000150875087	1	1	1	Rhodococcus_F
OMDBv2.0_AA_G_NR100_000151301410	1	1	1	Pseudomaricurvus
OMDBv2.0_AA_G_NR100_000163175382	1	1	1	Unknown UBA1532
OMDBv2.0_AA_G_NR100_000004553831	1	1	1	SXNM01
OMDBv2.0_AA_G_NR100_000066057831	1	1	1	JABHGV01
OMDBv2.0_AA_G_NR100_000068464064	1	1	1	UBA3077
OMDBv2.0_AA_G_NR100_000148794196	1	1	1	Rhodococcus_G
OMDBv2.0_AA_G_NR100_000153611670	1	1	1	Pontivivens
OMDBv2.0_AA_G_NR100_000062776957	1	1	1	JACESU01
OMDBv2.0_AA_G_NR100_000142225632	1	1	1	Oleiphilus
OMDBv2.0_AA_G_NR100_000143155092	1	1	1	Rhodococcus
OMDBv2.0_AA_G_NR100_000163419796	1	1	1	VGSZ01
OMDBv2.0_AA_G_NR100_000172301005	1	1	1	JAAZVW01
OMDBv2.0_AA_G_NR100_000180030887	1	1	1	JAXHVT01
OMDBv2.0_AA_G_NR100_000007251540	1	1	1	WHUA01
OMDBv2.0_AA_G_NR100_000136537305	1	1	1	Acidiphilium
OMDBv2.0_AA_G_NR100_000139575870	1	1	1	Methanoperedens
OMDBv2.0_AA_G_NR100_000140721152	1	1	1	Roseibium
OMDBv2.0_AA_G_NR100_000010236571	1	1	1	Unknown Desulfosarcinaceae
OMDBv2.0_AA_G_NR100_000062319003	1	1	1	Unknown QNYZ01
OMDBv2.0_AA_G_NR100_000107573418	1	1	1	CALGNO01
OMDBv2.0_AA_G_NR100_000153043466	1	1	1	Pseudonocardia
OMDBv2.0_AA_G_NR100_000187639448	1	1	1	Allohahella
OMDBv2.0_AA_G_NR100_000038389880	1	1	1	Pseudorhodoplanes
OMDBv2.0_AA_G_NR100_000096539691	1	1	1	JAKUPQ01
OMDBv2.0_AA_G_NR100_000138012509	1	1	1	Acidocella
OMDBv2.0_AA_G_NR100_000145688335	1	1	1	Acuticoccus
OMDBv2.0_AA_G_NR100_000239097011	1	1	1	UBA1672
OMDBv2.0_AA_G_NR100_000016583946	1	1	1	Unknown JADFAD01
OMDBv2.0_AA_G_NR100_000152962426	1	1	1	Chloracidobacterium
OMDBv2.0_AA_G_NR100_000171329325	1	1	1	Unknown SLOV01
OMDBv2.0_AA_G_NR100_000104077934	1	1	1	Geopseudomonas
OMDBv2.0_AA_G_NR100_000226601188	1	1	1	GCA-2402195
OMDBv2.0_AA_G_NR100_000246305174	1	1	1	JAZGBC01
OMDBv2.0_AA_G_NR100_000232014967	1	1	1	CAKZTM01
OMDBv2.0_AA_G_NR100_000008122793	1	1	1	G020354665
OMDBv2.0_AA_G_NR100_000044127440	1	1	1	Unknown Stappiaceae
OMDBv2.0_AA_G_NR100_000074752286	1	1	1	Litoribacillus
OMDBv2.0_AA_G_NR100_000138024417	1	1	1	Desulfobacula
OMDBv2.0_AA_G_NR100_000174828897	1	1	1	Unknown UBA6187
OMDBv2.0_AA_G_NR100_000182369807	1	1	1	Litorivicinus
OMDBv2.0_AA_G_NR100_000229376285	1	1	1	Unknown UBA2136
OMDBv2.0_AA_G_NR100_000076952025	1	1	1	CAJXKR01
OMDBv2.0_AA_G_NR100_000146090555	1	1	1	Acidibrevibacterium
OMDBv2.0_AA_G_NR100_000152998003	1	1	1	Nocardioides
OMDBv2.0_AA_G_NR100_000182229107	1	1	1	Glaciecola
OMDBv2.0_AA_G_NR100_000013063495	1	1	1	JADJPF01
OMDBv2.0_AA_G_NR100_000043903997	1	1	1	JASJCT01
OMDBv2.0_AA_G_NR100_000081696293	1	1	1	Litorivicinus
OMDBv2.0_AA_G_NR100_000229232511	1	1	1	JBGSYN01
OMDBv2.0_AA_G_NR100_000230851800	1	1	1	Unknown Bin95
OMDBv2.0_AA_G_NR100_000001360235	1	1	1	Unknown Bin95
OMDBv2.0_AA_G_NR100_000002470696	1	1	1	VMCJ01
OMDBv2.0_AA_G_NR100_000131330991	1	1	1	CAKZTM01
OMDBv2.0_AA_G_NR100_000151030307	1	1	1	Fontimonas
OMDBv2.0_AA_G_NR100_000157679172	1	1	1	Unknown JALZUV01
OMDBv2.0_AA_G_NR100_000200827192	1	1	1	Kordiimonas
OMDBv2.0_AA_G_NR100_000229278311	1	1	1	Unknown Rhodobacteraceae
OMDBv2.0_AA_G_NR100_000245673123	1	1	1	Halovulum
OMDBv2.0_AA_G_NR100_000036222439	1	1	1	Algicella
OMDBv2.0_AA_G_NR100_000174127067	1	1	1	VMCJ01
OMDBv2.0_AA_G_NR100_000190778207	1	1	1	JACKII01
OMDBv2.0_AA_G_NR100_000085071617	1	1	1	JACKII01
OMDBv2.0_AA_G_NR100_000138470011	1	1	1	Neomegalonema
OMDBv2.0_AA_G_NR100_000006780191	1	1	1	Unknown JANQMY01
OMDBv2.0_AA_G_NR100_000025437762	1	1	1	Kordiimonas
OMDBv2.0_AA_G_NR100_000140716424	1	1	1	Prosthecodimorpha
OMDBv2.0_AA_G_NR100_000148715994	1	1	1	Methylobacterium
OMDBv2.0_AA_G_NR100_000195358270	1	1	1	GCA-2721365
OMDBv2.0_AA_G_NR100_000201529072	1	1	1	UBA11612
OMDBv2.0_AA_G_NR100_000226286266	1	1	1	UBA3077
OMDBv2.0_AA_G_NR100_000229127539	1	1	1	JAVKFY01
OMDBv2.0_AA_G_NR100_000004999542	1	1	1	Rhizomicrobium
OMDBv2.0_AA_G_NR100_000036618459	1	1	1	Micavibrio_B
OMDBv2.0_AA_G_NR100_000036744352	1	1	1	Bodonicaedibacter
OMDBv2.0_AA_G_NR100_000041658662	1	1	1	Unknown GCA-2731375
OMDBv2.0_AA_G_NR100_000043820312	1	1	1	Unknown DSM-21967
OMDBv2.0_AA_G_NR100_000051771927	1	1	1	JAHZLG01
OMDBv2.0_AA_G_NR100_000138010753	1	1	1	Acidocella
OMDBv2.0_AA_G_NR100_000139638672	1	1	1	Xanthobacter
OMDBv2.0_AA_G_NR100_000141001791	1	1	1	Novosphingobium
OMDBv2.0_AA_G_NR100_000145155969	1	1	1	Limnohabitans
OMDBv2.0_AA_G_NR100_000145291779	1	1	1	Methylosinus
OMDBv2.0_AA_G_NR100_000151304187	1	1	1	Pseudomaricurvus
OMDBv2.0_AA_G_NR100_000147473920	1	1	1	Rhodovarius
OMDBv2.0_AA_G_NR100_000150353684	1	1	1	Azospira
OMDBv2.0_AA_G_NR100_000164320670	1	1	1	Unknown UBA8366
OMDBv2.0_AA_G_NR100_000181994234	1	1	1	Unknown DSM-21967
OMDBv2.0_AA_G_NR100_000184468102	1	1	1	UBA1908
OMDBv2.0_AA_G_NR100_000201532424	1	1	1	Henriciella
OMDBv2.0_AA_G_NR100_000236421512	1	1	1	Unknown UBA6187
OMDBv2.0_AA_G_NR100_000006615979	1	1	1	JASMHE01
OMDBv2.0_AA_G_NR100_000042726585	1	1	1	JALZUV01
OMDBv2.0_AA_G_NR100_000043695931	1	1	1	JASJBI01
OMDBv2.0_AA_G_NR100_000069213257	1	1	1	Paremcibacter
OMDBv2.0_AA_G_NR100_000160329006	1	1	1	JABSSB01
OMDBv2.0_AA_G_NR100_000219954369	1	1	1	JAAXHV01
OMDBv2.0_AA_G_NR100_000221966594	1	1	1	JANQOH01
OMDBv2.0_AA_G_NR100_000233646680	1	1	1	Sneathiella
OMDBv2.0_AA_G_NR100_000244753550	1	1	1	QCWD01
OMDBv2.0_AA_G_NR100_000140310246	1	1	1	Paramagnetospirillum
OMDBv2.0_AA_G_NR100_000149365664	1	1	1	Stella
OMDBv2.0_AA_G_NR100_000170259795	1	1	1	JAOTYV01
OMDBv2.0_AA_G_NR100_000187255678	1	1	1	Unknown CACJXQ01
OMDBv2.0_AA_G_NR100_000198698843	1	1	1	Hirschia
OMDBv2.0_AA_G_NR100_000202376470	1	1	1	Unknown UBA830
OMDBv2.0_AA_G_NR100_000024717517	1	1	1	Ferrovibrio
OMDBv2.0_AA_G_NR100_000038903021	1	1	1	NORP23
OMDBv2.0_AA_G_NR100_000058343576	1	1	1	GCA-2690215
OMDBv2.0_AA_G_NR100_000130907006	1	1	1	R2A130
OMDBv2.0_AA_G_NR100_000131018535	1	1	1	UBA8079
OMDBv2.0_AA_G_NR100_000212170024	1	1	1	JANQGH01
OMDBv2.0_AA_G_NR100_000230464836	1	1	1	Unknown JACOMY01
OMDBv2.0_AA_G_NR100_000239130416	1	1	1	Paremcibacter
OMDBv2.0_AA_G_NR100_000033157405	1	1	1	CALGNO01
OMDBv2.0_AA_G_NR100_000044903515	1	1	1	CALZIL01
OMDBv2.0_AA_G_NR100_000068325065	1	1	1	JALWJW01
OMDBv2.0_AA_G_NR100_000105066981	1	1	1	Sneathiella
OMDBv2.0_AA_G_NR100_000107577897	1	1	1	JAHDDY01
OMDBv2.0_AA_G_NR100_000159817613	1	1	1	Erythrobacter
OMDBv2.0_AA_G_NR100_000185747831	1	1	1	JAPYRI01
OMDBv2.0_AA_G_NR100_000192648623	1	1	1	JAVJON01
OMDBv2.0_AA_G_NR100_000232131952	1	1	1	Unknown SXRF01
OMDBv2.0_AA_G_NR100_000001732218	1	1	1	Unknown Casp-alpha2
OMDBv2.0_AA_G_NR100_000104288788	1	1	1	WLXB01
OMDBv2.0_AA_G_NR100_000140458194	1	1	1	Magnetospira
OMDBv2.0_AA_G_NR100_000145771147	1	1	1	Halovulum
OMDBv2.0_AA_G_NR100_000146436831	1	1	1	Indioceanicola
OMDBv2.0_AA_G_NR100_000161755914	1	1	1	JAGSHC01
OMDBv2.0_AA_G_NR100_000236838726	1	1	1	Sneathiella
OMDBv2.0_AA_G_NR100_000072414715	1	1	1	Unknown JAKSBE01
OMDBv2.0_AA_G_NR100_000141204915	1	1	1	Oceanibaculum
OMDBv2.0_AA_G_NR100_000217713698	1	1	1	Unknown DSM-16000
OMDBv2.0_AA_G_NR100_000227883310	1	1	1	JAMWZD01
OMDBv2.0_AA_G_NR100_000244980876	1	1	1	Unknown Rhodobacteraceae
OMDBv2.0_AA_G_NR100_000079814995	1	1	1	Kordiimonas
OMDBv2.0_AA_G_NR100_000163777560	1	1	1	Unknown Rickettsiales
OMDBv2.0_AA_G_NR100_000174836416	1	1	1	Unknown Rickettsiales
OMDBv2.0_AA_G_NR100_000180479388	1	1	1	GLO-3
OMDBv2.0_AA_G_NR100_000226276649	1	1	1	Sneathiella
OMDBv2.0_AA_G_NR100_000234368787	1	1	1	Unknown JAJNBL01
OMDBv2.0_AA_G_NR100_000001688073	1	1	1	JABMOQ01
OMDBv2.0_AA_G_NR100_000132071547	1	1	1	WFHF3C12
OMDBv2.0_AA_G_NR100_000226697750	1	1	1	Kordiimonas
OMDBv2.0_AA_G_NR100_000245106320	1	1	1	Amaricoccus
OMDBv2.0_AA_G_NR100_000246598068	1	1	1	JASLMY01
OMDBv2.0_AA_G_NR100_000035924550	1	1	1	CAKZYD01
OMDBv2.0_AA_G_NR100_000043695813	1	1	1	JASJBI01
OMDBv2.0_AA_G_NR100_000076932411	1	1	1	Halospina
OMDBv2.0_AA_G_NR100_000147291490	1	1	1	Blastochloris
OMDBv2.0_AA_G_NR100_000148573032	1	1	1	Fontimonas
OMDBv2.0_AA_G_NR100_000159570983	1	1	1	Megaera
OMDBv2.0_AA_G_NR100_000236703654	1	1	1	JAYZVO01
OMDBv2.0_AA_G_NR100_000054008585	1	1	1	JAJFGK01
OMDBv2.0_AA_G_NR100_000140152926	1	1	1	Cupriavidus
OMDBv2.0_AA_G_NR100_000145295433	1	1	1	Pseudoroseomonas
OMDBv2.0_AA_G_NR100_000160246545	1	1	1	UBA724
OMDBv2.0_AA_G_NR100_000040420795	1	1	1	UBA1479
OMDBv2.0_AA_G_NR100_000129117370	1	1	1	Thermohalobaculum
OMDBv2.0_AA_G_NR100_000148045156	1	1	1	Paracraurococcus
OMDBv2.0_AA_G_NR100_000163409699	1	1	1	Kordiimonas
OMDBv2.0_AA_G_NR100_000186571767	1	1	1	Hyphobacterium
OMDBv2.0_AA_G_NR100_000203953007	1	1	1	Sphaerotilus
OMDBv2.0_AA_G_NR100_000230779094	1	1	1	JALTZE01
OMDBv2.0_AA_G_NR100_000007067963	1	1	1	SG8-40
OMDBv2.0_AA_G_NR100_000043701500	1	1	1	Unknown CALKHQ01
OMDBv2.0_AA_G_NR100_000071447097	1	1	1	CAMYKD01
OMDBv2.0_AA_G_NR100_000141055454	1	1	1	Kordiimonas
OMDBv2.0_AA_G_NR100_000001712061	1	1	1	JAJFIE01
OMDBv2.0_AA_G_NR100_000181763856	1	1	1	JABJCZ01
OMDBv2.0_AA_G_NR100_000197201598	1	1	1	Marivibrio
OMDBv2.0_AA_G_NR100_000226321678	1	1	1	Paremcibacter
OMDBv2.0_AA_G_NR100_000056530384	1	1	1	JAJEFO01
OMDBv2.0_AA_G_NR100_000201498777	1	1	1	Maricaulis
OMDBv2.0_AA_G_NR100_000044200994	1	1	1	Unknown JAKSDN01
OMDBv2.0_AA_G_NR100_000161145434	1	1	1	Porticoccus
OMDBv2.0_AA_G_NR100_000172886890	1	1	1	JAJRSS01
OMDBv2.0_AA_G_NR100_000226442436	1	1	1	JAJFHR01
OMDBv2.0_AA_G_NR100_000229317372	1	1	1	Lichenihabitans
OMDBv2.0_AA_G_NR100_000151296263	1	1	1	Pelagibius
OMDBv2.0_AA_G_NR100_000246246985	1	1	1	Unknown Minwuiaceae
OMDBv2.0_AA_G_NR100_000002702320	1	1	1	JAACDH01
OMDBv2.0_AA_G_NR100_000041208734	1	1	1	Magnetovibrio
OMDBv2.0_AA_G_NR100_000104475834	1	1	1	Casp-alpha2
OMDBv2.0_AA_G_NR100_000138973157	1	1	1	Paramagnetospirillum
OMDBv2.0_AA_G_NR100_000165958730	1	1	1	Unknown Rhodospirillales
OMDBv2.0_AA_G_NR100_000054065823	1	1	1	JAJFGK01
OMDBv2.0_AA_G_NR100_000064886341	1	1	1	JABILA01
OMDBv2.0_AA_G_NR100_000137966204	1	1	1	Gallaecimonas
OMDBv2.0_AA_G_NR100_000174814502	1	1	1	Unknown Nitriliruptoraceae
OMDBv2.0_AA_G_NR100_000198787267	1	1	1	Rickettsia
OMDBv2.0_AA_G_NR100_000247320336	1	1	1	Casp-alpha2
OMDBv2.0_AA_G_NR100_000010079125	1	1	1	JAHIVH01
OMDBv2.0_AA_G_NR100_000041676054	1	1	1	Unknown J153
OMDBv2.0_AA_G_NR100_000145319549	1	1	1	Azospirillum
OMDBv2.0_AA_G_NR100_000178483319	1	1	1	Unknown UBA796
OMDBv2.0_AA_G_NR100_000127702058	1	1	1	S015-6
OMDBv2.0_AA_G_NR100_000145154032	1	1	1	Limnohabitans
OMDBv2.0_AA_G_NR100_000145192307	1	1	1	Roseovarius
OMDBv2.0_AA_G_NR100_000145779432	1	1	1	Piscinibacter
OMDBv2.0_AA_G_NR100_000149546716	1	1	1	Verticiella
OMDBv2.0_AA_G_NR100_000165461940	1	1	1	Pseudonocardia
OMDBv2.0_AA_G_NR100_000170078205	1	1	1	J085
OMDBv2.0_AA_G_NR100_000181487963	1	1	1	Pelomonas
OMDBv2.0_AA_G_NR100_000236143598	1	1	1	JBDNIO01
OMDBv2.0_AA_G_NR100_000239635945	1	1	1	Unknown JAPPOO01
OMDBv2.0_AA_G_NR100_000146240871	1	1	1	Rhodoferax_C
OMDBv2.0_AA_G_NR100_000149359775	1	1	1	Elioraea
OMDBv2.0_AA_G_NR100_000150191435	1	1	1	Roseibium
OMDBv2.0_AA_G_NR100_000153690877	1	1	1	Legionella_A
OMDBv2.0_AA_G_NR100_000159435323	1	1	1	PALSA-1004
OMDBv2.0_AA_G_NR100_000238022540	1	1	1	Unknown UBA1532
OMDBv2.0_AA_G_NR100_000242551829	1	1	1	RYN-111
OMDBv2.0_AA_G_NR100_000145024345	1	1	1	Glaciimonas
OMDBv2.0_AA_G_NR100_000148848041	1	1	1	Chitinivorax
OMDBv2.0_AA_G_NR100_000174112187	1	1	1	Stieleria
OMDBv2.0_AA_G_NR100_000191150485	1	1	1	Unknown Parvibaculaceae
OMDBv2.0_AA_G_NR100_000212207518	1	1	1	JAAAPF01
OMDBv2.0_AA_G_NR100_000007088943	1	1	1	Unknown CAIRSR01
OMDBv2.0_AA_G_NR100_000010151405	1	1	1	Aquabacterium
OMDBv2.0_AA_G_NR100_000129166138	1	1	1	JALSRG01
OMDBv2.0_AA_G_NR100_000140574680	1	1	1	Ramlibacter
OMDBv2.0_AA_G_NR100_000146275207	1	1	1	Nioella
OMDBv2.0_AA_G_NR100_000148012333	1	1	1	Aquitalea
OMDBv2.0_AA_G_NR100_000149730620	1	1	1	Trebonia
OMDBv2.0_AA_G_NR100_000151454788	1	1	1	Leeia
OMDBv2.0_AA_G_NR100_000001859015	1	1	1	Rhodoferax
OMDBv2.0_AA_G_NR100_000017073054	1	1	1	Aquabacterium
OMDBv2.0_AA_G_NR100_000044153638	1	1	1	XYA12-FULL-58-9
OMDBv2.0_AA_G_NR100_000044237521	1	1	1	Aestuariivita
OMDBv2.0_AA_G_NR100_000140293560	1	1	1	Sulfuritalea
OMDBv2.0_AA_G_NR100_000140497412	1	1	1	Lampropedia
OMDBv2.0_AA_G_NR100_000159549508	1	1	1	PALSA-1004
OMDBv2.0_AA_G_NR100_000166361283	1	1	1	SMWK01
OMDBv2.0_AA_G_NR100_000172174976	1	1	1	Lutimaribacter
OMDBv2.0_AA_G_NR100_000181316422	1	1	1	Phycobacter
OMDBv2.0_AA_G_NR100_000182221194	1	1	1	Glaciecola
OMDBv2.0_AA_G_NR100_000138480690	1	1	1	Chitiniphilus
OMDBv2.0_AA_G_NR100_000148621979	1	1	1	Phreatobacter
OMDBv2.0_AA_G_NR100_000151132446	1	1	1	Roseovarius
OMDBv2.0_AA_G_NR100_000180481535	1	1	1	GLO-3
OMDBv2.0_AA_G_NR100_000148255102	1	1	1	Polymorphobacter_A
OMDBv2.0_AA_G_NR100_000140295326	1	1	1	Sulfuritalea
OMDBv2.0_AA_G_NR100_000163112435	1	1	1	Unknown Rhodobacteraceae
OMDBv2.0_AA_G_NR100_000179767789	1	1	1	Burkholderia
OMDBv2.0_AA_G_NR100_000190687810	1	1	1	GCA-2709565
OMDBv2.0_AA_G_NR100_000192444195	1	1	1	GCA-2863045
OMDBv2.0_AA_G_NR100_000206926808	1	1	1	Hwanghaeella
OMDBv2.0_AA_G_NR100_000244514221	1	1	1	SZUA-592
OMDBv2.0_AA_G_NR100_000246472837	1	1	1	Unknown G022571365
OMDBv2.0_AA_G_NR100_000038278747	1	1	1	JAQSWP01
OMDBv2.0_AA_G_NR100_000144211022	1	1	1	Pseudonocardia
OMDBv2.0_AA_G_NR100_000248548440	1	1	1	JADFIF01
OMDBv2.0_AA_G_NR100_000043702496	1	1	1	Unknown CALKHQ01
OMDBv2.0_AA_G_NR100_000043820995	1	1	1	Unknown DSM-21967
OMDBv2.0_AA_G_NR100_000068465190	1	1	1	UBA3077
OMDBv2.0_AA_G_NR100_000163806252	1	1	1	Unknown Rickettsiales
OMDBv2.0_AA_G_NR100_000199446999	1	1	1	CAXBMB01
OMDBv2.0_AA_G_NR100_000006701911	1	1	1	G023898765
OMDBv2.0_AA_G_NR100_000127346572	1	1	1	WFPA01
OMDBv2.0_AA_G_NR100_000198719619	1	1	1	Unknown UBA3002
OMDBv2.0_AA_G_NR100_000147524634	1	1	1	Halovenus
OMDBv2.0_AA_G_NR100_000246156707	1	1	1	Unknown UBA3002
OMDBv2.0_AA_G_NR100_000248301744	1	1	1	Halalkalicoccus
OMDBv2.0_AA_G_NR100_000062319651	1	1	1	Unknown QNYZ01
OMDBv2.0_AA_G_NR100_000150156871	1	1	1	Rhodospira
OMDBv2.0_AA_G_NR100_000159640098	1	1	1	Limnohabitans
OMDBv2.0_AA_G_NR100_000149961161	1	1	1	Stieleria
OMDBv2.0_AA_G_NR100_000247644487	1	1	1	Casp-alpha2
OMDBv2.0_AA_G_NR100_000128139683	1	1	1	Unknown Legionellaceae
OMDBv2.0_AA_G_NR100_000161756053	1	1	1	JAGSHC01
OMDBv2.0_AA_G_NR100_000244633853	1	1	1	JARFQH01
OMDBv2.0_AA_G_NR100_000013069023	1	1	1	JADJPF01
OMDBv2.0_AA_G_NR100_000013584883	1	1	1	UBA2128
OMDBv2.0_AA_G_NR100_000146200839	1	1	1	AK92
OMDBv2.0_AA_G_NR100_000163352537	1	1	1	Pontivivens
OMDBv2.0_AA_G_NR100_000246446457	1	1	1	JAPULJ01
OMDBv2.0_AA_G_NR100_000180400301	1	1	1	S5133MH16
OMDBv2.0_AA_G_NR100_000000426420	1	1	1	Sulfitobacter
OMDBv2.0_AA_G_NR100_000199307736	1	1	1	Nisaea
OMDBv2.0_AA_G_NR100_000041410101	1	1	1	Unknown JAKSDN01
OMDBv2.0_AA_G_NR100_000082097197	1	1	1	GCA-2708415
OMDBv2.0_AA_G_NR100_000148541460	1	1	1	Legionella
OMDBv2.0_AA_G_NR100_000131045995	1	1	1	JAHDDY01
OMDBv2.0_AA_G_NR100_000041500289	1	1	1	Unknown DC-out160
OMDBv2.0_AA_G_NR100_000044906969	1	1	1	UBA7887
OMDBv2.0_AA_G_NR100_000166440691	1	1	1	JAPUGB01
OMDBv2.0_AA_G_NR100_000212152076	1	1	1	Unknown JBCCNR01
OMDBv2.0_AA_G_NR100_000170333623	1	1	1	CAXMNX01
OMDBv2.0_AA_G_NR100_000142039861	1	1	1	Planktotalea
OMDBv2.0_AA_G_NR100_000098881065	1	1	1	VXOI01
OMDBv2.0_AA_G_NR100_000181732167	1	1	1	JAYPWI01
OMDBv2.0_AA_G_NR100_000037277088	1	1	1	JAWQFO01
OMDBv2.0_AA_G_NR100_000229933876	1	1	1	Halomonas
OMDBv2.0_AA_G_NR100_000054022523	1	1	1	Unknown HK1
OMDBv2.0_AA_G_NR100_000148050071	1	1	1	Paracraurococcus
OMDBv2.0_AA_G_NR100_000170294088	1	1	1	SG8-40
OMDBv2.0_AA_G_NR100_000223558156	1	1	1	CABZJG01
OMDBv2.0_AA_G_NR100_000054041535	1	1	1	UBA1847
OMDBv2.0_AA_G_NR100_000169838200	1	1	1	Simplicispira
OMDBv2.0_AA_G_NR100_000003043044	1	1	1	JACKFC01
OMDBv2.0_AA_G_NR100_000043830921	1	1	1	Trichodesmium
OMDBv2.0_AA_G_NR100_000074713786	1	1	1	Salinivivens
OMDBv2.0_AA_G_NR100_000169552538	1	1	1	Polaromonas
OMDBv2.0_AA_G_NR100_000244341853	1	1	1	Marinobacter
OMDBv2.0_AA_G_NR100_000138037614	1	1	1	Tatlockia
OMDBv2.0_AA_G_NR100_000037287748	1	1	1	Sulfitobacter
OMDBv2.0_AA_G_NR100_000114652170	1	1	1	Ahrensia
OMDBv2.0_AA_G_NR100_000136967323	1	1	1	Vibrio
OMDBv2.0_AA_G_NR100_000197733966	1	1	1	Ketobacter
OMDBv2.0_AA_G_NR100_000245342633	1	1	1	Halomonas
OMDBv2.0_AA_G_NR100_000170079692	1	1	1	J085
OMDBv2.0_AA_G_NR100_000057078748	1	1	1	Sandarakinorhabdus
OMDBv2.0_AA_G_NR100_000230576102	1	1	1	Pyruvatibacter
OMDBv2.0_AA_G_NR100_000144333361	1	1	1	Nitrosocaldus
OMDBv2.0_AA_G_NR100_000051773031	1	1	1	JAHZLG01
OMDBv2.0_AA_G_NR100_000153044274	1	1	1	Pseudonocardia
OMDBv2.0_AA_G_NR100_000228134080	1	1	1	Unknown JAUHZG01
OMDBv2.0_AA_G_NR100_000245401210	1	1	1	Sulfuritalea
OMDBv2.0_AA_G_NR100_000208828936	1	1	1	HK1
OMDBv2.0_AA_G_NR100_000008401396	1	1	1	Unknown Desulfosarcinaceae
OMDBv2.0_AA_G_NR100_000148579820	1	1	1	Halorientalis
OMDBv2.0_AA_G_NR100_000174113291	1	1	1	Stieleria
OMDBv2.0_AA_G_NR100_000138680328	1	1	1	Salinarchaeum
OMDBv2.0_AA_G_NR100_000150827155	1	1	1	Salinirussus
OMDBv2.0_AA_G_NR100_000035926106	1	1	1	CAKZYD01
OMDBv2.0_AA_G_NR100_000106614061	1	1	1	UBA6807
OMDBv2.0_AA_G_NR100_000218771653	1	1	1	CAWUJT01
OMDBv2.0_AA_G_NR100_000056701198	1	1	1	Unknown JAEUOS01
OMDBv2.0_AA_G_NR100_000154303122	1	1	1	Unknown Arenicellales
OMDBv2.0_AA_G_NR100_000072679977	1	1	1	HK1
OMDBv2.0_AA_G_NR100_000182219778	1	1	1	Glaciecola
OMDBv2.0_AA_G_NR100_000138017011	1	1	1	Haloferax
OMDBv2.0_AA_G_NR100_000043604300	1	1	1	JAUXGQ01
OMDBv2.0_AA_G_NR100_000076912723	1	1	1	Natronomonas
OMDBv2.0_AA_G_NR100_000162195567	1	1	1	Dasania
OMDBv2.0_AA_G_NR100_000158852807	1	1	1	Halopseudomonas
OMDBv2.0_AA_G_NR100_000190971000	1	1	1	JAGSHC01
OMDBv2.0_AA_G_NR100_000043888550	1	1	1	JASJDC01
OMDBv2.0_AA_G_NR100_000130692486	1	1	1	HK1
OMDBv2.0_AA_G_NR100_000230474145	1	1	1	Acuticoccus
OMDBv2.0_AA_G_NR100_000171533589	1	1	1	UBA4421
OMDBv2.0_AA_G_NR100_000236912997	1	1	1	Thermohalobaculum
OMDBv2.0_AA_G_NR100_000106876682	1	1	1	Thermohalobaculum
OMDBv2.0_AA_G_NR100_000205206817	1	1	1	Unknown Gammaproteobacteria
OMDBv2.0_AA_G_NR100_000002672928	1	1	1	CALCXL01
OMDBv2.0_AA_G_NR100_000033481795	1	1	1	Thermohalobaculum
OMDBv2.0_AA_G_NR100_000231935759	1	1	1	Thermohalobaculum
OMDBv2.0_AA_G_NR100_000231215413	1	1	1	Temperatibacter
OMDBv2.0_AA_G_NR100_000036213114	1	1	1	Thermohalobaculum
OMDBv2.0_AA_G_NR100_000038396386	1	1	1	Hyphomonas
OMDBv2.0_AA_G_NR100_000183746457	1	1	1	Thermohalobaculum
OMDBv2.0_AA_G_NR100_000079053112	1	1	1	CAIOHZ01
OMDBv2.0_AA_G_NR100_000178758418	1	1	1	Unknown UBA9615
OMDBv2.0_AA_G_NR100_000146166302	1	1	1	Halorussus
OMDBv2.0_AA_G_NR100_000103879901	1	1	1	M0108
OMDBv2.0_AA_G_NR100_000178736998	1	1	1	CALDOK01
OMDBv2.0_AA_G_NR100_000036477650	1	1	1	Kordiimonas_A
OMDBv2.0_AA_G_NR100_000178970475	1	1	1	Unknown UBA9615
OMDBv2.0_AA_G_NR100_000009098320	1	1	1	JAABYT01
OMDBv2.0_AA_G_NR100_000039625127	1	1	1	NORP240
OMDBv2.0_AA_G_NR100_000045550262	1	1	1	HIMB30
OMDBv2.0_AA_G_NR100_000178710227	1	1	1	Unknown JAFGLY01
OMDBv2.0_AA_G_NR100_000053923843	1	1	1	JAAETI01
OMDBv2.0_AA_G_NR100_000166222845	1	1	1	JAHEKE01
OMDBv2.0_AA_G_NR100_000172161162	1	1	1	Unknown Nitrococcaceae
OMDBv2.0_AA_G_NR100_000182791076	1	1	1	Unknown Rhodobacteraceae
OMDBv2.0_AA_G_NR100_000174615352	1	1	1	Algiphilus
OMDBv2.0_AA_G_NR100_000197363339	1	1	1	Legionella_A
OMDBv2.0_AA_G_NR100_000020482416	1	1	1	Bradyrhizobium
OMDBv2.0_AA_G_NR100_000103708875	1	1	1	Polynucleobacter
OMDBv2.0_AA_G_NR100_000151549782	1	1	1	Aliiroseovarius
OMDBv2.0_AA_G_NR100_000228434098	1	1	1	Roseovarius
OMDBv2.0_AA_G_NR100_000242987606	1	1	1	Polaromonas
OMDBv2.0_AA_G_NR100_000038996796	1	1	1	Novosphingobium
OMDBv2.0_AA_G_NR100_000041187467	1	1	1	Desulfoluna
OMDBv2.0_AA_G_NR100_000140681541	1	1	1	AAP99
OMDBv2.0_AA_G_NR100_000150191431	1	1	1	Roseibium
OMDBv2.0_AA_G_NR100_000165507342	1	1	1	Halopseudomonas
OMDBv2.0_AA_G_NR100_000036688003	1	1	1	EhC02
OMDBv2.0_AA_G_NR100_000079386150	1	1	1	JANQLI01
OMDBv2.0_AA_G_NR100_000107177459	1	1	1	CALLCD01
OMDBv2.0_AA_G_NR100_000147554394	1	1	1	Pusillimonas_D
OMDBv2.0_AA_G_NR100_000151625594	1	1	1	Streptomyces
OMDBv2.0_AA_G_NR100_000214668027	1	1	1	JANQMR01
OMDBv2.0_AA_G_NR100_000244922697	1	1	1	IMCC2047
OMDBv2.0_AA_G_NR100_000143550633	1	1	1	Paracoccus
OMDBv2.0_AA_G_NR100_000225966400	1	1	1	UBA954
OMDBv2.0_AA_G_NR100_000036551149	1	1	1	Halopseudomonas
OMDBv2.0_AA_G_NR100_000148047724	1	1	1	Paracraurococcus
OMDBv2.0_AA_G_NR100_000167406597	1	1	1	Unknown Halieaceae
OMDBv2.0_AA_G_NR100_000237172810	1	1	1	Unknown LLD-282
OMDBv2.0_AA_G_NR100_000104013453	1	1	1	UBA2192
OMDBv2.0_AA_G_NR100_000160779231	1	1	1	Sphingorhabdus_B
OMDBv2.0_AA_G_NR100_000181520258	1	1	1	IMCC2047
OMDBv2.0_AA_G_NR100_000010237910	1	1	1	Unknown Desulfosarcinaceae
OMDBv2.0_AA_G_NR100_000085750783	1	1	1	Eutrophovita
OMDBv2.0_AA_G_NR100_000103793169	1	1	1	Malikia
OMDBv2.0_AA_G_NR100_000145045835	1	1	1	Algicoccus
OMDBv2.0_AA_G_NR100_000147732220	1	1	1	Leisingera
OMDBv2.0_AA_G_NR100_000161195157	1	1	1	Henriciella
OMDBv2.0_AA_G_NR100_000151629925	1	1	1	Streptomyces
OMDBv2.0_AA_G_NR100_000079387460	1	1	1	JANQLI01
OMDBv2.0_AA_G_NR100_000157262288	1	1	1	UBA1664
OMDBv2.0_AA_G_NR100_000181433075	1	1	1	Unknown Rickettsiaceae
OMDBv2.0_AA_G_NR100_000229489332	1	1	1	Novosphingobium
OMDBv2.0_AA_G_NR100_000172160677	1	1	1	Unknown Nitrococcaceae
OMDBv2.0_AA_G_NR100_000202990263	1	1	1	IMCC2047
OMDBv2.0_AA_G_NR100_000246403548	1	1	1	JAZFZN01
OMDBv2.0_AA_G_NR100_000007993387	1	1	1	Unknown JAHJQQ01
OMDBv2.0_AA_G_NR100_000175246819	1	1	1	Unknown JACAEB01
OMDBv2.0_AA_G_NR100_000200347967	1	1	1	GM7GCV1
OMDBv2.0_AA_G_NR100_000131290009	1	1	1	UBA1664
OMDBv2.0_AA_G_NR100_000141986694	1	1	1	Legionella
OMDBv2.0_AA_G_NR100_000160338775	1	1	1	Neptuniibacter
OMDBv2.0_AA_G_NR100_000079061858	1	1	1	Polynucleobacter
OMDBv2.0_AA_G_NR100_000165415564	1	1	1	GM7GCV1
OMDBv2.0_AA_G_NR100_000129513619	1	1	1	UBA9145
OMDBv2.0_AA_G_NR100_000244557674	1	1	1	Unknown Eutrophobiaceae
OMDBv2.0_AA_G_NR100_000033392847	1	1	1	Unknown GM7GCV1
OMDBv2.0_AA_G_NR100_000140105940	1	1	1	Serpens
OMDBv2.0_AA_G_NR100_000140823244	1	1	1	Ichthyocystis
OMDBv2.0_AA_G_NR100_000144810639	1	1	1	Pukyongiella
OMDBv2.0_AA_G_NR100_000149546380	1	1	1	Verticiella
OMDBv2.0_AA_G_NR100_000246987891	1	1	1	Unknown JACDCP01
OMDBv2.0_AA_G_NR100_000156493373	1	1	1	Pseudooceanicola
OMDBv2.0_AA_G_NR100_000158938252	1	1	1	UBA1664
OMDBv2.0_AA_G_NR100_000038976515	1	1	1	UBA4582
OMDBv2.0_AA_G_NR100_000147761909	1	1	1	Herbaspirillum
OMDBv2.0_AA_G_NR100_000159191862	1	1	1	Z2-YC6860
OMDBv2.0_AA_G_NR100_000182792801	1	1	1	Unknown Rhodobacteraceae
OMDBv2.0_AA_G_NR100_000246844662	1	1	1	Unknown JAVJVX01
OMDBv2.0_AA_G_NR100_000071485868	1	1	1	CADEDH01
OMDBv2.0_AA_G_NR100_000085556180	1	1	1	UBA1664
OMDBv2.0_AA_G_NR100_000166199420	1	1	1	Unknown Azotimanducaceae
OMDBv2.0_AA_G_NR100_000173936818	1	1	1	Unknown JABCZS01
OMDBv2.0_AA_G_NR100_000229544457	1	1	1	Yoonia
OMDBv2.0_AA_G_NR100_000238239030	1	1	1	Unknown SG8-38
OMDBv2.0_AA_G_NR100_000148795588	1	1	1	Rhodococcus_G
OMDBv2.0_AA_G_NR100_000148992807	1	1	1	Sulfitobacter_E
OMDBv2.0_AA_G_NR100_000197221556	1	1	1	Pseudooceanicola
OMDBv2.0_AA_G_NR100_000203004326	1	1	1	Pseudosulfitobacter
OMDBv2.0_AA_G_NR100_000239086663	1	1	1	JAJRRA01
OMDBv2.0_AA_G_NR100_000244928302	1	1	1	Unknown CAJXQU01
OMDBv2.0_AA_G_NR100_000107399181	1	1	1	JAUIAI01
OMDBv2.0_AA_G_NR100_000165467392	1	1	1	Janibacter
OMDBv2.0_AA_G_NR100_000166772095	1	1	1	Unknown JABWBV01
OMDBv2.0_AA_G_NR100_000171763097	1	1	1	CAJQNE01
OMDBv2.0_AA_G_NR100_000175064984	1	1	1	JADZAI01
OMDBv2.0_AA_G_NR100_000244940970	1	1	1	Unknown Cycloclasticaceae
OMDBv2.0_AA_G_NR100_000140105938	1	1	1	Serpens
OMDBv2.0_AA_G_NR100_000151503897	1	1	1	Sphingopyxis
OMDBv2.0_AA_G_NR100_000165987599	1	1	1	JASBSO01
OMDBv2.0_AA_G_NR100_000238833759	1	1	1	JAPUGB01
OMDBv2.0_AA_G_NR100_000037759390	1	1	1	Pelomonas
OMDBv2.0_AA_G_NR100_000040922832	1	1	1	Unknown Nevskiales
OMDBv2.0_AA_G_NR100_000167452687	1	1	1	Unknown Woeseiaceae
OMDBv2.0_AA_G_NR100_000010553223	1	1	1	JACVQI01
OMDBv2.0_AA_G_NR100_000038311716	1	1	1	Rugosibacter
OMDBv2.0_AA_G_NR100_000136433986	1	1	1	Alkalilimnicola
OMDBv2.0_AA_G_NR100_000150903336	1	1	1	Caulobacter
OMDBv2.0_AA_G_NR100_000217388252	1	1	1	Unknown UXAT02
OMDBv2.0_AA_G_NR100_000161072073	1	1	1	Nocardioides
OMDBv2.0_AA_G_NR100_000167562105	1	1	1	JAACFE01
OMDBv2.0_AA_G_NR100_000219104540	1	1	1	Unknown LLD-282
OMDBv2.0_AA_G_NR100_000033406021	1	1	1	Unknown GM7GCV1
OMDBv2.0_AA_G_NR100_000213831658	1	1	1	Persebacter
OMDBv2.0_AA_G_NR100_000059411677	1	1	1	Unknown Rhodospirillales
OMDBv2.0_AA_G_NR100_000146597314	1	1	1	Zavarzinia
OMDBv2.0_AA_G_NR100_000186547620	1	1	1	GCA-2707205
OMDBv2.0_AA_G_NR100_000227972303	1	1	1	R2A130
OMDBv2.0_AA_G_NR100_000076958491	1	1	1	Methylohalomonas
OMDBv2.0_AA_G_NR100_000077185977	1	1	1	JAADHX01
OMDBv2.0_AA_G_NR100_000104666675	1	1	1	SG8-39
OMDBv2.0_AA_G_NR100_000138012337	1	1	1	Acidocella
OMDBv2.0_AA_G_NR100_000149728146	1	1	1	Trebonia
OMDBv2.0_AA_G_NR100_000150037358	1	1	1	Kushneria
OMDBv2.0_AA_G_NR100_000152692034	1	1	1	Tsukamurella
OMDBv2.0_AA_G_NR100_000153149019	1	1	1	Paludibacterium
OMDBv2.0_AA_G_NR100_000153615617	1	1	1	Pseudoprimorskyibacter
OMDBv2.0_AA_G_NR100_000010291121	1	1	1	CAMYKZ01
OMDBv2.0_AA_G_NR100_000159588145	1	1	1	CAWUNB01
OMDBv2.0_AA_G_NR100_000009979122	1	1	1	Unknown DSM-26407
OMDBv2.0_AA_G_NR100_000104080380	1	1	1	Unknown Pseudomonadaceae
OMDBv2.0_AA_G_NR100_000148769827	1	1	1	Aquabacterium
OMDBv2.0_AA_G_NR100_000149981851	1	1	1	Parahaliea
OMDBv2.0_AA_G_NR100_000152337005	1	1	1	Jeongeupia
OMDBv2.0_AA_G_NR100_000179831794	1	1	1	SZUA-117
OMDBv2.0_AA_G_NR100_000202651152	1	1	1	Unknown UBA2964
OMDBv2.0_AA_G_NR100_000217415592	1	1	1	Unknown WYAZ01
OMDBv2.0_AA_G_NR100_000236108558	1	1	1	Salinisphaera
OMDBv2.0_AA_G_NR100_000007088803	1	1	1	Unknown CAIRSR01
OMDBv2.0_AA_G_NR100_000033475651	1	1	1	Unknown GM7GCV1
OMDBv2.0_AA_G_NR100_000130905915	1	1	1	R2A130
OMDBv2.0_AA_G_NR100_000146496539	1	1	1	Hydrogenophilus
OMDBv2.0_AA_G_NR100_000148895655	1	1	1	Shimia_E
OMDBv2.0_AA_G_NR100_000152337896	1	1	1	Jeongeupia
OMDBv2.0_AA_G_NR100_000159771979	1	1	1	Limnohabitans
OMDBv2.0_AA_G_NR100_000203992998	1	1	1	Piscinibacter
OMDBv2.0_AA_G_NR100_000231902367	1	1	1	SG8-40
OMDBv2.0_AA_G_NR100_000131333334	1	1	1	CAKZTM01
OMDBv2.0_AA_G_NR100_000154234957	1	1	1	Persebacter
OMDBv2.0_AA_G_NR100_000184492987	1	1	1	SYFN01
OMDBv2.0_AA_G_NR100_000234470503	1	1	1	JBALVT01
OMDBv2.0_AA_G_NR100_000242023620	1	1	1	Desulforhopalus
OMDBv2.0_AA_G_NR100_000018632459	1	1	1	Psychrobium
OMDBv2.0_AA_G_NR100_000140109778	1	1	1	Sphingomonas
OMDBv2.0_AA_G_NR100_000140857726	1	1	1	Paucibacter_A
OMDBv2.0_AA_G_NR100_000218055461	1	1	1	JANQGQ01
OMDBv2.0_AA_G_NR100_000009056049	1	1	1	Unknown WYBJ01
OMDBv2.0_AA_G_NR100_000062776298	1	1	1	JACESU01
OMDBv2.0_AA_G_NR100_000152410047	1	1	1	Pontivivens
OMDBv2.0_AA_G_NR100_000157986742	1	1	1	Sphingomonas
OMDBv2.0_AA_G_NR100_000160361993	1	1	1	Alteromonas
OMDBv2.0_AA_G_NR100_000229287655	1	1	1	SLM-1
OMDBv2.0_AA_G_NR100_000035923829	1	1	1	CAKZYD01
OMDBv2.0_AA_G_NR100_000051127052	1	1	1	Yoonia
OMDBv2.0_AA_G_NR100_000129166542	1	1	1	JALSRG01
OMDBv2.0_AA_G_NR100_000138481233	1	1	1	Chitiniphilus
OMDBv2.0_AA_G_NR100_000141241454	1	1	1	Caenibius
OMDBv2.0_AA_G_NR100_000149885988	1	1	1	Paracoccus
OMDBv2.0_AA_G_NR100_000151301286	1	1	1	Pseudomaricurvus
OMDBv2.0_AA_G_NR100_000159578369	1	1	1	CAIUPE01
OMDBv2.0_AA_G_NR100_000138008998	1	1	1	Simiduia
OMDBv2.0_AA_G_NR100_000150261657	1	1	1	Lacisediminimonas
OMDBv2.0_AA_G_NR100_000040653897	1	1	1	Unknown JAPHRK01
OMDBv2.0_AA_G_NR100_000041676253	1	1	1	Unknown J153
OMDBv2.0_AA_G_NR100_000137257326	1	1	1	Bacillus_T
OMDBv2.0_AA_G_NR100_000167601064	1	1	1	JAACFB01
OMDBv2.0_AA_G_NR100_000054359155	1	1	1	JBCBWG01
OMDBv2.0_AA_G_NR100_000198786918	1	1	1	Rickettsia
OMDBv2.0_AA_G_NR100_000236108714	1	1	1	Salinisphaera
OMDBv2.0_AA_G_NR100_000010182152	1	1	1	Unknown UBA6503
OMDBv2.0_AA_G_NR100_000040423188	1	1	1	Spongiibacter
OMDBv2.0_AA_G_NR100_000079058681	1	1	1	Aquella
OMDBv2.0_AA_G_NR100_000129834858	1	1	1	JAPOXR01
OMDBv2.0_AA_G_NR100_000148243847	1	1	1	Legionella_B
OMDBv2.0_AA_G_NR100_000151379301	1	1	1	Aquisalimonas
OMDBv2.0_AA_G_NR100_000153155608	1	1	1	Azospira
OMDBv2.0_AA_G_NR100_000161634451	1	1	1	Sneathiella
OMDBv2.0_AA_G_NR100_000227983747	1	1	1	Unknown Hepatobacteraceae
OMDBv2.0_AA_G_NR100_000077362338	1	1	1	Unknown UBA1664
OMDBv2.0_AA_G_NR100_000136435624	1	1	1	Alkalilimnicola
OMDBv2.0_AA_G_NR100_000136477759	1	1	1	Halorhodospira
OMDBv2.0_AA_G_NR100_000145228340	1	1	1	Blastococcus
OMDBv2.0_AA_G_NR100_000153153011	1	1	1	Sphingobium
OMDBv2.0_AA_G_NR100_000191856261	1	1	1	GCA-2683405
OMDBv2.0_AA_G_NR100_000192514166	1	1	1	JAFIFT01
OMDBv2.0_AA_G_NR100_000198698057	1	1	1	Hirschia
OMDBv2.0_AA_G_NR100_000208563409	1	1	1	JABSSC01
OMDBv2.0_AA_G_NR100_000018537443	1	1	1	JABSSF01
OMDBv2.0_AA_G_NR100_000084493116	1	1	1	Tateyamaria
OMDBv2.0_AA_G_NR100_000104052341	1	1	1	Rubrivivax
OMDBv2.0_AA_G_NR100_000132072424	1	1	1	WFHF3C12
OMDBv2.0_AA_G_NR100_000138595736	1	1	1	Curvibacter
OMDBv2.0_AA_G_NR100_000143590914	1	1	1	Pollutimonas
OMDBv2.0_AA_G_NR100_000159790404	1	1	1	JANQNX01
OMDBv2.0_AA_G_NR100_000162227022	1	1	1	Amylibacter
OMDBv2.0_AA_G_NR100_000210682505	1	1	1	Unknown CALFWJ01
OMDBv2.0_AA_G_NR100_000242602602	1	1	1	JANXSS01
OMDBv2.0_AA_G_NR100_000244343521	1	1	1	Marinobacter
OMDBv2.0_AA_G_NR100_000211890276	1	1	1	Nitrosopumilus
OMDBv2.0_AA_G_NR100_000236237120	1	1	1	Moraxella_A
OMDBv2.0_AA_G_NR100_000136538249	1	1	1	Acidiphilium
OMDBv2.0_AA_G_NR100_000245744838	1	1	1	Pelagerythrobacter
OMDBv2.0_AA_G_NR100_000044190011	1	1	1	Unknown Desulfosarcinaceae
OMDBv2.0_AA_G_NR100_000066495832	1	1	1	Georhizobium
OMDBv2.0_AA_G_NR100_000246222110	1	1	1	Unknown UBA3002
OMDBv2.0_AA_G_NR100_000126338441	1	1	1	JADHLJ01
OMDBv2.0_AA_G_NR100_000206437783	1	1	1	Limnobacter
OMDBv2.0_AA_G_NR100_000228398174	1	1	1	Tateyamaria
OMDBv2.0_AA_G_NR100_000247073227	1	1	1	UBA213
OMDBv2.0_AA_G_NR100_000089162238	1	1	1	Casp-alpha2
OMDBv2.0_AA_G_NR100_000217512203	1	1	1	Cupriavidus
OMDBv2.0_AA_G_NR100_000159360744	1	1	1	CAIUPE01
OMDBv2.0_AA_G_NR100_000060060227	1	1	1	JAYZAP01
OMDBv2.0_AA_G_NR100_000104287520	1	1	1	WLXB01
OMDBv2.0_AA_G_NR100_000128039910	1	1	1	UBA3077
OMDBv2.0_AA_G_NR100_000019150082	1	1	1	Unknown Bacteria
OMDBv2.0_AA_G_NR100_000041723799	1	1	1	JAKSBE01
OMDBv2.0_AA_G_NR100_000163877325	1	1	1	Cycloclasticus
OMDBv2.0_AA_G_NR100_000242947202	1	1	1	Zwartia
OMDBv2.0_AA_G_NR100_000203431226	1	1	1	UBA1672
OMDBv2.0_AA_G_NR100_000137257325	1	1	1	Bacillus_T
OMDBv2.0_AA_G_NR100_000201499155	1	1	1	Maricaulis
OMDBv2.0_AA_G_NR100_000035926105	1	1	1	CAKZYD01
OMDBv2.0_AA_G_NR100_000053921908	1	1	1	E44-bin32
OMDBv2.0_AA_G_NR100_000132236774	1	1	1	Bordetella
OMDBv2.0_AA_G_NR100_000145813988	1	1	1	Polynucleobacter
OMDBv2.0_AA_G_NR100_000218174047	1	1	1	Marinobacter
OMDBv2.0_AA_G_NR100_000234061730	1	1	1	Actimicrobium
OMDBv2.0_AA_G_NR100_000072320456	1	1	1	JAAXHV01
OMDBv2.0_AA_G_NR100_000122912579	1	1	1	JAJEBT01
OMDBv2.0_AA_G_NR100_000030281741	1	1	1	Bradyrhizobium
OMDBv2.0_AA_G_NR100_000043937631	1	1	1	JAAEUE01
OMDBv2.0_AA_G_NR100_000170461719	1	1	1	Unknown HK1
OMDBv2.0_AA_G_NR100_000160311310	1	1	1	Unknown JALZUV01
OMDBv2.0_AA_G_NR100_000197859506	1	1	1	JACKII01
OMDBv2.0_AA_G_NR100_000198683837	1	1	1	Oceanospirillum
OMDBv2.0_AA_G_NR100_000126338442	1	1	1	JADHLJ01
OMDBv2.0_AA_G_NR100_000166758912	1	1	1	DATIRA01
OMDBv2.0_AA_G_NR100_000166918165	1	1	1	CALKKN01
OMDBv2.0_AA_G_NR100_000167405913	1	1	1	JARRJC01
OMDBv2.0_AA_G_NR100_000171831388	1	1	1	Microbaculum
OMDBv2.0_AA_G_NR100_000238613507	1	1	1	JACZWL01
OMDBv2.0_AA_G_NR100_000023178445	1	1	1	JASMHE01
OMDBv2.0_AA_G_NR100_000030283549	1	1	1	Bradyrhizobium
OMDBv2.0_AA_G_NR100_000038740829	1	1	1	Acinetobacter
OMDBv2.0_AA_G_NR100_000051879000	1	1	1	Henriciella
OMDBv2.0_AA_G_NR100_000131108804	1	1	1	SZUA-35
OMDBv2.0_AA_G_NR100_000244510797	1	1	1	JAACFB01
OMDBv2.0_AA_G_NR100_000007088861	1	1	1	Unknown CAIRSR01
OMDBv2.0_AA_G_NR100_000080115980	1	1	1	Antarctobacter
OMDBv2.0_AA_G_NR100_000123028058	1	1	1	Unknown JAJDZL01
OMDBv2.0_AA_G_NR100_000127035653	1	1	1	Maricaulis
OMDBv2.0_AA_G_NR100_000041268381	1	1	1	JANQLT01
OMDBv2.0_AA_G_NR100_000201546178	1	1	1	JACKII01
OMDBv2.0_AA_G_NR100_000206438929	1	1	1	Limnobacter
OMDBv2.0_AA_G_NR100_000007365829	1	1	1	Unknown Desulfosarcinaceae
OMDBv2.0_AA_G_NR100_000035925314	1	1	1	CAKZYD01
OMDBv2.0_AA_G_NR100_000139989783	1	1	1	Legionella
OMDBv2.0_AA_G_NR100_000162733486	1	1	1	Ponticaulis
OMDBv2.0_AA_G_NR100_000081699841	1	1	1	Nevskia
OMDBv2.0_AA_G_NR100_000125629440	1	1	1	Qipengyuania
OMDBv2.0_AA_G_NR100_000103666136	1	1	1	FEB-7
OMDBv2.0_AA_G_NR100_000140626554	1	1	1	Limnohabitans_A
OMDBv2.0_AA_G_NR100_000162572447	1	1	1	Pseudomonas_E
OMDBv2.0_AA_G_NR100_000214453564	1	1	1	Unknown Tethybacterales
OMDBv2.0_AA_G_NR100_000229076897	1	1	1	CAJXVA01
OMDBv2.0_AA_G_NR100_000192486246	1	1	1	Heliomarina
OMDBv2.0_AA_G_NR100_000231750175	1	1	1	Vreelandella
OMDBv2.0_AA_G_NR100_000161145433	1	1	1	Porticoccus
OMDBv2.0_AA_G_NR100_000209086844	1	1	1	Henriciella
OMDBv2.0_AA_G_NR100_000244606002	1	1	1	JAACFE01
OMDBv2.0_AA_G_NR100_000009901420	1	1	1	Nitrosotalea
OMDBv2.0_AA_G_NR100_000076490275	1	1	1	Opacimonas
OMDBv2.0_AA_G_NR100_000107675334	1	1	1	Rariloculus
OMDBv2.0_AA_G_NR100_000239636376	1	1	1	Unknown JAPPOO01
OMDBv2.0_AA_G_NR100_000051823415	1	1	1	Cohaesibacter
OMDBv2.0_AA_G_NR100_000088896076	1	1	1	Neorhizobium
OMDBv2.0_AA_G_NR100_000170364450	1	1	1	Unknown HK1
OMDBv2.0_AA_G_NR100_000037271885	1	1	1	Roseovarius
OMDBv2.0_AA_G_NR100_000035592774	1	1	1	UBA7957
OMDBv2.0_AA_G_NR100_000041307343	1	1	1	Unknown CADEGL01
OMDBv2.0_AA_G_NR100_000110588362	1	1	1	Bin65
OMDBv2.0_AA_G_NR100_000138856633	1	1	1	Geminicoccus
OMDBv2.0_AA_G_NR100_000144174298	1	1	1	Rhodopseudomonas
OMDBv2.0_AA_G_NR100_000147471355	1	1	1	Rhodovarius
OMDBv2.0_AA_G_NR100_000004182257	1	1	1	Rubrivivax
OMDBv2.0_AA_G_NR100_000035399300	1	1	1	JABJJH01
OMDBv2.0_AA_G_NR100_000041327165	1	1	1	Desulfobacula
OMDBv2.0_AA_G_NR100_000166322627	1	1	1	DRGT01
OMDBv2.0_AA_G_NR100_000234369556	1	1	1	Unknown JAJNBL01
OMDBv2.0_AA_G_NR100_000000293974	1	1	1	Marinobacter
OMDBv2.0_AA_G_NR100_000233782335	1	1	1	Unknown HK1
OMDBv2.0_AA_G_NR100_000228108271	1	1	1	Aliikangiella
OMDBv2.0_AA_G_NR100_000002741208	1	1	1	Unknown CAJQPC01
OMDBv2.0_AA_G_NR100_000161150908	1	1	1	Sulfitobacter
OMDBv2.0_AA_G_NR100_000243805551	1	1	1	Casp-alpha2
OMDBv2.0_AA_G_NR100_000242767014	1	1	1	Sulfitobacter
OMDBv2.0_AA_G_NR100_000040090926	1	1	1	Nocardioides
OMDBv2.0_AA_G_NR100_000178600093	1	1	1	Unknown UBA796
OMDBv2.0_AA_G_NR100_000162973664	1	1	1	Marinobacter
OMDBv2.0_AA_G_NR100_000220361596	1	1	1	Yoonia
OMDBv2.0_AA_G_NR100_000194731659	1	1	1	GCA-2717185
OMDBv2.0_AA_G_NR100_000167596083	1	1	1	QNFN01
OMDBv2.0_AA_G_NR100_000202688163	1	1	1	Yoonia
OMDBv2.0_AA_G_NR100_000126144743	1	1	1	UBA7359
OMDBv2.0_AA_G_NR100_000201552997	1	1	1	Celeribacter
OMDBv2.0_AA_G_NR100_000101669954	1	1	1	MPNP01
OMDBv2.0_AA_G_NR100_000009526227	1	1	1	SG8-40
OMDBv2.0_AA_G_NR100_000201633255	1	1	1	Ascidiaceihabitans
OMDBv2.0_AA_G_NR100_000228628528	1	1	1	G013214665
OMDBv2.0_AA_G_NR100_000248845561	1	1	1	SPGG2
OMDBv2.0_AA_G_NR100_000197325667	1	1	1	UBA3470
OMDBv2.0_AA_G_NR100_000001806360	1	1	1	JAAESX01
OMDBv2.0_AA_G_NR100_000044256863	1	1	1	Unknown Cyanobacteriales
OMDBv2.0_AA_G_NR100_000058596349	1	1	1	JAPYTK01
OMDBv2.0_AA_G_NR100_000161335885	1	1	1	Unknown GCA-2862545
OMDBv2.0_AA_G_NR100_000195495687	1	1	1	QFOX01
OMDBv2.0_AA_G_NR100_000038345217	1	1	1	Micavibrio
OMDBv2.0_AA_G_NR100_000248090946	1	1	1	B93T1B8
OMDBv2.0_AA_G_NR100_000128038096	1	1	1	UBA1672
OMDBv2.0_AA_G_NR100_000171874788	1	1	1	Aeoliella
OMDBv2.0_AA_G_NR100_000197454345	1	1	1	Roseibium
OMDBv2.0_AA_G_NR100_000231755283	1	1	1	Eutrophovita
OMDBv2.0_AA_G_NR100_000187144393	1	1	1	Marinobacter
OMDBv2.0_AA_G_NR100_000245371524	1	1	1	Azonexus
OMDBv2.0_AA_G_NR100_000033848729	1	1	1	Unknown SXRF01
OMDBv2.0_AA_G_NR100_000248093519	1	1	1	JACZQZ01
OMDBv2.0_AA_G_NR100_000009609918	1	1	1	JAABRB01
OMDBv2.0_AA_G_NR100_000035399302	1	1	1	JABJJH01
OMDBv2.0_AA_G_NR100_000043585977	1	1	1	JAHELT01
OMDBv2.0_AA_G_NR100_000204771041	1	1	1	JACKIG01
OMDBv2.0_AA_G_NR100_000107578341	1	1	1	JAHDDY01
OMDBv2.0_AA_G_NR100_000127976090	1	1	1	NORP23
OMDBv2.0_AA_G_NR100_000041500288	1	1	1	Unknown DC-out160
OMDBv2.0_AA_G_NR100_000248286940	1	1	1	Mesorhizobium
OMDBv2.0_AA_G_NR100_000118058432	1	1	1	Poriferisodalis
OMDBv2.0_AA_G_NR100_000166853277	1	1	1	GCA-001735895
OMDBv2.0_AA_G_NR100_000078957196	1	1	1	JANSWW01
OMDBv2.0_AA_G_NR100_000104663059	1	1	1	JAQCKY01
OMDBv2.0_AA_G_NR100_000118377094	1	1	1	JAAXHV01
OMDBv2.0_AA_G_NR100_000144283186	1	1	1	Pseudomonas_E
OMDBv2.0_AA_G_NR100_000146354731	1	1	1	Paroceanicella
OMDBv2.0_AA_G_NR100_000150155647	1	1	1	Rhodospira
OMDBv2.0_AA_G_NR100_000165987939	1	1	1	JASBSO01
OMDBv2.0_AA_G_NR100_000001742538	1	1	1	Unknown JABHCV01
OMDBv2.0_AA_G_NR100_000024401569	1	1	1	Raskinella
OMDBv2.0_AA_G_NR100_000034920895	1	1	1	Haematospirillum
OMDBv2.0_AA_G_NR100_000043552307	1	1	1	JASJBY01
OMDBv2.0_AA_G_NR100_000069160131	1	1	1	NORP23
OMDBv2.0_AA_G_NR100_000136645866	1	1	1	Sphaerotilus
OMDBv2.0_AA_G_NR100_000137958844	1	1	1	Palleronia
OMDBv2.0_AA_G_NR100_000138545923	1	1	1	Elioraea
OMDBv2.0_AA_G_NR100_000140486314	1	1	1	Filomicrobium
OMDBv2.0_AA_G_NR100_000160561624	1	1	1	JAHQVI01
OMDBv2.0_AA_G_NR100_000198698431	1	1	1	Hirschia
OMDBv2.0_AA_G_NR100_000227819294	1	1	1	Unknown Rhizobiaceae
OMDBv2.0_AA_G_NR100_000068638682	1	1	1	Unknown BM303
OMDBv2.0_AA_G_NR100_000136538085	1	1	1	Acidiphilium
OMDBv2.0_AA_G_NR100_000143263967	1	1	1	Pseudooceanicola
OMDBv2.0_AA_G_NR100_000160562177	1	1	1	JAHQVI01
OMDBv2.0_AA_G_NR100_000174291032	1	1	1	Unknown JAJFHC01
OMDBv2.0_AA_G_NR100_000175217412	1	1	1	Halioxenophilus
OMDBv2.0_AA_G_NR100_000189466037	1	1	1	CAXGMH01
OMDBv2.0_AA_G_NR100_000217512911	1	1	1	Cupriavidus
OMDBv2.0_AA_G_NR100_000236693004	1	1	1	Maricaulis
OMDBv2.0_AA_G_NR100_000007143502	1	1	1	SG8-41
OMDBv2.0_AA_G_NR100_000043543037	1	1	1	Unknown Competibacteraceae
OMDBv2.0_AA_G_NR100_000110377521	1	1	1	JAJDZL01
OMDBv2.0_AA_G_NR100_000139679588	1	1	1	Iodidimonas
OMDBv2.0_AA_G_NR100_000147250738	1	1	1	Undibacterium
OMDBv2.0_AA_G_NR100_000170282471	1	1	1	Unknown UBA6615
OMDBv2.0_AA_G_NR100_000181236604	1	1	1	Rhodocyclus
OMDBv2.0_AA_G_NR100_000182755661	1	1	1	Unknown Rhodobacteraceae
OMDBv2.0_AA_G_NR100_000184467531	1	1	1	UBA1908
OMDBv2.0_AA_G_NR100_000010089856	1	1	1	Unknown Micavibrionaceae
OMDBv2.0_AA_G_NR100_000038584715	1	1	1	Roseovarius
OMDBv2.0_AA_G_NR100_000081982608	1	1	1	Unknown Micavibrionaceae
OMDBv2.0_AA_G_NR100_000144572142	1	1	1	Rhodoblastus
OMDBv2.0_AA_G_NR100_000148046255	1	1	1	Paracraurococcus
OMDBv2.0_AA_G_NR100_000150977224	1	1	1	Aquabacterium
OMDBv2.0_AA_G_NR100_000175066030	1	1	1	JADZAI01
OMDBv2.0_AA_G_NR100_000225874907	1	1	1	Hyphomicrobium_A
OMDBv2.0_AA_G_NR100_000043715851	1	1	1	Unknown HK1
OMDBv2.0_AA_G_NR100_000152789118	1	1	1	Desulfonema
OMDBv2.0_AA_G_NR100_000154303189	1	1	1	Unknown Arenicellales
OMDBv2.0_AA_G_NR100_000189107166	1	1	1	Sphingomonas
OMDBv2.0_AA_G_NR100_000217917829	1	1	1	UBA5336
OMDBv2.0_AA_G_NR100_000034229655	1	1	1	UBA1672
OMDBv2.0_AA_G_NR100_000144568916	1	1	1	Rhodoblastus
OMDBv2.0_AA_G_NR100_000150989524	1	1	1	Microvirga
OMDBv2.0_AA_G_NR100_000181994236	1	1	1	Unknown DSM-21967
OMDBv2.0_AA_G_NR100_000222069737	1	1	1	Unknown JAJFHC01
OMDBv2.0_AA_G_NR100_000226600612	1	1	1	GCA-2402195
OMDBv2.0_AA_G_NR100_000238615900	1	1	1	JAJRYK01
OMDBv2.0_AA_G_NR100_000241771447	1	1	1	SG8-38
OMDBv2.0_AA_G_NR100_000032960383	1	1	1	UBA1672
OMDBv2.0_AA_G_NR100_000144148705	1	1	1	Pseudovibrio
OMDBv2.0_AA_G_NR100_000153778032	1	1	1	Thalassocella
OMDBv2.0_AA_G_NR100_000232563872	1	1	1	Robiginitomaculum
OMDBv2.0_AA_G_NR100_000010976825	1	1	1	Unknown JAHIVH01
OMDBv2.0_AA_G_NR100_000085284872	1	1	1	Salinisphaera
OMDBv2.0_AA_G_NR100_000142227294	1	1	1	Oleiphilus
OMDBv2.0_AA_G_NR100_000147806013	1	1	1	Tropicimonas
OMDBv2.0_AA_G_NR100_000168157179	1	1	1	Unknown DSM-6294
OMDBv2.0_AA_G_NR100_000175247596	1	1	1	Unknown JACAEB01
OMDBv2.0_AA_G_NR100_000229313841	1	1	1	UBA5868
OMDBv2.0_AA_G_NR100_000010123773	1	1	1	WGLT01
OMDBv2.0_AA_G_NR100_000018583115	1	1	1	CAKMZU01
OMDBv2.0_AA_G_NR100_000044067184	1	1	1	Haliangium
OMDBv2.0_AA_G_NR100_000053811528	1	1	1	JANQOC01
OMDBv2.0_AA_G_NR100_000062776783	1	1	1	JACESU01
OMDBv2.0_AA_G_NR100_000147992156	1	1	1	Siculibacillus
OMDBv2.0_AA_G_NR100_000149325393	1	1	1	Roseibium
OMDBv2.0_AA_G_NR100_000191149856	1	1	1	Unknown Parvibaculaceae
OMDBv2.0_AA_G_NR100_000229187807	1	1	1	Unknown Hyphomonadaceae
OMDBv2.0_AA_G_NR100_000246786553	1	1	1	JAUVQU01
OMDBv2.0_AA_G_NR100_000173745498	1	1	1	WLWT01
OMDBv2.0_AA_G_NR100_000009386891	1	1	1	Unknown JAJPIJ01
OMDBv2.0_AA_G_NR100_000043612471	1	1	1	Agarilytica
OMDBv2.0_AA_G_NR100_000043995462	1	1	1	Unknown JABDKV01
OMDBv2.0_AA_G_NR100_000138470226	1	1	1	Neomegalonema
OMDBv2.0_AA_G_NR100_000141603237	1	1	1	Hydrogenophaga
OMDBv2.0_AA_G_NR100_000181370245	1	1	1	JALQTR01
OMDBv2.0_AA_G_NR100_000203952385	1	1	1	Sphaerotilus
OMDBv2.0_AA_G_NR100_000006615139	1	1	1	JASMHE01
OMDBv2.0_AA_G_NR100_000038477858	1	1	1	Thalassobaculum_A
OMDBv2.0_AA_G_NR100_000043890168	1	1	1	JASJDC01
OMDBv2.0_AA_G_NR100_000136732203	1	1	1	Teredinibacter
OMDBv2.0_AA_G_NR100_000137659554	1	1	1	Micavibrio
OMDBv2.0_AA_G_NR100_000145959188	1	1	1	Parvibium
OMDBv2.0_AA_G_NR100_000194939785	1	1	1	UBA3002
OMDBv2.0_AA_G_NR100_000242599985	1	1	1	JANXSS01
OMDBv2.0_AA_G_NR100_000010077711	1	1	1	JAHIVH01
OMDBv2.0_AA_G_NR100_000038344670	1	1	1	Micavibrio
OMDBv2.0_AA_G_NR100_000231214710	1	1	1	Temperatibacter
OMDBv2.0_AA_G_NR100_000234195511	1	1	1	CANLBN01
OMDBv2.0_AA_G_NR100_000043603066	1	1	1	JAUXGQ01
OMDBv2.0_AA_G_NR100_000171830233	1	1	1	Microbaculum
OMDBv2.0_AA_G_NR100_000229499162	1	1	1	Qipengyuania
OMDBv2.0_AA_G_NR100_000109110049	1	1	1	JAJDXW01
OMDBv2.0_AA_G_NR100_000147824442	1	1	1	Qipengyuania_B
OMDBv2.0_AA_G_NR100_000165987170	1	1	1	JASBSO01
OMDBv2.0_AA_G_NR100_000167632461	1	1	1	UBA2965
OMDBv2.0_AA_G_NR100_000236772859	1	1	1	Qipengyuania
OMDBv2.0_AA_G_NR100_000140303996	1	1	1	Serpentinimonas
OMDBv2.0_AA_G_NR100_000153689489	1	1	1	Legionella_A
OMDBv2.0_AA_G_NR100_000080803412	1	1	1	RI-95
OMDBv2.0_AA_G_NR100_000146002846	1	1	1	Altererythrobacter_H
OMDBv2.0_AA_G_NR100_000146504303	1	1	1	Cohaesibacter
OMDBv2.0_AA_G_NR100_000147095450	1	1	1	Haloplanus
OMDBv2.0_AA_G_NR100_000239019334	1	1	1	DAOVVL01
OMDBv2.0_AA_G_NR100_000036761596	1	1	1	EhC02
OMDBv2.0_AA_G_NR100_000129007724	1	1	1	JALUTE01
OMDBv2.0_AA_G_NR100_000160310325	1	1	1	TMED27
OMDBv2.0_AA_G_NR100_000175481872	1	1	1	JAUICS01
OMDBv2.0_AA_G_NR100_000191856153	1	1	1	GCA-2683405
OMDBv2.0_AA_G_NR100_000140487552	1	1	1	Filomicrobium
OMDBv2.0_AA_G_NR100_000144826335	1	1	1	Pannonibacter
OMDBv2.0_AA_G_NR100_000150156340	1	1	1	Rhodospira
OMDBv2.0_AA_G_NR100_000170409810	1	1	1	JBFKGW01
OMDBv2.0_AA_G_NR100_000043542164	1	1	1	Unknown Competibacteraceae
OMDBv2.0_AA_G_NR100_000054111665	1	1	1	JANQQC01
OMDBv2.0_AA_G_NR100_000129106154	1	1	1	JALURZ01
OMDBv2.0_AA_G_NR100_000136378477	1	1	1	Parerythrobacter
OMDBv2.0_AA_G_NR100_000141238528	1	1	1	Caenibius
OMDBv2.0_AA_G_NR100_000153267863	1	1	1	Pseudaquidulcibacter
OMDBv2.0_AA_G_NR100_000198698135	1	1	1	Hirschia
OMDBv2.0_AA_G_NR100_000202531991	1	1	1	Hoeflea_A
OMDBv2.0_AA_G_NR100_000082045959	1	1	1	UBA3002
OMDBv2.0_AA_G_NR100_000139917817	1	1	1	Paracoccus
OMDBv2.0_AA_G_NR100_000217775155	1	1	1	Unknown Micavibrionaceae
OMDBv2.0_AA_G_NR100_000040412252	1	1	1	JAWKXU01
OMDBv2.0_AA_G_NR100_000246101837	1	1	1	BOKV01
OMDBv2.0_AA_G_NR100_000053866420	1	1	1	Unknown HK1
OMDBv2.0_AA_G_NR100_000148049409	1	1	1	Paracraurococcus
OMDBv2.0_AA_G_NR100_000150714389	1	1	1	Novosphingobium
OMDBv2.0_AA_G_NR100_000191847547	1	1	1	Stappia
OMDBv2.0_AA_G_NR100_000234770838	1	1	1	Oceanicella
OMDBv2.0_AA_G_NR100_000006779469	1	1	1	Unknown JANQMY01
OMDBv2.0_AA_G_NR100_000218498552	1	1	1	Unknown VGDZ01
OMDBv2.0_AA_G_NR100_000043819286	1	1	1	Unknown DSM-21967
OMDBv2.0_AA_G_NR100_000069307261	1	1	1	Robiginitomaculum_B
OMDBv2.0_AA_G_NR100_000145405153	1	1	1	Sediminicurvatus
OMDBv2.0_AA_G_NR100_000148112898	1	1	1	Solimicrobium
OMDBv2.0_AA_G_NR100_000151109095	1	1	1	Modicisalibacter
OMDBv2.0_AA_G_NR100_000204754046	1	1	1	Unknown Persebacteraceae
OMDBv2.0_AA_G_NR100_000053821879	1	1	1	Unknown Tethybacterales
OMDBv2.0_AA_G_NR100_000145195155	1	1	1	Fokinia
OMDBv2.0_AA_G_NR100_000159817340	1	1	1	Erythrobacter
OMDBv2.0_AA_G_NR100_000197080829	1	1	1	Xanthobacter
OMDBv2.0_AA_G_NR100_000141217897	1	1	1	Frigidibacter
OMDBv2.0_AA_G_NR100_000146141892	1	1	1	Pseudolabrys
OMDBv2.0_AA_G_NR100_000181228012	1	1	1	Cereibacter_A
OMDBv2.0_AA_G_NR100_000041468837	1	1	1	UBA2767
OMDBv2.0_AA_G_NR100_000153411778	1	1	1	Pseudomonas_E
OMDBv2.0_AA_G_NR100_000041316715	1	1	1	Hoeflea_A
OMDBv2.0_AA_G_NR100_000230466442	1	1	1	Unknown JACOMY01
OMDBv2.0_AA_G_NR100_000054141362	1	1	1	Henriciella
OMDBv2.0_AA_G_NR100_000153427842	1	1	1	Anderseniella
OMDBv2.0_AA_G_NR100_000137305168	1	1	1	Pseudogulbenkiania
OMDBv2.0_AA_G_NR100_000148845898	1	1	1	Chitinivorax
OMDBv2.0_AA_G_NR100_000082013498	1	1	1	Unknown Hyphomonadaceae
OMDBv2.0_AA_G_NR100_000138632383	1	1	1	Hyphomicrobium_B
OMDBv2.0_AA_G_NR100_000227915587	1	1	1	JBDVPM01
OMDBv2.0_AA_G_NR100_000141714758	1	1	1	Sphingorhabdus_B
OMDBv2.0_AA_G_NR100_000043697244	1	1	1	JASJBI01
OMDBv2.0_AA_G_NR100_000099961792	1	1	1	Azophilus
OMDBv2.0_AA_G_NR100_000145792494	1	1	1	Paramagnetospirillum
OMDBv2.0_AA_G_NR100_000170355916	1	1	1	Unknown Kiloniellaceae
OMDBv2.0_AA_G_NR100_000248849335	1	1	1	SMWC01
OMDBv2.0_AA_G_NR100_000068826910	1	1	1	Unknown Micavibrionaceae
OMDBv2.0_AA_G_NR100_000198398755	1	1	1	Ponticaulis
OMDBv2.0_AA_G_NR100_000147482124	1	1	1	Novosphingobium
OMDBv2.0_AA_G_NR100_000051102983	1	1	1	CAKMZR01
OMDBv2.0_AA_G_NR100_000145977986	1	1	1	Alteripontixanthobacter
OMDBv2.0_AA_G_NR100_000229232803	1	1	1	JBGSYN01
OMDBv2.0_AA_G_NR100_000228120751	1	1	1	Alteriqipengyuania_B
OMDBv2.0_AA_G_NR100_000160322648	1	1	1	Unknown VGDZ01
OMDBv2.0_AA_G_NR100_000192649361	1	1	1	JAVJON01
OMDBv2.0_AA_G_NR100_000068826659	1	1	1	Unknown Micavibrionaceae
OMDBv2.0_AA_G_NR100_000246085091	1	1	1	JALEGB01
OMDBv2.0_AA_G_NR100_000140715022	1	1	1	Prosthecodimorpha
OMDBv2.0_AA_G_NR100_000229809481	1	1	1	Croceicoccus
OMDBv2.0_AA_G_NR100_000245261106	1	1	1	Unknown Holosporales
OMDBv2.0_AA_G_NR100_000087873742	1	1	1	SMXP01
OMDBv2.0_AA_G_NR100_000150982165	1	1	1	Novosphingobium
OMDBv2.0_AA_G_NR100_000127346840	1	1	1	WFPA01
OMDBv2.0_AA_G_NR100_000139629716	1	1	1	Caballeronia
OMDBv2.0_AA_G_NR100_000151300408	1	1	1	Pseudomaricurvus
OMDBv2.0_AA_G_NR100_000160265653	1	1	1	Unknown Microscillaceae
OMDBv2.0_AA_G_NR100_000062300434	1	1	1	Unknown DSM-21967
OMDBv2.0_AA_G_NR100_000146060176	1	1	1	Alkalilacustris
OMDBv2.0_AA_G_NR100_000054239999	1	1	1	Erythrobacter
OMDBv2.0_AA_G_NR100_000053685074	1	1	1	Unknown Desulfobacteraceae
OMDBv2.0_AA_G_NR100_000160321401	1	1	1	Unknown VGDZ01
OMDBv2.0_AA_G_NR100_000171751409	1	1	1	JABDMI01
OMDBv2.0_AA_G_NR100_000053242455	1	1	1	JAOZLU01
OMDBv2.0_AA_G_NR100_000132326396	1	1	1	Methylocapsa
OMDBv2.0_AA_G_NR100_000198739132	1	1	1	JBCBJX01
OMDBv2.0_AA_G_NR100_000043896666	1	1	1	Unknown QNYZ01
OMDBv2.0_AA_G_NR100_000131653636	1	1	1	Magnetomorum
OMDBv2.0_AA_G_NR100_000006704183	1	1	1	Desulfosarcina
OMDBv2.0_AA_G_NR100_000220500875	1	1	1	JAJFFW01
OMDBv2.0_AA_G_NR100_000217918966	1	1	1	UBA5336
OMDBv2.0_AA_G_NR100_000246001716	1	1	1	UBA1926
OMDBv2.0_AA_G_NR100_000017073145	1	1	1	Aquabacterium
OMDBv2.0_AA_G_NR100_000245115638	1	1	1	Desulfosarcina
OMDBv2.0_AA_G_NR100_000152789322	1	1	1	Desulfonema
OMDBv2.0_AA_G_NR100_000127713284	1	1	1	JAADEO01
OMDBv2.0_AA_G_NR100_000044256546	1	1	1	Unknown Cyanobacteriales
OMDBv2.0_AA_G_NR100_000062203878	1	1	1	JACKCP01
OMDBv2.0_AA_G_NR100_000009246131	1	1	1	Unknown Desulfosarcinaceae
OMDBv2.0_AA_G_NR100_000043903949	1	1	1	JASJCT01
OMDBv2.0_AA_G_NR100_000139915800	1	1	1	Paracoccus
OMDBv2.0_AA_G_NR100_000044236800	1	1	1	Aestuariivita
OMDBv2.0_AA_G_NR100_000148624698	1	1	1	Phreatobacter
OMDBv2.0_AA_G_NR100_000043609616	1	1	1	Agarilytica
OMDBv2.0_AA_G_NR100_000199179460	1	1	1	Jiella
OMDBv2.0_AA_G_NR100_000105142176	1	1	1	GCA-002401295
OMDBv2.0_AA_G_NR100_000010904420	1	1	1	Unknown JAHIVH01
OMDBv2.0_AA_G_NR100_000041570552	1	1	1	Desulfoluna
OMDBv2.0_AA_G_NR100_000010079242	1	1	1	JAHIVH01
OMDBv2.0_AA_G_NR100_000010904187	1	1	1	Unknown JAHIVH01
OMDBv2.0_AA_G_NR100_000043711722	1	1	1	Unknown HK1
OMDBv2.0_AA_G_NR100_000148203456	1	1	1	Paracoccus
OMDBv2.0_AA_G_NR100_000087619743	1	1	1	Desulfosarcina
OMDBv2.0_AA_G_NR100_000136657679	1	1	1	Desulforapulum
OMDBv2.0_AA_G_NR100_000152683718	1	1	1	Ensifer
OMDBv2.0_AA_G_NR100_000062204555	1	1	1	JACKCP01
OMDBv2.0_AA_G_NR100_000136645456	1	1	1	Sphaerotilus
OMDBv2.0_AA_G_NR100_000141639842	1	1	1	Desulfococcus
OMDBv2.0_AA_G_NR100_000198733946	1	1	1	JAHQVK01
OMDBv2.0_AA_G_NR100_000053515700	1	1	1	JAUCGG01
OMDBv2.0_AA_G_NR100_000053686260	1	1	1	Unknown Desulfobacteraceae
OMDBv2.0_AA_G_NR100_000064559936	1	1	1	JAHJRI01
OMDBv2.0_AA_G_NR100_000038299557	1	1	1	CAMDHY01
OMDBv2.0_AA_G_NR100_000043629105	1	1	1	Desulfopila_A
OMDBv2.0_AA_G_NR100_000087599594	1	1	1	Desulfosarcina
OMDBv2.0_AA_G_NR100_000138291059	1	1	1	Duganella
OMDBv2.0_AA_G_NR100_000136908176	1	1	1	Hyphomicrobium_B
OMDBv2.0_AA_G_NR100_000150169220	1	1	1	Rhabdaerophilum
OMDBv2.0_AA_G_NR100_000040209591	1	1	1	Comamonas_C
OMDBv2.0_AA_G_NR100_000043888671	1	1	1	JASJDC01
OMDBv2.0_AA_G_NR100_000148047393	1	1	1	Paracraurococcus
OMDBv2.0_AA_G_NR100_000138893072	1	1	1	Alcaligenes
OMDBv2.0_AA_G_NR100_000136538256	1	1	1	Acidiphilium
OMDBv2.0_AA_G_NR100_000138857041	1	1	1	Geminicoccus
OMDBv2.0_AA_G_NR100_000043944728	1	1	1	JASJCL01
OMDBv2.0_AA_G_NR100_000138857316	1	1	1	Geminicoccus
OMDBv2.0_AA_G_NR100_000151385974	1	1	1	Falsiroseomonas
OMDBv2.0_AA_G_NR100_000139627730	1	1	1	Caballeronia
OMDBv2.0_AA_G_NR100_000140489347	1	1	1	Filomicrobium
OMDBv2.0_AA_G_NR100_000152408674	1	1	1	Pontivivens
OMDBv2.0_AA_G_NR100_000216965737	1	1	1	Unknown Rhodobacteraceae
OMDBv2.0_AA_G_NR100_000147907133	1	1	1	GCA-004216475
OMDBv2.0_AA_G_NR100_000151478254	1	1	1	Halopseudomonas
OMDBv2.0_AA_G_NR100_000140147083	1	1	1	Cupriavidus
OMDBv2.0_AA_G_NR100_000141962182	1	1	1	Rhodovulum
OMDBv2.0_AA_G_NR100_000149301383	1	1	1	Azoarcus
OMDBv2.0_AA_G_NR100_000222759197	1	1	1	JAKSBE01
OMDBv2.0_AA_G_NR100_000159551303	1	1	1	PALSA-1004
OMDBv2.0_AA_G_NR100_000044202780	1	1	1	Unknown JAKSDN01
OMDBv2.0_AA_G_NR100_000043610156	1	1	1	Agarilytica
OMDBv2.0_AA_G_NR100_000160297384	1	1	1	Unknown UBA2562
OMDBv2.0_AA_G_NR100_000146984391	1	1	1	Desulfonema_B
OMDBv2.0_AA_G_NR100_000147304005	1	1	1	Oharaeibacter
OMDBv2.0_AA_G_NR100_000200185538	1	1	1	Sphingobium
OMDBv2.0_AA_G_NR100_000167512702	1	1	1	JANQNX01
OMDBv2.0_AA_G_NR100_000147290161	1	1	1	Blastochloris
OMDBv2.0_AA_G_NR100_000001941280	1	1	1	UBA5216
OMDBv2.0_AA_G_NR100_000151243122	1	1	1	Pseudomaricurvus
OMDBv2.0_AA_G_NR100_000160561552	1	1	1	JAHQVI01
OMDBv2.0_AA_G_NR100_000144571302	1	1	1	Rhodoblastus
OMDBv2.0_AA_G_NR100_000144084094	1	1	1	Paucibacter_A
OMDBv2.0_AA_G_NR100_000152794876	1	1	1	Desulfonema_C
OMDBv2.0_AA_G_NR100_000147077400	1	1	1	Methylocystis
OMDBv2.0_AA_G_NR100_000006149570	1	1	1	Novosphingobium
OMDBv2.0_AA_G_NR100_000139389725	1	1	1	Luteimonas
OMDBv2.0_AA_G_NR100_000040419056	1	1	1	UBA1479
OMDBv2.0_AA_G_NR100_000152338527	1	1	1	Jeongeupia
OMDBv2.0_AA_G_NR100_000043695546	1	1	1	JASJBI01
OMDBv2.0_AA_G_NR100_000212205817	1	1	1	JAAAPF01
OMDBv2.0_AA_G_NR100_000146239745	1	1	1	Rhodoferax_C
OMDBv2.0_AA_G_NR100_000160323118	1	1	1	Unknown VGDZ01
OMDBv2.0_AA_G_NR100_000198765103	1	1	1	Phaeobacter_A
OMDBv2.0_AA_G_NR100_000140219347	1	1	1	Ruegeria
OMDBv2.0_AA_G_NR100_000035871925	1	1	1	Roseovarius
OMDBv2.0_AA_G_NR100_000051771771	1	1	1	JAHZLG01
OMDBv2.0_AA_G_NR100_000140955751	1	1	1	Ruegeria
OMDBv2.0_AA_G_NR100_000170272311	1	1	1	Unknown JAKSDN01
OMDBv2.0_AA_G_NR100_000144824325	1	1	1	Pannonibacter
OMDBv2.0_AA_G_NR100_000145181138	1	1	1	Polynucleobacter
OMDBv2.0_AA_G_NR100_000230475771	1	1	1	Acuticoccus
OMDBv2.0_AA_G_NR100_000041358354	1	1	1	Unknown Methyloligellaceae
OMDBv2.0_AA_G_NR100_000141781489	1	1	1	Roseomonas
OMDBv2.0_AA_G_NR100_000132276632	1	1	1	DAT-1
OMDBv2.0_AA_G_NR100_000147290762	1	1	1	Blastochloris
OMDBv2.0_AA_G_NR100_000141963763	1	1	1	Rhodovulum
OMDBv2.0_AA_G_NR100_000138479434	1	1	1	Chitiniphilus
OMDBv2.0_AA_G_NR100_000043699589	1	1	1	Unknown CALKHQ01
OMDBv2.0_AA_G_NR100_000145354535	1	1	1	Escherichia
OMDBv2.0_AA_G_NR100_000218500423	1	1	1	Unknown VGDZ01
OMDBv2.0_AA_G_NR100_000152369897	1	1	1	Chromobacterium
OMDBv2.0_AA_G_NR100_000137896495	1	1	1	Rhodoplanes
OMDBv2.0_AA_G_NR100_000142043698	1	1	1	Paracoccus
OMDBv2.0_AA_G_NR100_000173431657	1	1	1	JAGGXR01
OMDBv2.0_AA_G_NR100_000092210724	1	1	1	Chachezhania
OMDBv2.0_AA_G_NR100_000247219649	1	1	1	JACZQZ01
OMDBv2.0_AA_G_NR100_000038393970	1	1	1	Thalassobaculum_A
OMDBv2.0_AA_G_NR100_000104238181	1	1	1	CALGGB01
OMDBv2.0_AA_G_NR100_000180601645	1	1	1	JBFFCR01
OMDBv2.0_AA_G_NR100_000245441063	1	1	1	Unknown Rhodobacteraceae
OMDBv2.0_AA_G_NR100_000172629974	1	1	1	QNFN01
OMDBv2.0_AA_G_NR100_000146802015	1	1	1	Sphingobium
